Brand,Model Name,Model Image,Technology,2G bands,3G bands,4G bands,5G bands,Speed,Announced,Status,Dimensions,Weight,Build,SIM,Type,Size,Resolution,Protection,OS,Chipset,CPU,GPU,Card slot,Internal,,Triple,Features,Video,Triple_1,Features_1,Video_1,Loudspeaker,3.5mm jack,_1,WLAN,Bluetooth,GPS,NFC,Radio,USB,Sensors,Type_1,Charging,Colors,Models,Price,Performance,Display,Camera,Loudspeaker_1,Battery life,256GB 8GB RAM,128GB 8GB RAM,128GB 6GB RAM,_1_1,Single,SAR,128GB 12GB RAM,256GB 12GB RAM,512GB 12GB RAM,Dual,Dual_1,Stand-by,Talk time,Audio quality,64GB 6GB RAM,Single_1,512GB 8GB RAM,Music play,Infrared port,GPRS,EDGE,SAR EU,Browser,Alert types,Keyboard,Phonebook,Call records,Messaging,Games,Java,Stand-by_1,Talk time_1,Clock,Alarm
b'benq',b'BenQ F52',b'https://fdn2.gsmarena.com/vv/bigpic/benq-f52.jpg',b'GSM / HSPA / LTE',b'GSM 850 / 900 / 1800 / 1900',b'HSDPA 850 / 900 / 1900 / 2100',b'LTE 700 / 900 / 1800',,"b'HSPA, LTE Cat4 150/50 Mbps'","b'2015, May. Released 2015, May'",b'Discontinued',b'147 x 74.5 x 9.3 mm (5.79 x 2.93 x 0.37 in)',b'142 g (5.01 oz)',,b'Micro-SIM',b'IPS LCD',"b'5.2 inches, 74.5 cm2 (~68.1% screen-to-body ratio)'","b'1080 x 1920 pixels, 16:9 ratio (~424 ppi density)'",,b'Android 5.0 (Lollipop)',b'Qualcomm MSM8939 Snapdragon 615 (28 nm)',b'Octa-core (4x1.5 GHz Cortex-A53 & 4x1.0 GHz Cortex-A53)',b'Adreno 405',b'microSDXC (dedicated slot)',b'16GB 2GB RAM',b'eMMC 4.5',,"b'LED flash, HDR, panorama'",b'Yes',,b'LED flash',b'',b'Yes',b'Yes',,"b'Wi-Fi 802.11 b/g/n, hotspot'","b'4.0, A2DP'","b'Yes, with A-GPS'",b'Yes',b'No',b'microUSB 2.0',"b'Accelerometer, proximity, compass'","b'Li-Ion 2500 mAh, removable'",,"b'Glam Pink, Chic Gray'",,,,,,,,,,,,"b'13 MP, AF'",,,,,,,b'Up to 580 h (3G)',b'Up to 24 h (3G)',,,b'8 MP',,,,,,,,,,,,,,,,,,
b'benq',b'BenQ B502',b'https://fdn2.gsmarena.com/vv/bigpic/benq-b502.jpg',b'GSM / HSPA',b'GSM 900 / 1800 / 1900 - SIM 1 & SIM 2',b'HSDPA 900 / 2100',,,b'HSPA 21.1/5.76 Mbps',"b'2014, October. Released 2014, October'",b'Discontinued',b'144 x 69.7 x 7 mm (5.67 x 2.74 x 0.28 in)',b'125 g (4.41 oz)',,"b'Dual SIM (Mini-SIM/ Micro-SIM, dual stand-by)'",b'IPS LCD',"b'5.0 inches, 68.9 cm2 (~68.7% screen-to-body ratio)'","b'720 x 1280 pixels, 16:9 ratio (~294 ppi density)'",,b'Android 4.4.2 (KitKat)',b'Mediatek MT6582 (28 nm)',b'Quad-core 1.3 GHz Cortex-A7',b'Mali-400MP2',b'microSDHC',b'16GB 2GB RAM',,,b'LED flash',b'Yes',,,b'',b'Yes',b'Yes',,"b'Wi-Fi 802.11 b/g/n, hotspot'","b'3.0, A2DP'","b'Yes, with A-GPS'",b'No',b'FM radio',b'microUSB 2.0',"b'Accelerometer, proximity'","b'Li-Ion 1800 mAh, non-removable'",,"b'Black, White'",,,,,,,,,,,,"b'13 MP, AF'",,,,,,,b'Up to 430 h (3G)',b'Up to 11 h (3G)',,,b'5 MP',,,,,,,,,,,,,,,,,,
b'benq',b'BenQ T3',b'https://fdn2.gsmarena.com/vv/bigpic/benq-t3.jpg',b'GSM / HSPA / LTE',b'GSM 850 / 900 / 1800 / 1900',b'HSDPA 850 / 900 / 1900 / 2100',"b'3, 7'",,"b'HSPA, LTE Cat4 150/50 Mbps'","b'2014, September. Released 2014, September'",b'Discontinued',b'131.9 x 66.7 x 8.5 mm (5.19 x 2.63 x 0.33 in)',b'128 g (4.52 oz)',,b'Micro-SIM',b'IPS LCD',"b'4.5 inches, 55.8 cm2 (~63.5% screen-to-body ratio)'","b'540 x 960 pixels, 16:9 ratio (~245 ppi density)'",,b'Android 4.4.2 (KitKat)',b'Qualcomm MSM8926 Snapdragon 400 (28 nm)',b'Quad-core 1.2 GHz Cortex-A7',b'Adreno 305',b'microSDXC (dedicated slot)',b'4GB 1GB RAM',b'eMMC 4.5',,"b'LED flash, HDR, panorama'",b'Yes',,,b'',b'Yes',b'Yes',,"b'Wi-Fi 802.11 b/g/n, hotspot'","b'4.0, A2DP'","b'Yes, with A-GPS'",b'No',b'FM radio',b'microUSB 2.0',"b'Accelerometer, gyro, proximity, compass'","b'Li-Ion 1840 mAh, non-removable'",,"b'Black, White, Green'",,b'About 80 EUR',,,,,,,,,,"b'8 MP, AF'",,,,,,,b'Up to 450 h (3G)',b'Up to 15 h (3G)',,,b'VGA',,,,,,,,,,,,,,,,,,
b'benq',b'BenQ F5',b'https://fdn2.gsmarena.com/vv/bigpic/benq-f5.jpg',b'GSM / HSPA / LTE',b'GSM 850 / 900 / 1800 / 1900',b'HSDPA 850 / 900 / 1900 / 2100',"b'3, 7'",,"b'HSPA, LTE Cat4 150/50 Mbps'","b'2014, September. Released 2014, September'",b'Discontinued',b'143 x 72.8 x 8.5 mm (5.63 x 2.87 x 0.33 in)',b'135 g (4.76 oz)',,b'Micro-SIM',b'IPS LCD',"b'5.0 inches, 68.9 cm2 (~66.2% screen-to-body ratio)'","b'720 x 1280 pixels, 16:9 ratio (~294 ppi density)'",,b'Android 4.4.2 (KitKat)',b'Qualcomm MSM8926 Snapdragon 400 (28 nm)',b'Quad-core 1.2 GHz Cortex-A7',b'Adreno 305',b'microSDXC (dedicated slot)',b'16GB 2GB RAM',b'eMMC 4.5',,"b'LED flash, HDR, panorama'",b'Yes',,,b'',b'Yes',b'Yes',,"b'Wi-Fi 802.11 b/g/n, Wi-Fi Direct, DLNA, hotspot'","b'4.0, A2DP'","b'Yes, with A-GPS'",b'Yes',b'FM radio',b'microUSB 2.0',"b'Accelerometer, gyro, proximity, compass'","b'Li-Ion 2520 mAh, non-removable'",,"b'Black, White'",,b'About 100 EUR',,,,,,,,,,"b'13 MP, AF'",,,,,,,b'Up to 550 h (3G)',b'Up to 24 h (3G)',,,b'2 MP',,,,,,,,,,,,,,,,,,
b'benq',b'BenQ F3',b'https://fdn2.gsmarena.com/vv/bigpic/benq-f3.jpg',b'GSM / HSPA',b'GSM 850 / 900 / 1800 / 1900',b'HSDPA 900 / 2100',,,b'HSPA 42.2/11.5 Mbps',"b'2013, November. Released 2013, November'",b'Discontinued',b'131.6 x 66.9 x 8.9 mm (5.18 x 2.63 x 0.35 in)',b'119 g (4.20 oz)',,b'Micro-SIM',b'IPS LCD',"b'4.5 inches, 55.8 cm2 (~63.4% screen-to-body ratio)'","b'540 x 960 pixels, 16:9 ratio (~245 ppi density)'",,b'Android 4.2.2 (Jelly Bean)',b'Mediatek MT6589 (28 nm)',b'Quad-core 1.2 GHz Cortex-A7',b'PowerVR SGX544',b'microSDHC (dedicated slot)',b'4GB 1GB RAM',,,"b'LED flash, HDR, panorama'",b'Yes',,,b'',b'Yes',b'Yes',,"b'Wi-Fi 802.11 b/g/n, Wi-Fi Direct, DLNA, hotspot'",b'Yes',"b'Yes, with A-GPS'",b'No',b'FM radio',b'microUSB 2.0',"b'Accelerometer, gyro, proximity, compass'","b'Li-Ion 2100 mAh, removable'",,"b'White, Red'",,b'About 200 EUR',,,,,,,,,,"b'13 MP, AF'",,,,,,,,,,,b'2 MP',,,,,,,,,,,,,,,,,,
b'benq',b'BenQ A3',b'https://fdn2.gsmarena.com/vv/bigpic/benq-a3.jpg',b'GSM / HSPA',b'GSM 850 / 900 / 1800 / 1900',b'HSDPA 900 / 2100',,,b'HSPA 7.2/5.76 Mbps',"b'2013, November. Released 2013, November'",b'Discontinued',b'133.9 x 66 x 10 mm (5.27 x 2.60 x 0.39 in)',b'135 g (4.76 oz)',,b'Mini-SIM',b'IPS LCD',"b'4.5 inches, 55.8 cm2 (~63.2% screen-to-body ratio)'","b'540 x 960 pixels, 16:9 ratio (~245 ppi density)'",,b'Android 4.1.2 (Jelly Bean)',b'Qualcomm MSM8225Q Snapdragon S4 Play',b'Quad-core 1.2 GHz Cortex-A5',b'Adreno 203',b'microSDHC (dedicated slot)',b'4GB 1GB RAM',,,b'LED flash',b'Yes',,,b'',b'Yes',b'Yes',,"b'Wi-Fi 802.11 b/g/n, Wi-Fi Direct, DLNA, hotspot'",b'Yes',"b'Yes, with A-GPS'",b'No',b'Stereo FM radio',b'microUSB 2.0',"b'Accelerometer, proximity, compass'","b'Li-Ion 2000 mAh, removable'",,"b'Black, White'",,b'About 150 EUR',,,,,,,,,,"b'8 MP, AF'",,,,,,,,,,,b'2 MP',,,,,,,,,,,,,,,,,,
b'benq',b'BenQ E55',b'https://fdn2.gsmarena.com/vv/bigpic/benq-e55.jpg',b'GSM / UMTS',b'GSM 900 / 1800 / 1900',b'UMTS 2100',,,"b'Yes, 384 kbps'","b'2008, July. Released 2008, July'",b'Discontinued',b'94 x 48 x 19 mm (3.70 x 1.89 x 0.75 in)',b'95 g (3.35 oz)',,b'Mini-SIM',"b'TFT, 256K colors'","b'2.0 inches, 12.6 cm2 (~27.9% screen-to-body ratio)'",b'176 x 220 pixels (~141 ppi density)',,,,,,b'microSD (dedicated slot)',b'45MB',"b'Wallpapers Second external 1-inch 65K CSTN display, 96 x 64 pixels'",,,b'Yes',,,b'',b'Yes',b'No',b'MP3/MP4 player Organizer Voice memo',b'No',"b'1.2, A2DP'",b'No',,b'No',b'1.2',b'',b'Removable Li-Ion 900 mAh battery',,"b'Red, Brown'",,,,,,,,,,,,b'2 MP',,,,,,,b'Up to 180 h',b'Up to 2 h 40 min',,,b'VGA videocall camera',,,,,,,b'WAP 2.0/xHTML',"b'Vibration; Downloadable polyphonic, MP3 ringtones'",,b'Yes',b'Yes',"b'SMS, EMS, MMS, Email'",b'Yes',"b'Yes, MIDP 2.0'",,,,
b'benq',b'BenQ C36',b'https://fdn2.gsmarena.com/vv/bigpic/benq-c36.jpg',b'GSM',b'GSM 900 / 1800',,,,,"b'2008, April. Released 2008'",b'Discontinued',b'108 x 47.2 x 14.2 mm (4.25 x 1.86 x 0.56 in)',b'78 g (2.75 oz)',,b'Mini-SIM',"b'TFT, 256K colors'","b'2.0 inches, 12.6 cm2 (~24.7% screen-to-body ratio)'",b'176 x 220 pixels (~141 ppi density)',,,,,,b'microSD (dedicated slot)',,b'No',,,b'Yes',,,,b'Yes',b'No',b'Dedicated music keys',b'No',b'No',b'No',,b'FM radio; scheduled recording',b'1.1',b'',b'Removable Li-Ion 640 mAh battery',,b'Lustrous Blue',,,,,,,,,,,b'Dual loud speakers MP3 player Voice memo Health management E-book reader  Webcam Chat Photo editor',b'1.3 MP',,,,,,,b'Up to 180 h',b'Up to 2 h 40 min',,,,,,,b'Class 12',b'No',,b'WAP 2.0/xHTML',"b'Vibration; Downloadable polyphonic, MP3, AAC, WAV, AMR, MIDI ringtones, composer'",,b'Yes',"b'10 dialed, 10 received, 10 missed calls'","b'SMS, EMS, MMS'",b'Yes',"b'Yes, MIDP 2.0'",,,,
b'benq',b'BenQ E53',b'https://fdn2.gsmarena.com/vv/bigpic/benq-e53.jpg',b'GSM / UMTS',b'GSM 900 / 1800 / 1900',b'UMTS 2100',,,"b'Yes, 384 kbps'","b'2008, March. Released 2008'",b'Discontinued',b'93 x 47 x 17 mm (3.66 x 1.85 x 0.67 in)',b'90 g (3.17 oz)',,b'Mini-SIM',"b'TFT, 256K colors'","b'2.0 inches, 12.6 cm2 (~28.8% screen-to-body ratio)'",b'176 x 220 pixels (~141 ppi density)',,,,,,b'microSD (dedicated slot)',b'45MB',b'Wallpapers Second external 1-inch OLED display',,,b'Yes',,,b'',b'Yes',b'No',b'MP3/MP4 player Voice memo Photo editor',b'No',b'2.0',b'No',,b'No',b'1.2',b'',b'Removable Li-Ion 900 mAh battery',,b'Black',,,,,,,,,,,,b'1.3 MP',,,,,,,,,,,b'Yes',,,,,,,b'WAP 2.0/xHTML',"b'Vibration; Downloadable polyphonic, MP3 ringtones'",,b'Yes',b'Yes',"b'SMS, EMS, MMS, Email'",b'Yes',"b'Yes, MIDP 2.0'",,,,
b'benq',b'BenQ T60',b'https://fdn2.gsmarena.com/vv/bigpic/benq-t60.jpg',b'GSM',b'GSM 900 / 1800',,,,,"b'2008, March. Released 2008'",b'Discontinued',b'109 x 46 x 8.9 mm (4.29 x 1.81 x 0.35 in)',b'80 g (2.82 oz)',,b'Mini-SIM',"b'TFT, 256K colors'","b'2.2 inches, 15.0 cm2 (~29.9% screen-to-body ratio)'","b'240 x 320 pixels, 4:3 ratio (~182 ppi density)'",,,,,,b'microSD (dedicated slot)',b'24MB',b'No',,,b'Yes',,,,b'Yes',b'No',b'MP3/MP4/3GP player Caller Blacklist Photo Artist Voice memo',b'No',"b'1.1, A2DP'",b'No',,b'FM radio; scheduled recording',b'1.2',b'',b'Removable Li-Ion 750 mAh battery',,b'Sleek black',,,,,,,,,,,,b'3.15 MP',,,,,,,b'Up to 180 h',b'Up to 2 h 30 min',,,,,,,b'Class 12',b'No',,b'WAP 2.0/xHTML',"b'Vibration; Downloadable polyphonic, MIDI, MP3 ringtones'",,b'Yes',b'Yes',"b'SMS, MMS, EMS, Email'",b'Yes',"b'Yes, MIDP 2.0'",,,,
b'benq',b'BenQ M7',b'https://fdn2.gsmarena.com/vv/bigpic/benq-m7.gif',b'GSM / UMTS',b'GSM 900 / 1800 / 1900',b'UMTS 2100',,,"b'Yes, 384 kbps'","b'2007, Q4'",b'Cancelled',b'105 x 47.5 x 16.8 mm (4.13 x 1.87 x 0.66 in)',b'93 g (3.28 oz)',,b'Mini-SIM',"b'TFT, 256K colors'","b'2.0 inches, 12.4 cm2 (~24.8% screen-to-body ratio)'","b'240 x 320 pixels, 4:3 ratio (~200 ppi density)'",,,b'Qualcomm 6250A',,,b'microSD',b'50MB',b'MP3/AAC/AAC/eAAC+/XMF player MP4/3GP player Voice memo',,,b'480p',,,b'',b'Yes',b'No',,b'No',b'1.1',"b'Yes, with A-GPS'",,b'No',b'1.1',b'',b'Removable Li-Ion 920 mAh battery',,b'Charcoal with crimson trim',,,,,,,,,,,,b'2 MP',,,,,,,b'Up to 400 h',b'Up to 5 h',,,b'VGA videocall camera',,,,,,,b'WAP 2.0/xHTML',b'Vibration; Downloadable polyphonic ringtones',,b'Yes',b'Yes',"b'SMS, MMS, EMS, Email'",b'Yes',"b'Yes, MIDP 2.0'",,,,
b'benq',b'BenQ E72',b'https://fdn2.gsmarena.com/vv/bigpic/benq-e72.gif',b'GSM',b'GSM 850 / 900 / 1800 / 1900',,,,,"b'2007, August'",b'Discontinued',b'108 x 46 x 13 mm (4.25 x 1.81 x 0.51 in)',b'90 g (3.17 oz)',,b'Mini-SIM',"b'TFT, 65K colors'","b'2.0 inches, 12.4 cm2 (~24.9% screen-to-body ratio)'","b'240 x 320 pixels, 4:3 ratio (~200 ppi density)'",,b'Microsoft Windows Mobile 6.0',b'TI OMAP V1030',b'260 MHz',,b'microSD (dedicated slot)',b'128MB 64MB RAM',b'Wallpapers',,,b'Yes',,,,b'Yes',b'No',b'No',b'Wi-Fi 802.11 b/g',"b'2.0, A2DP'",b'No',,b'No',b'2.0',b'',b'Removable Li-Ion 900 mAh battery',,b'Bright red',,b'About 120 EUR',,,,,,,,,b'MP3/AAC/AAC+/WAV/WMA player MP4/WMV/3GP player Voice memo',b'2 MP',,,,,,,b'Up to 180 h',b'Up to 4 h',,,,,,,b'Class 10',b'Yes',,"b'WAP 2.0/xHTML, HTML, Email, MSN'","b'Vibration; Downloadable polyphonic, MP3, MIDI, Flash ringtones'",,,,,,,,,,
b'benq',b'BenQ C30',b'https://fdn2.gsmarena.com/vv/bigpic/benq-c30.gif',b'GSM',b'GSM 900 / 1800',,,,,"b'2007, September'",b'Cancelled',b'108 x 47.3 x 14.4 mm (4.25 x 1.86 x 0.57 in)',b'77 g (2.72 oz)',,b'Mini-SIM',"b'TFT, 256K colors'","b'1.8 inches, 10.2 cm2 (~20.0% screen-to-body ratio)'",b'128 x 160 pixels (~114 ppi density)',,,,,,b'microSD',,b'Wallpapers',,,b'Yes',,,,b'Yes',b'No',b'No',b'No',b'No',b'No',,b'FM radio',b'1.1',b'',b'Removable Li-Ion 650 mAh battery',,b'Vibrant grey',,,,,,,,,,,"b'E-book reader Health management MP3, AAC, WAV player Voice memo'",b'VGA',,,,,,,b'Up to 250 h',b'Up to 4 h',,,,,,,b'Class 12',b'No',,b'WAP 2.0/xHTML',"b'Vibration; Downloadable polyphonic, MP3, AAC, WAV, AMR, MIDI ringtones'",,b'Yes',"b'10 dialed, 10 received, 10 missed calls'","b'SMS, EMS, MMS'",b'Yes',"b'Yes, MIDP 2.0'",,,,
b'benq',b'BenQ T51',b'https://fdn2.gsmarena.com/vv/bigpic/benq-t51.gif',b'GSM',b'GSM 900 / 1800 / 1900',,,,,"b'2007, August'",b'Cancelled',b'86.4 x 45.3 x 20.8 mm (3.40 x 1.78 x 0.82 in)',b'85.5 g (3.00 oz)',,b'Mini-SIM',"b'TFT, 256K colors'","b'1.8 inches, 10.2 cm2 (~26.1% screen-to-body ratio)'",b'176 x 220 pixels (~157 ppi density)',,,,,,b'microSD',b'23MB',"b'Second external mono OLED display 128 x 32 pixels, 1 inch Wallpapers'",,,b'Yes',,,,b'No',b'No',b'No',b'No',b'1.2',b'No',,b'FM radio',b'1.1',b'',b'Removable Li-Ion 750 mAh battery',,"b'Burnished graphite, Peach essence'",,,,,,,,,,,b'Webcam funciton Predictive text input Stopwatch Organizer',b'2 MP',,,,,,,b'Up to 150 h',b'Up to 3 h 30 min',,,,,,,b'Class 10',b'No',,b'WAP 2.0/xHTML',"b'Vibration; Polyphonic(64), MP3, MIDI, iMelody ringtones'",,b'Yes',"b'10 dialed, 10 received, 10 missed calls'","b'SMS, MMS'",b'Yes',"b'Yes, MIDP 2.0'",,,,
b'benq',b'BenQ T33',b'https://fdn2.gsmarena.com/vv/bigpic/benq-t33.gif',b'GSM',b'GSM 900 / 1800 / 1900',,,,,"b'2007, August'",b'Cancelled',b'92 x 48 x 19 mm (3.62 x 1.89 x 0.75 in)',b'85 g (3.00 oz)',,b'Mini-SIM',"b'TFT, 256K colors'","b'1.8 inches, 10.2 cm2 (~23.1% screen-to-body ratio)'",b'176 x 220 pixels (~157 ppi density)',,,,,,b'microSD',b'23MB',b'Wallpapers',,,b'Yes',,,,b'No',b'No',b'No',b'No',"b'1.2, A2DP'",b'No',,b'FM radio',b'1.1',b'',b'Removable Li-Ion 750 mAh battery',,b'Black Rock',,,,,,,,,,,b'MP3 player Webcam function Predictive text input Stopwatch Organizer',b'2 MP',,,,,,,b'Up to 150 h',b'Up to 3 h 30 min',,,,,,,b'Class 10',b'No',,b'WAP 2.0/xHTML',"b'Vibration; Downloadable polyphonic, MP3, MIDI, Flash ringtones'",,b'Yes',"b'10 dialed, 10 received, 10 missed calls'","b'SMS, MMS'",b'Yes',"b'Yes, MIDP 2.0'",,,,
b'benq',b'BenQ EL71',b'https://fdn2.gsmarena.com/vv/bigpic/benq-el71.gif',b'GSM',b'GSM 900 / 1800 / 1900',,,,,"b'2006, February'",b'Discontinued',b'90 x 46.3 x 16.5 mm (3.54 x 1.82 x 0.65 in)',b'94 g (3.32 oz)',,b'Mini-SIM',"b'TFT, 256K colors'","b'2.0 inches, 30 x 40 mm, 12.4 cm2 (~29.7% screen-to-body ratio)'","b'240 x 320 pixels, 4:3 ratio (~200 ppi density)'",,,,,,b'microSD (dedicated slot)',b'16MB',b'Wallpapers',,b'LED flash',b'Yes',,,,b'No',b'No',b'No',b'No',"b'1.2, A2DP'",b'No',,b'No',b'2.0',b'',b'Removable Li-Ion 570 mAh battery',,b'Vibrant grey',,,,,,,,,,,b'MP3/AAC/WAV player Predictive text input Stopwatch Organizer Voice memo',b'1.3 MP',,,,,,,b'Up to 280 h',b'Up to 4 h',,,,,,,b'Class 10',b'Class 10',,"b'WAP 2.0/xHTML, Email'","b'Vibration; Downloadable polyphonic, MP3 ringtones'",,"b'1000 x 20 fields, Photo call'","b'100 dialed, 100 received, 100 missed calls'","b'SMS, EMS, MMS'",b'Yes',"b'Yes, MIDP 2.0'",,,,
b'benq',b'BenQ M580',b'https://fdn2.gsmarena.com/vv/bigpic/benq-m580.gif',b'GSM',b'GSM 900 / 1800 / 1900',,,,,"b'2006, Q1'",b'Discontinued',b'88 x 44 x 22 mm (3.46 x 1.73 x 0.87 in)',b'95 g (3.35 oz)',,b'Mini-SIM',"b'CSTN, 65K colors'","b'1.8 inches, 29 x 35 mm, 10.2 cm2 (~26.3% screen-to-body ratio)'",b'128 x 160 pixels (~114 ppi density)',,,,,,b'No',b'2MB',b'Second external mono OLED display 96 x 32 pixels Wallpapers',,,b'No',,,,b'No',b'No',b'No',b'No',b'1.2',b'No',,b'No',b'No',b'',b'Removable Li-Ion 870 mAh battery',,"b'Mercury Silver, Ebony Black, Pearl White'",,,,,,,,,,,b'Predictive text input Stopwatch Organizer',b'VGA',,,,,,,b'Up to 155 h',b'Up to 5 h 30 min',,,,,,,b'Class 10',b'No',,b'WAP 2.0/xHTML',b'Polyphonic(40) ringtones',,b'500 entries',"b'10 dialed, 10 received, 10 missed calls'","b'SMS, MMS'",b'2 + downloadable',"b'Yes, MIDP 2.0'",,,,
b'benq',b'BenQ U700',b'https://fdn2.gsmarena.com/vv/bigpic/bqu700.gif',b'GSM',b'GSM 900 / 1800 / 1900',,,,,"b'2005, Q1'",b'Cancelled',b'97 x 46 x 27 mm (3.82 x 1.81 x 1.06 in)',b'135 g (4.76 oz)',,b'Mini-SIM',"b'TFT, 256K colors'",b'',b'176 x 220 pixels',,,,,,b'miniSD',,b'Wallpapers Downloadable pictures',,b'LED flash',b'Yes',,,,b'No',b'No',b'No',b'No',b'No',b'No',,b'No',b'Proprietary',b'',b'Removable Li-Ion 1000 mAh battery',,b'',,,,,,,,,,,b'MP3/MP4 player iTap Photo editor Organizer',b'1.3 MP',,,,,,,b'Up to 200 h',b'Up to 4 h',,,,,,b'Yes',b'Class 10',b'No',,b'WAP 2.0/xHTML',"b'Vibration; Downloadable polyphonic, MP3 ringtones'",,b'500 entries',"b'10 dialed, 10 received, 10 missed calls'","b'SMS, EMS, MMS, EMail'",b'Yes',b'Yes',,,,
b'benq',b'BenQ Z2',b'https://fdn2.gsmarena.com/vv/bigpic/bqz2.gif',b'GSM',b'GSM 900 / 1800 / 1900',,,,,"b'2005, Q1'",b'Discontinued',b'66 x 66 x 20 mm (2.60 x 2.60 x 0.79 in)',b'106 g (3.74 oz)',,b'Mini-SIM',"b'TFT, 256K colors'","b'1.5 inches, 27 x 27 mm, 7.3 cm2 (~16.7% screen-to-body ratio)'","b'128 x 128 pixels, 1:1 ratio (~121 ppi density)'",,,,,,b'miniSD',b'60MB',b'Wallpapers Downloadable pictures',,b'LED flash',b'No',,,,b'Yes',b'No',b'No',b'No',b'No',b'No',,b'FM radio',b'Proprietary',b'',b'Removable Li-Ion 1000 mAh battery',,"b'Vanilla White, Berry Blue, Wasabi Green, Bubblegum Pink'",,,,,,,,,,,b'MP3 player Changeable front and back covers iTap Voice memo Organizer',b'1.3 MP',,,,,,,b'Up to 150 h',b'Up to 5 h',,,,,,,b'Class 10',b'No',,b'WAP 2.0/xHTML',"b'Vibration; Downloadable polyphonic, MP3 ringtones, composer'",,b'500 entries',"b'10 dialed, 10 received, 10 missed calls'","b'SMS, EMS, MMS'",b'Yes',b'Yes',,,,
b'benq',b'BenQ M315',b'https://fdn2.gsmarena.com/vv/bigpic/benq-m315.gif',b'GSM',b'GSM 900 / 1800 / 1900',,,,,"b'2005, Q1'",b'Discontinued',b'102 x 44 x 18 mm (4.02 x 1.73 x 0.71 in)',b'86 g (3.03 oz)',,b'Mini-SIM',"b'CSTN, 65K colors'","b'1.5 inches, 27 x 27 mm, 7.3 cm2 (~16.2% screen-to-body ratio)'","b'128 x 128 pixels, 1:1 ratio (~121 ppi density)'",,,,,,b'No',,b'Wallpapers',,,b'No',,,,b'No',b'No',b'300 SMS messages 20 CIF(352 x 288) photos',b'No',b'1.1',b'No',,b'No',b'Proprietary',b'',b'Removable Li-Ion 760 mAh battery',,b'Express Silver',,,,,,,,,,,b'iTap Stopwatch Organizer',b'CIF',,,,,,,b'Up to 140 h',b'Up to 5 h',,,,,,,b'Class 10',b'No',,b'WAP 2.0/xHTML',"b'Polyphonic(16) - SMAF, iMelody, Midi ringtones'",,b'500 entries',"b'10 dialed, 10 received, 10 missed calls'","b'SMS, MMS'","b'Eda Mouse, Cherry Boy'",b'No',,,,
b'benq',b'BenQ M220',b'https://fdn2.gsmarena.com/vv/bigpic/benq-m220.gif',b'GSM',b'GSM 900 / 1800 / 1900',,,,,"b'2005, Q1'",b'Discontinued',b'102 x 44 x 18 mm (4.02 x 1.73 x 0.71 in)',b'86 g (3.03 oz)',,b'Mini-SIM',"b'CSTN, 65K colors'","b'1.5 inches, 27 x 27 mm, 7.3 cm2 (~16.2% screen-to-body ratio)'","b'128 x 128 pixels, 1:1 ratio (~121 ppi density)'",,,,,,b'No',,b'Wallpapers',,,,,,,b'No',b'No',b'300 SMS messages',b'No',b'No',b'No',,b'FM radio',b'Proprietary',b'',b'Removable Li-Ion 760 mAh battery',,"b'Cool Silver, Stark White, Crystal Black'",,,,,,,,,,,b'iTap Stopwatch Organizer',,,,,,,,b'Up to 140 h',b'Up to 5 h',,,,,,,b'Class 10',b'No',,b'WAP 2.0/xHTML',"b'Vibration; Polyphonic(16) - SMAF, iMelody, Midi ringtones'",,b'500 entries',"b'10 dialed, 10 received, 10 missed calls'","b'SMS, EMS, MMS'","b'Eda Mouse, Cherry Boy'",b'No',,,,
b'benq',b'BenQ S80',b'https://fdn2.gsmarena.com/vv/bigpic/bqs80.gif',b'GSM / UMTS',b'GSM 900 / 1800',b'UMTS 2100',,,"b'Yes, 384 kbps'","b'2005, Q1'",b'Discontinued',b'90 x 45 x 24 mm (3.54 x 1.77 x 0.94 in)',b'110 g (3.88 oz)',,b'Mini-SIM',"b'TFT, 256K colors'","b'2.0 inches, 31 x 39 mm, 12.6 cm2 (~31.1% screen-to-body ratio)'",b'176 x 220 pixels (~141 ppi density)',,,,,,b'miniSD',b'10MB',"b'Second CSTN display (96 x 64 pixels), 65K colors Wallpapers Downloadable pictures'",,b'LED flash',b'Yes',,,,b'No',b'No',b'CIF videocall camera',b'No',b'1.1',b'No',,b'No',b'Proprietary',b'',b'Removable Li-Ion 840 mAh battery',,"b'Red, Black'",,,,,,,,,,,b'MP3/MP4 player iTap Organizer',b'1.3 MP',,,,,,,b'Up to 300 h',b'Up to 4 h',,,,,,b'Yes',,,,b'WAP 2.0/xHTML',"b'Vibration; Downloadable polyphonic, MP3 ringtones'",,"b'500 entries, Photo call'","b'10 dialed, 10 received, 10 missed calls'","b'SMS, MMS'",b'Yes',"b'Yes, MIDP 2.0'",,,,
b'benq',b'BenQ A520',b'https://fdn2.gsmarena.com/vv/bigpic/bqa520.gif',b'GSM',b'GSM 900 / 1800 / 1900',,,,,"b'2005, Q1'",b'Discontinued',b'82.5 x 44.8 x 22.6 mm (3.25 x 1.76 x 0.89 in)',b'96 g (3.39 oz)',,b'Mini-SIM',"b'OLED, 65K colors'","b'1.5 inches, 27 x 27 mm, 7.3 cm2 (~19.6% screen-to-body ratio)'","b'128 x 128 pixels, 1:1 ratio (~121 ppi density)'",,,,,,b'No',b'2MB',"b'Second external OLED, 65K colors display (96 x 39 pixels) Wallpapers Downloadable pictures'",,,b'No',,,,b'No',b'No',b'No',b'No',b'No',b'No',,b'No',b'Proprietary',b'',b'Removable Li-Ion 700 mAh battery',,"b'Black, White'",,,,,,,,,,,b'Webcamera function iTap Photo editor Organizer',b'VGA',,,,,,,b'Up to 120 h',b'Up to 3 h',,,,,,,b'Class 10',b'No',,b'WAP 2.0/xHTML',"b'Vibration; Downloadable polyphonic ringtones, composer'",,b'500 entries',"b'10 dialed, 10 received, 10 missed calls'","b'SMS, EMS, MMS'",b'Yes',"b'Yes, MIDP 1.0'",,,,
b'benq',b'BenQ M350',b'https://fdn2.gsmarena.com/vv/bigpic/benq-m350.gif',b'GSM',b'GSM 900 / 1800 / 1900',,,,,"b'2005, Q2'",b'Discontinued',b'83 x 45 x 23 mm (3.27 x 1.77 x 0.91 in)',b'85 g (3.00 oz)',,b'Mini-SIM',"b'CSTN, 65K colors'","b'1.5 inches, 27 x 27 mm, 7.3 cm2 (~19.4% screen-to-body ratio)'","b'128 x 128 pixels, 1:1 ratio (~121 ppi density)'",,,,,,b'No',,"b'Second external STN, 65K colors display (96 x 32 pixels)'",,,b'Yes',,,,b'No',b'No',b'No',b'No',b'No',b'No',,b'No',b'Proprietary',b'',b'Removable Li-Ion 740 mAh battery',,"b'Black, White'",,,,,,,,,,,b'iTap Photo editor Organizer',b'CIF',,,,,,,b'Up to 200 h',b'Up to 5 h',,,,,,,b'Yes',b'No',,b'WAP 2.0/xHTML',b'Vibration; Polyphonic(16) ringtones',,"b'500 entries, Photo call'","b'10 dialed, 10 received, 10 missed calls'","b'SMS, EMS, MMS'",b'Yes',b'Yes',,,,
b'benq',b'BenQ A500',b'https://fdn2.gsmarena.com/vv/bigpic/bqa500.gif',b'GSM',b'GSM 900 / 1800 / 1900',,,,,"b'2004, Q4'",b'Discontinued',b'83.5 x 45 x 23.1 mm (3.29 x 1.77 x 0.91 in)',b'98 g (3.46 oz)',,b'Mini-SIM',"b'TFT, 256K colors'","b'1.9 inches, 30 x 37 mm, 11.4 cm2 (~30.2% screen-to-body ratio)'",b'128 x 160 pixels (~108 ppi density)',,,,,,b'No',b'20MB',"b'Second external CSTN display, 4096 colors Wallpapers, themes Downloadable pictures'",,,b'Yes',,,,b'No',b'No',b'1000 short messages',b'No',b'No',b'No',,b'No',b'',b'',b'Removable Li-Ion 700 mAh battery',,"b'3 - Electric Blue, Cool Pink, Funky Gold'",,,,,,,,,,,b'Predictive text input Media viewer Organizer',b'VGA',,,,,,,b'Up to 180 h',b'Up to 3 h',,,,,,b'Yes',b'Class 10',b'No',,b'WAP 2.0/xHTML',"b'Vibration; Downloadable polyphonic ringtones, composer'",,"b'500 x 8 fields, Photo call'","b'30 dialed, 30 received, 30 missed calls'","b'SMS, EMS, MMS'",b'3 + 2 pre-loaded Java games + downloadable',b'Yes',,,,
b'benq',b'BenQ S680C',b'https://fdn2.gsmarena.com/vv/bigpic/bqs680c.gif',b'GSM',b'GSM 900 / 1800 / 1900',,,,,"b'2004, Q3'",b'Discontinued',b'81 x 44 x 22 mm (3.19 x 1.73 x 0.87 in)',b'80 g (2.82 oz)',,b'Mini-SIM',"b'CSTN, 65K colors'","b'1.5 inches, 27 x 27 mm, 7.3 cm2 (~20.4% screen-to-body ratio)'","b'128 x 128 pixels, 1:1 ratio (~121 ppi density)'",,,,,,b'No',,b'Second external OLED display 96 x 39 pixels Wallpapers Downloadable pictures',,,b'No',,,,b'No',b'No',b'No',b'No',b'No',b'No',,b'No',b'',b'',b'Removable Li-Ion battery',,b'',,,,,,,,,,,b'Predictive text input Organizer',b'VGA',,,,,,,b'Up to 100 h',b'Up to 3 h',,,,,,,b'Class 10',b'No',,b'WAP 2.0/xHTML',b'Vibration; Downloadable polyphonic ringtones',,b'500',"b'10 dialed, 10 received, 10 missed calls'","b'SMS, MMS'",b'Yes + downloadable',"b'Yes, MIDP 1.0'",,,,
b'benq',b'BenQ P50',b'https://fdn2.gsmarena.com/vv/bigpic/bqp50.gif',b'GSM',b'GSM 850 / 900 / 1800 / 1900',,,,,"b'2004, Q1'",b'Discontinued',b'122 x 60 x 20 mm (4.80 x 2.36 x 0.79 in)',b'170 g (6.00 oz)',,b'Mini-SIM',"b'TFT resistive touchscreen, 65K colors'","b'2.8 inches, 42 x 57 mm, 24.3 cm2 (~33.2% screen-to-body ratio)'","b'240 x 320 pixels, 4:3 ratio (~143 ppi density)'",,b'Microsoft Windows PocketPC 2003 Phone edition',,b'Intel PXA272 416 MHz',,"b'MMC/SDIO, up to 2 GB'","b'64MB RAM, 64MB ROM'",b'Wallpapers Downloadable pictures',,,b'Yes',,,,b'Yes',b'No',b'',b'Wi-Fi 802.11b',b'1.1',b'No',,b'No',b'Proprietary',b'',b'Removable Li-Ion 1240 mAh battery',,b'',,,,,,,,,,,b'MP3/MP4 player Handwriting recognition Pocket Office  Voice command',b'1.3 MP',,,,,,,b'Up to 120 h',b'Up to 4 h',,,,,,b'Yes',b'Class 10',b'No',,"b'WAP 2.0/xHTML, HTML'","b'Vibration; Downloadable polyphonic, MP3 ringtones'",b'QWERTY',,,,,,,,,
b'benq',b'BenQ P31',b'https://fdn2.gsmarena.com/vv/bigpic/bqp31.gif',b'GSM',b'GSM 900 / 1800 / 1900',,,,,"b'2004, Q1'",b'Discontinued',b'118 x 52 x 17 mm (4.65 x 2.05 x 0.67 in)',b'150 g (5.29 oz)',,b'Mini-SIM',"b'TFT resistive touchscreen, 65K colors'",b'',"b'208 x 320 pixels, 3:2 ratio'",,"b'Symbian 7.0, UIQ v2.1 UI'",b'TI OMAP V1030',b'144 MHz',,b'SD/MMC',,b'Wallpapers Downloadable pictures',,,b'Yes',,,,b'Yes',b'No',b'No',b'No',b'1.1',b'No',,b'No',b'Proprietary',b'',b'Removable Li-Ion battery',,b'',,,,,,,,,,,b'MP3/MP4 player Handwriting recognition iTap',b'1.3 MP',,,,,,,b'Up to 120 h',b'Up to 5 h',,,,,,b'Yes',b'Class 10',b'No',,b'WAP 2.0/xHTML',b'Vibration; Downloadable polyphonic ringtones',,,,,,,,,,
b'benq',b'BenQ P30',b'https://fdn2.gsmarena.com/vv/bigpic/bqp30.gif',b'GSM',b'GSM 900 / 1800 / 1900',,,,,"b'2004, Q1'",b'Discontinued',b'118 x 52 x 17 mm (4.65 x 2.05 x 0.67 in)',b'150 g (5.29 oz)',,b'Mini-SIM',"b'TFT resistive touchscreen, 256K colors'","b'2.6 inches, 36 x 55 mm, 19.9 cm2 (~32.5% screen-to-body ratio)'","b'208 x 320 pixels, 3:2 ratio (~147 ppi density)'",,"b'Symbian 7.0, UIQ v2.1 UI'",b'TI OMAP V1030',b'144 MHz',,b'SD/MMC',,b'Wallpapers Downloadable pictures',,,b'Yes',,,,b'Yes',b'No',b'No',b'No',b'1.1',b'No',,b'No',b'Proprietary',b'',b'Removable Li-Ion battery',,b'',,,,,,,,,,,b'MP3/MP4 player Handwriting recognition iTap',b'VGA',,,,,,,b'Up to 120 h',b'Up to 5 h',,,,,,b'Yes',b'Class 10',b'No',,"b'WAP 2.0/xHTML, HTML (Opera)'",b'Vibration; Downloadable polyphonic ringtones',,,,,,,,,,
b'benq',b'BenQ S700',b'https://fdn2.gsmarena.com/vv/bigpic/bqs700.gif',b'GSM',b'GSM 900 / 1800 / 1900',,,,,"b'2004, Q1'",b'Discontinued',b'82 x 41 x 21 mm (3.23 x 1.61 x 0.83 in)',b'90 g (3.17 oz)',,b'Mini-SIM',"b'TFT, 256K colors'","b'1.8 inches, 29 x 35 mm, 10.2 cm2 (~30.3% screen-to-body ratio)'",b'128 x 160 pixels (~114 ppi density)',,,,,,b'miniSD',b'15MB',"b'Second CSTN display (96 x 64 pixels), 4096 colors Animated wallpapers Downloadable pictures'",,b'LED flash',b'Yes',,,,b'Yes',b'No',b'No',b'No',b'No',b'No',,b'No',b'Proprietary',b'',b'Removable Li-Ion battery',,"b'3 - Mysterious Black, Classic Silver, Progressive Blue'",,,,,,,,,,,b'MP3/MP4 player Predictive text input Organizer',b'1.3 MP',,,,,,,b'Up to 100 h',b'Up to 3 h',,,,,,b'Yes',b'Class 10',b'No',,b'WAP 2.0/xHTML',"b'Vibration; Downloadable polyphonic ringtones, composer'",,"b'500 entries, Photo call'","b'30 dialed, 30 received, 30 missed calls'","b'SMS, EMS, MMS'",b'4 + downloadable',"b'Yes, MIDP 2.0'",,,,
b'benq',b'BenQ M300',b'https://fdn2.gsmarena.com/vv/bigpic/bqm300.gif',b'GSM',b'GSM 900 / 1800 / 1900',,,,,"b'2004, Q1'",b'Discontinued',b'102 x 44 x 18 mm (4.02 x 1.73 x 0.71 in)',b'86 g (3.03 oz)',,b'Mini-SIM',"b'CSTN, 65K colors'","b'1.5 inches, 27 x 27 mm, 7.3 cm2 (~16.2% screen-to-body ratio)'","b'128 x 128 pixels, 1:1 ratio (~121 ppi density)'",,,,,,b'No',,b'Wallpapers Downloadable pictures',,,b'No',,,,b'No',b'No',b'No',b'No',b'No',b'No',,b'No',b'',b'',b'Removable Li-Ion 760 mAh battery',,b'Arctic White',,,,,,,,,,,b'iTap Stopwatch Organizer Exchangeable covers',b'CIF',,,,,,,b'Up to 230 h',b'Up to 5 h',,,,,,,b'Class 10',b'No',,b'WAP 2.0/xHTML',"b'Vibration; Downloadable polyphonic - SMAF, iMelody, Midi ringtones'",,b'500',"b'10 dialed, 10 received, 10 missed calls'","b'SMS, EMS, MMS'","b'Eda Mouse, Cherry Boy'",b'No',,,,
b'benq',b'BenQ M100',b'https://fdn2.gsmarena.com/vv/bigpic/bqm100.gif',b'GSM',b'GSM 900 / 1800 / 1900',,,,,"b'2004, Q1'",b'Discontinued',b'102 x 44 x 18 mm (4.02 x 1.73 x 0.71 in)',b'86 g (3.03 oz)',,b'Mini-SIM',"b'CSTN, 65K colors'","b'1.5 inches, 27 x 27 mm, 7.3 cm2 (~16.2% screen-to-body ratio)'","b'128 x 128 pixels, 1:1 ratio (~121 ppi density)'",,,,,,b'No',,b'Wallpapers Downloadable pictures',,,,,,,b'No',b'No',b'No',b'No',b'No',b'No',,b'No',b'',b'',b'Removable Li-Ion 760 mAh battery',,"b'White, Dark blue, Claret, Gray'",,,,,,,,,,,b'iTap Organizer Exchangeable covers',,,,,,,,b'Up to 120 h',b'Up to 3 h',,,,,,,b'No',b'No',,b'',b'Vibration; Downloadable polyphonic ringtones',,b'500',"b'30 received, dialed and missed calls'",b'SMS',"b'3 - Box World, Mini Mouse, Cherry Boy'",b'No',,,,
b'benq',b'BenQ S670C',b'https://fdn2.gsmarena.com/vv/bigpic/bqs670c.gif',b'GSM',b'GSM 900 / 1800 / 1900',,,,,"b'2004, Q1'",b'Discontinued',b'81 x 44 x 22 mm (3.19 x 1.73 x 0.87 in)',b'80 g (2.82 oz)',,b'Mini-SIM',"b'CSTN, 65K colors'","b'1.5 inches, 27 x 27 mm, 7.3 cm2 (~20.4% screen-to-body ratio)'","b'128 x 128 pixels, 1:1 ratio (~121 ppi density)'",,,,,,b'No',,b'Second external OLED display 96 x 39 pixels Wallpapers Downloadable pictures',,,b'No',,,,b'No',b'No',b'300KB memory for Java applications',b'No',b'No',b'No',,b'No',b'',b'',b'Removable Li-Ion battery',,"b'2 - Genie silver, Party blue'",,,,,,,,,,,b'iTap Organizer Voice memo Voice dial',b'VGA',,,,,,,b'Up to 100 h',b'Up to 3 h',,,,,,,b'Class 10',b'No',,b'WAP 2.0/xHTML',"b'Vibration; Downloadable polyphonic ringtones, composer'",,b'500 entries',"b'10 dialed, 10 received, 10 missed calls'","b'SMS, EMS, MMS'",b'Yes',"b'Yes, MIDP 1.0'",,,,
b'benq',b'BenQ S660C',b'https://fdn2.gsmarena.com/vv/bigpic/bqs660c.gif',b'GSM',b'GSM 900 / 1800 / 1900',,,,,"b'2004, Q1'",b'Discontinued',b'81 x 44 x 21 mm (3.19 x 1.73 x 0.83 in)',b'75 g (2.65 oz)',,b'Mini-SIM',"b'TFT, 65K colors'","b'1.5 inches, 27 x 27 mm, 7.3 cm2 (~20.4% screen-to-body ratio)'","b'128 x 128 pixels, 1:1 ratio (~121 ppi density)'",,,,,,b'No',,b'Second external OLED display 96 x 39 pixels Wallpapers Downloadable pictures',,,,,,,b'No',b'No',b'No',b'No',b'No',b'No',,b'No',b'',b'',b'Removable Li-Ion battery',,"b'3 - Light White, Sky Silver, Horizon Purple'",,,,,,,,,,,b'iTap Voice memo Organizer',,,,,,,,b'Up to 100 h',b'Up to 3 h',,,,,,,b'Class 6',b'No',,b'WAP 2.0/xHTML',"b'Vibration; Downloadable polyphonic ringtones, composer'",,b'500 entries',"b'10 dialed, 10 received, 10 missed calls'","b'SMS, EMS'","b'2 - Champion Soccer, Dragon Fight'","b'Yes, MIDP 1.0'",,,,
b'benq',b'BenQ M775C',b'https://fdn2.gsmarena.com/vv/bigpic/bqm775c.gif',b'GSM',b'GSM 900 / 1800',,,,,"b'2003, Q1'",b'Discontinued',b'99 x 42 x 15 mm (3.90 x 1.65 x 0.59 in)',b'85 g (3.00 oz)',,b'Mini-SIM',"b'CSTN, 4096 colors'",b'',"b'98 x 64 pixels, 3:2 ratio'",,,,,,b'No',,b'Downloadable pictures',,,,,,,b'No',b'No',b'No',b'No',b'No',b'No',,b'No',b'',b'',b'Removable Li-Ion battery',,b'',,,,,,,,,,,b'iTap Organizer Synchronization',,,,,,,,b'Up to 150 h',b'Up to 3 h',,,,,,,b'Class 10',b'No',,b'WAP 1.2.1',"b'Vibration; Downloadable polyphonic ringtones, composer'",,b'Yes',"b'10 dialed, 10 received, 10 missed calls'","b'SMS, EMS'",b'Yes',b'No',,,,
