Brand,Model Name,Model Image,Technology,2G bands,3G bands,4G bands,Speed,Announced,Status,Dimensions,Weight,SIM,Type,Size,Resolution,OS,Chipset,CPU,GPU,Card slot,Internal,Single,Features,Video,Single_1,Video_1,Loudspeaker,3.5mm jack,WLAN,Bluetooth,GPS,NFC,Radio,USB,Sensors,Type_1,Charging,Colors,Dual,Price,,Triple,Stand-by,Talk time,Features_1,Protection,_1,_1_1,Models,Build,GPRS,EDGE,Phonebook,Call records,Messaging,Games,Java,Dual_1,Music play,Infrared port,Keyboard,Browser,Alert types,Clock,Alarm,SAR EU,SAR,Stand-by_1,Talk time_1,128GB 6GB RAM,Languages,Quad,5G bands,Camera,Loudspeaker_1,Audio quality,Battery life,Performance,Display
b'gionee',b'Gionee K30 Pro',b'https://fdn2.gsmarena.com/vv/bigpic/gionee-k30-pro.jpg',b'GSM / HSPA / LTE',b'GSM 850 / 900 / 1800 / 1900 - SIM 1 & SIM 2',b'HSDPA 850 / 900 / 2100',b'LTE (unspecified)',"b'HSPA 42.2/5.76 Mbps, LTE'","b'2020, December 08'","b'Available. Released 2020, December'",b'165 x 76 x 8 mm (6.50 x 2.99 x 0.31 in)',b'165 g (5.82 oz)',"b'Dual SIM (Nano-SIM, dual stand-by)'",b'LTPS IPS LCD',"b'6.53 inches, 104.7 cm2 (~83.5% screen-to-body ratio)'","b'720 x 1560 pixels, 19.5:9 ratio (~263 ppi density)'",b'Android',b'Mediatek',b'Octa-core 2.0 GHz',,b'microSDXC',"b'128GB 6GB RAM, 128GB 8GB RAM, 256GB 8GB RAM'",b'8 MP',"b'LED flash, HDR, panorama'",b'1080p@30fps',,b'1080p@30fps',b'Yes',b'Yes',"b'Wi-Fi 802.11 b/g/n, hotspot'",b'Yes',"b'Yes, with A-GPS'",b'No',b'FM radio',"b'USB Type-C 2.0, USB On-The-Go'","b'Fingerprint (rear-mounted), accelerometer, proximity'","b'Li-Po 4000 mAh, non-removable'",b'Fast charging 20W',"b'Black, Blue, White'",,b'About 100 EUR',b'eMMC 5.1',"b'16 MP, f/1.8, (wide), PDAF 5 MP, 120\xcb\x9a (ultrawide) 2 MP, (depth)'",,,,,b'24-bit/192kHz audio',,b'GSE1020',"b'Glass front, plastic frame, glass back'",,,,,,,,,,,,,,,,,,,,,,,,,,,,,
b'gionee',b'Gionee P12',b'https://fdn2.gsmarena.com/vv/bigpic/gionee-p12.jpg',b'GSM / HSPA / LTE',b'GSM 850 / 900 / 1800 / 1900 - SIM 1 & SIM 2',b'HSDPA 900 / 1900',"b'1, 3, 7, 8, 20, 28, 40'","b'HSPA 42.2/11.5 Mbps, LTE Cat4 150/50 Mbps'","b'2020, November 09'","b'Available. Released 2020, November 09'",b'156.1 x 73.7 x 9.7 mm (6.15 x 2.90 x 0.38 in)',b'178 g (6.28 oz)',"b'Dual SIM (Nano-SIM, dual stand-by)'",b'IPS LCD',"b'6.1 inches, 89.8 cm2 (~78.1% screen-to-body ratio)'","b'720 x 1600 pixels, 20:9 ratio (~288 ppi density)'",b'Android 10',b'Mediatek MT6761 Helio A20 (12 nm)',b'Quad-core 1.8 GHz Cortex-A53',b'PowerVR GE8320',b'microSDXC',b'16GB 2GB RAM',b'5 MP',"b'LED flash, HDR, panorama'",b'1080p@30fps',,b'1080p@30fps',b'Yes',b'Yes',"b'Wi-Fi 802.11 a/b/g/n/ac, dual-band, hotspot'","b'5.0, A2DP, LE'","b'Yes, with A-GPS'",b'No',b'FM radio',"b'microUSB 2.0, USB On-The-Go'","b'Fingerprint (rear-mounted), accelerometer, proximity'","b'Li-Ion 3200 mAh, non-removable'",,"b'Black, Purple'",,b'About 80 EUR',b'eMMC 5.1',"b'13 MP, (wide), AF 0.3 MP, (ultrawide) 0.3 MP, (depth)'",,,,,,,,"b'Glass front, plastic frame, glass back'",,,,,,,,,,,,,,,,,,,,,,,,,,,,,
b'gionee',b'Gionee M12',b'https://fdn2.gsmarena.com/vv/bigpic/gionee-m12-.jpg',b'GSM / HSPA / LTE',b'GSM 850 / 900 / 1800 / 1900 - SIM 1 & SIM 2',b'HSDPA 900 / 1900',"b'1, 2, 3, 5, 7, 8, 20, 28, 40'","b'HSPA 42.2/11.5 Mbps, LTE Cat4 150/50 Mbps'","b'2020, November 16'","b'Available. Released 2020, November 16'",b'163.9 x 76.8 x 9.3 mm (6.45 x 3.02 x 0.37 in)',b'196 g (6.91 oz)',"b'Dual SIM (Nano-SIM, dual stand-by)'",b'IPS LCD',"b'6.55 inches, 103.6 cm2 (~82.3% screen-to-body ratio)'","b'720 x 1600 pixels, 20:9 ratio (~268 ppi density)'",b'Android 10',b'MediaTek Helio A25 (12 nm) - model 1Mediatek MT6762 Helio P22 (12 nm) - model 2',b'Octa-core (4x1.8 GHz Cortex-A53 & 4x1.5 GHz Cortex-A53) - model 1Octa-core 2.0 GHz Cortex-A53 - model 2',b'PowerVR GE8320',b'microSDXC',"b'64GB 4GB RAM, 128GB 6GB RAM'",b'16 MP',"b'LED flash, HDR, panorama'",b'1080p@30fps',,b'1080p@30fps',b'Yes',b'Yes',"b'Wi-Fi 802.11 a/b/g/n, dual-band, hotspot'","b'5.0, A2DP'","b'Yes, with A-GPS'",b'No',b'FM radio',"b'USB Type-C 2.0, USB On-The-Go'","b'Fingerprint (rear-mounted), accelerometer, proximity'","b'Li-Po 5100 mAh, non-removable'",,"b'Magic Green, Dazzling Black'",,b'About 150 EUR',b'eMMC 5.1',,,,,,,,,"b'Glass front, plastic frame, plastic back'",,,,,,,,,,,,,,,,,,,,,,"b'48 MP, f/1.8, (wide), PDAF 5 MP, f/2.2, 115\xcb\x9a, (ultrawide) 2 MP (depth) 2 MP (depth)'",,,,,,,
b'gionee',b'Gionee S12 Lite',b'https://fdn2.gsmarena.com/vv/bigpic/gionee-s12-lite.jpg',b'GSM / HSPA / LTE',b'GSM 850 / 900 / 1800 / 1900 - SIM 1 & SIM 2',b'HSDPA 900 / 2100',"b'1, 3, 7, 8, 20, 28, 40'","b'HSPA 42.2/11.5 Mbps, LTE Cat4 150/50 Mbps'","b'2020, September 29'","b'Available. Released 2020, October 05'",b'166.2 x 76.3 x 8.4 mm (6.54 x 3.00 x 0.33 in)',b'174 g (6.14 oz)',"b'Dual SIM (Nano-SIM, dual stand-by)'",b'IPS LCD',"b'6.52 inches, 102.6 cm2 (~80.9% screen-to-body ratio)'","b'720 x 1600 pixels, 20:9 ratio (~269 ppi density)'",b'Android 10',b'MediaTek Helio A25 (12 nm)',b'Octa-core (4x1.8 GHz Cortex-A53 & 4x1.5 GHz Cortex-A53)',b'PowerVR GE8320',b'microSDXC',b'32GB 3GB RAM',b'8 MP',"b'LED flash, HDR'",b'1080p@30fps',,b'1080p@30fps',b'Yes',b'Yes',"b'Wi-Fi 802.11 b/g/n, hotspot'","b'4.2, A2DP'","b'Yes, with A-GPS'",b'No',b'FM radio',"b'microUSB 2.0, USB On-The-Go'","b'Fingerprint (rear-mounted), accelerometer, proximity'","b'Li-Po 4000 mAh, non-removable'",,"b'Blue, Green, Gray'",,,b'eMMC 5.1',"b'13 MP, (wide), AF 5 MP, (ultrawide) 2 MP (depth)'",,,,,,,b'H602',"b'Glass front, plastic frame, plastic back'",,,,,,,,,,,,,,,,,,,,,,,,,,,,,
b'gionee',b'Gionee S12',b'https://fdn2.gsmarena.com/vv/bigpic/gionee-s12.jpg',b'GSM / HSPA / LTE',b'GSM 850 / 900 / 1800 / 1900 - SIM 1 & SIM 2',b'HSDPA 900 / 2100',"b'1, 3, 7, 8, 20, 28, 40'","b'HSPA 42.2/11.5 Mbps, LTE Cat4 150/50 Mbps'","b'2020, July'","b'Available. Released 2020, July 15'",b'164.6 x 76.6 x 8.8 mm (6.48 x 3.02 x 0.35 in)',b'181 g (6.38 oz)',"b'Dual SIM (Nano-SIM, dual stand-by)'",b'IPS LCD',"b'6.52 inches, 102.6 cm2 (~81.4% screen-to-body ratio)'","b'720 x 1600 pixels, 20:9 ratio (~269 ppi density)'",b'Android 10',b'MediaTek Helio A25 (12 nm)',b'Octa-core (4x1.8 GHz Cortex-A53 & 4x1.5 GHz Cortex-A53)',b'PowerVR GE8320',b'microSDXC',b'64GB 4GB RAM',b'13 MP',"b'LED flash, HDR, panorama'",b'1080p@30fps',,b'1080p@30fps',b'Yes',b'Yes',"b'Wi-Fi 802.11 b/g/n, hotspot'","b'4.2, A2DP'","b'Yes, with A-GPS'",b'No',b'FM radio',b'USB Type-C 2.0',"b'Fingerprint (rear-mounted), accelerometer, proximity'","b'Li-Po 4000 mAh, non-removable'",,"b'Black, Blue'",,b'About 140 EUR',b'eMMC 5.1',"b'16 MP, (wide), AF 8 MP, (ultrawide) 2 MP (depth)'",,,,,,,,"b'Glass front, plastic frame, plastic back'",,,,,,,,,,,,,,,,,,,,,,,,,,,,,
b'gionee',b'Gionee M30',b'https://fdn2.gsmarena.com/vv/bigpic/gionee-m30.jpg',b'GSM / HSPA / LTE',b'GSM 850 / 900 / 1800 / 1900 - SIM 1 & SIM 2',b'HSDPA 850 / 900 / 2100',b'LTE (unspecified)',"b'HSPA 42.2/5.76 Mbps, LTE'","b'2020, August 25'","b'Available. Released 2020, August 31'",b'-',b'305 g (10.76 oz)',"b'Dual SIM (Nano-SIM, dual stand-by)'",b'IPS LCD',"b'6.0 inches, 92.9 cm2'","b'720 x 1440 pixels, 18:9 ratio (~268 ppi density)'",b'Android',b'Mediatek MT6771 Helio P60 (12 nm)',b'Octa-core (4x2.0 GHz Cortex-A73 & 4x2.0 GHz Cortex-A53)',b'Mali-G72 MP3',b'microSDXC',b'128GB 8GB RAM',"b'16 MP, (wide), AF'",b'LED flash',b'1080p@30fps',b'8 MP',b'1080p@30fps',"b'Yes, with stereo speakers'",b'Yes',"b'Wi-Fi 802.11 b/g/n, hotspot'","b'4.2, A2DP'","b'Yes, with A-GPS'",b'No',b'FM radio',"b'USB Type-C 2.0, USB On-The-Go'","b'Fingerprint (rear-mounted), accelerometer, proximity'","b'Li-Po 10000 mAh, non-removable'",b'Fast charging 25W Reverse charging',b'Black',,b'About 170 EUR',,,,,,,,,,"b'Glass front, aluminum frame, aluminum back'",,,,,,,,,,,,,,,,,,,,,,,,,,,,,
b'gionee',b'Gionee Max',b'https://fdn2.gsmarena.com/vv/bigpic/gionee-max.jpg',b'GSM / HSPA / LTE',b'GSM 850 / 900 / 1800 / 1900 - SIM 1 & SIM 2',b'HSDPA 900 / 2100',"b'1, 3, 5, 8, 38, 40, 41'","b'HSPA 42.2/5.76 Mbps, LTE'","b'2020, August 25'","b'Available. Released 2020, August 31'",b'148 x 70.9 x 10.8 mm (5.83 x 2.79 x 0.43 in)',b'185 g (6.53 oz)',"b'Dual SIM (Nano-SIM, dual stand-by)'",b'IPS LCD',"b'6.1 inches, 91.3 cm2 (~87.0% screen-to-body ratio)'","b'720 x 1560 pixels, 19.5:9 ratio (~282 ppi density)'",b'Android 10',b'Unisoc SC9863A (28nm)',b'Octa-core (4x1.6 GHz Cortex-A55 & 4x1.2 GHz Cortex-A55)',b'IMG8322',b'microSDXC (dedicated slot)',b'32GB 2GB RAM',b'5 MP',b'LED flash',b'1080p@24fps',,b'',b'Yes',b'Yes',"b'Wi-Fi 802.11 a/b/g/n/ac, hotspot'","b'4.2, A2DP'","b'Yes, with A-GPS'",b'No',b'FM radio',"b'microUSB 2.0, USB On-The-Go'","b'Accelerometer, proximity'","b'Li-Po 5000 mAh, non-removable'",,"b'Black, Red, Royal Blue'","b'13 MP, (wide), AF 0.3 MP (depth)'",b'About 70 EUR',b'eMMC 5.1',,,,,,,,,,,,,,,,,,,,,,,,,,b'0.41 W/kg (head) \xc2\xa0 \xc2\xa0 0.90 W/kg (body)',,,,,,,,,,,,
b'gionee',b'Gionee K3 Pro',b'https://fdn2.gsmarena.com/vv/bigpic/gionee-k3-pro.jpg',b'GSM / CDMA / HSPA / LTE',b'GSM 850 / 900 / 1800 / 1900 - SIM 1 & SIM 2',b'HSDPA 850 / 900 / 1900 / 2100',"b'1, 3, 5, 7, 8, 38, 39, 40, 41'","b'HSPA 42.2/5.76 Mbps, LTE'","b'2020, August 24'","b'Available. Released 2020, September'",b'164.3 x 77.6 x 9.7 mm (6.47 x 3.06 x 0.38 in)',b'205 g (7.23 oz)',"b'Dual SIM (Nano-SIM, dual stand-by)'",b'IPS LCD',"b'6.53 inches, 102.9 cm2 (~80.7% screen-to-body ratio)'","b'720 x 1600 pixels, 20:9 ratio (~269 ppi density)'",b'Android 9.0 (Pie)',b'Mediatek MT6771 Helio P60 (12 nm)',b'Octa-core (4x2.0 GHz Cortex-A73 & 4x2.0 GHz Cortex-A53)',b'Mali-G72 MP3',b'microSDXC',"b'128GB 6GB RAM, 128GB 8GB RAM'","b'13 MP, f/2.0, (wide), 1/3.1"", 1.12\xc2\xb5m'","b'LED flash, HDR, panorama'",b'1080p@30fps',,b'1080p@30fps',b'Yes',b'Yes',"b'Wi-Fi 802.11 b/g/n, hotspot'","b'4.0, A2DP'","b'Yes, with A-GPS'",b'No',b'FM radio',b'USB Type-C 2.0',"b'Fingerprint (rear-mounted), accelerometer, proximity'","b'Li-Po 4000 mAh, non-removable'",b'Charging 10W',"b'Jade Green, Pearl White'",,b'About 80 EUR',b'CDMA 800 & TD-SCDMA',"b'16 MP, f/2.0, (wide), 1/3.1"", 1.0\xc2\xb5m, AF 2 other unknown cameras'",,,,,b'eMMC 5.1',,,,,,,,,,,,,,,,,,,,,,,,,,,,,,,,
b'gionee',b'Gionee K6',b'https://fdn2.gsmarena.com/vv/bigpic/gionee-k6.jpg',b'GSM / CDMA / HSPA / LTE',b'GSM 850 / 900 / 1800 / 1900 - SIM 1 & SIM 2',b'HSDPA 850 / 900 / 1900 / 2100',"b'1, 3, 5, 7, 8, 38, 39, 40, 41'","b'HSPA 42.2/5.76 Mbps, LTE'","b'2020, May 21'","b'Available. Released 2020, May 27'",b'157.6 x 75.9 x 10.2 mm (6.20 x 2.99 x 0.40 in)',b'192 g (6.77 oz)',"b'Dual SIM (Nano-SIM, dual stand-by)'",b'IPS LCD',"b'6.2 inches, 94.4 cm2 (~78.9% screen-to-body ratio)'","b'720 x 1560 pixels, 19.5:9 ratio (~277 ppi density)'",b'Android 7.1 (Nougat)',b'Mediatek MT6771 Helio P60 (12 nm)',b'Octa-core (4x2.0 GHz Cortex-A73 & 4x2.0 GHz Cortex-A53)',b'Mali-G72 MP3',b'microSDXC (dedicated slot)',"b'128GB 6GB RAM, 128GB 8GB RAM'","b'13 MP, (wide), 1/3.1"", 1.12\xc2\xb5m'","b'LED flash, HDR, panorama'",b'1080p@30fps',,b'1080p@30fps',b'Yes',b'Yes',"b'Wi-Fi 802.11 b/g/n, hotspot'","b'4.2, A2DP, LE'","b'Yes, with A-GPS'",b'No',b'FM radio',b'microUSB 2.0',"b'Fingerprint (rear-mounted), accelerometer, proximity'","b'Li-Po 4350 mAh, non-removable'",b'Charging 10W',"b'Black, Blue'",,b'About 100 EUR',b'CDMA 800 & TD-SCDMA',"b'16 MP, f/2.0, 26mm (wide), 1/3.1"", 1.0\xc2\xb5m, AF 2 other unknown cameras'",,,,,b'eMMC 5.1',,b'20190418Q',,,,,,,,,,,,,,,,,,,,,,,,,,,,,,
b'gionee',b'Gionee F205',b'https://fdn2.gsmarena.com/vv/bigpic/gionee-f205.jpg',b'GSM / CDMA / HSPA / LTE',b'GSM 850 / 900 / 1800 / 1900 - SIM 1 & SIM 2',b'HSDPA 850 / 900 / 1900 / 2100',"b'1, 3, 5, 7, 8, 38, 39, 40, 41'","b'HSPA 42.2/5.76 Mbps, LTE'","b'2018, January'","b'Available. Released 2018, January'",b'148.4 x 70.7 x 8 mm (5.84 x 2.78 x 0.31 in)',b'135.6 g (4.80 oz)',"b'Dual SIM (Nano-SIM, dual stand-by)'",b'IPS LCD',"b'5.45 inches, 76.7 cm2 (~73.1% screen-to-body ratio)'","b'720 x 1440 pixels, 18:9 ratio (~295 ppi density)'","b'Android 7.1 (Nougat), Amigo 5'",b'Mediatek MT6739 (28 nm)',b'Quad-core 1.3 GHz Cortex-A53',b'PowerVR GE8100',b'microSDXC',b'16GB 2GB RAM',"b'8 MP, AF'","b'LED flash, HDR, panorama'",b'720p@30fps',b'5 MP',b'',b'Yes',b'Yes',"b'Wi-Fi 802.11 b/g/n, hotspot'","b'4.2, A2DP, LE'","b'Yes, with A-GPS'",b'No',b'FM radio',b'microUSB 2.0',"b'Accelerometer, proximity, compass'","b'Li-Ion 2670 mAh, non-removable'",,"b'Gold, Red, Blue'",,b'About 130 EUR',b'CDMA 800 & TD-SCDMA',,,,,,b'eMMC 5.1',,b'F205',"b'Glass front, aluminum back, aluminum frame'",,,,,,,,,,,,,,,,,,,,,,,,,,,,,
b'gionee',b'Gionee S11S',b'https://fdn2.gsmarena.com/vv/bigpic/gionee-s11s.jpg',b'GSM / CDMA / HSPA / LTE',b'GSM 850 / 900 / 1800 / 1900 - SIM 1 & SIM 2',b'HSDPA 850 / 900 / 1900 / 2100',"b'1, 2, 3, 4, 5, 7, 8, 12, 34, 38, 39, 40, 41'","b'HSPA 42.2/5.76 Mbps, LTE'","b'2017, November'","b'Available. Released 2017, December'",b'155.8 x 72.6 x 7 mm (6.13 x 2.86 x 0.28 in)',b'177 g (6.24 oz)',"b'Dual SIM (Nano-SIM, dual stand-by)'",b'AMOLED',"b'6.01 inches, 93.2 cm2 (~82.4% screen-to-body ratio)'","b'1080 x 2160 pixels, 18:9 ratio (~402 ppi density)'","b'Android 7.1 (Nougat), Amigo 5'",b'Mediatek Helio P30 (16 nm)',b'Octa-core (4x2.3 GHz Cortex-A53 & 4x1.65 GHz Cortex A53)',b'Mali-G71 MP2',b'microSDXC',b'64GB 6GB RAM',,"b'LED flash, HDR, panorama'",b'1080p@30fps',,b'',b'Yes',b'Yes',"b'Wi-Fi 802.11 b/g/n, hotspot'","b'4.2, A2DP, LE'","b'Yes, with A-GPS'",b'Yes',b'FM radio',"b'microUSB 2.0, USB On-The-Go'","b'Fingerprint (rear-mounted), accelerometer, gyro, proximity, compass'","b'Li-Po 3600 mAh, non-removable'",,"b'Silver, Gold'","b'16 MP, AF 8 MP'",b'About 500 EUR',b'CDMA 800 & TD-SCDMA',,,,,,,,,"b'Glass front, glass back, aluminum frame'",,,,,,,,"b'20 MP, f/2.0, (wide), 1/2.8"", 1.0\xc2\xb5m 8 MP'",,,,,,,,,,,,,,,,,,,,,
b'gionee',b'Gionee S11',b'https://fdn2.gsmarena.com/vv/bigpic/gionee-s11.jpg',b'GSM / CDMA / HSPA / LTE',b'GSM 850 / 900 / 1800 / 1900 - SIM 1 & SIM 2',b'HSDPA 850 / 900 / 1900 / 2100',"b'1, 2, 3, 4, 5, 7, 8, 12, 34, 38, 39, 40, 41'","b'HSPA 42.2/5.76 Mbps, LTE-A (2CA) Cat6 300/50 Mbps'","b'2017, November'","b'Available. Released 2017, December'",b'159.5 x 77.7 x 7.8 mm (6.28 x 3.06 x 0.31 in)',b'165 g (5.82 oz)',"b'Hybrid Dual SIM (Nano-SIM, dual stand-by)'",b'IPS LCD',"b'5.99 inches, 92.6 cm2 (~74.7% screen-to-body ratio)'","b'1080 x 2160 pixels, 18:9 ratio (~403 ppi density)'","b'Android 7.1 (Nougat), Amigo 5'",b'Mediatek MT6763T Helio P23 (16 nm)',b'Octa-core 2.5 GHz Cortex-A53',b'Mali-G71 MP2',b'microSDXC (uses shared SIM slot)',b'64GB 4GB RAM',,"b'LED flash, HDR, panorama'",b'1080p@30fps',,b'',b'Yes',b'Yes',"b'Wi-Fi 802.11 b/g/n, hotspot'","b'4.0, A2DP'","b'Yes, with A-GPS'",b'No',b'FM radio',"b'microUSB 2.0, USB On-The-Go'","b'Fingerprint (rear-mounted), accelerometer, gyro, proximity, compass'","b'Li-Po 3410 mAh, non-removable'",,"b'Moonlight blue, space gold, cherry powder'","b'16 MP, AF 5 MP, f/2.4, (depth)'",b'About 320 EUR',b'CDMA 800 & TD-SCDMA',,,,,,b'eMMC 5.1',,,,,,,,,,,"b'16 MP, f/2.0, 26mm (wide), 1/3.06"", 1.0\xc2\xb5m 8 MP'",,,,,,,,,,,,,,,,,,,,,
b'gionee',b'Gionee S11 lite',b'https://fdn2.gsmarena.com/vv/bigpic/gionee-s11-mini-.jpg',b'GSM / CDMA / HSPA / LTE',b'GSM 850 / 900 / 1800 / 1900 - SIM 1 & SIM 2',b'HSDPA 850 / 900 / 1900 / 2100',b'LTE (unspecified)',"b'HSPA 42.2/5.76 Mbps, LTE'","b'2017, November'","b'Available. Released 2018, February'",b'153.8 x 72.6 x 7.9 mm (6.06 x 2.86 x 0.31 in)',b'141 g (4.97 oz)',"b'Hybrid Dual SIM (Nano-SIM, dual stand-by)'",b'IPS LCD',"b'5.7 inches, 83.8 cm2 (~75.1% screen-to-body ratio)'","b'720 x 1440 pixels, 18:9 ratio (~282 ppi density)'","b'Android 7.1 (Nougat), Amigo 5'",b'Qualcomm MSM8937 Snapdragon 430 (28 nm)',b'Octa-core 1.4 GHz Cortex-A53',b'Adreno 505',b'microSDXC (uses shared SIM slot)',b'32GB 4GB RAM',"b'16 MP, f/2.0, 26mm (wide), 1/3.06"", 1.0\xc2\xb5m'","b'LED flash, HDR, panorama'",b'1080p@30fps',,b'',b'Yes',b'Yes',"b'Wi-Fi 802.11 b/g/n, hotspot'","b'4.0, A2DP'","b'Yes, with A-GPS'",b'No',b'FM radio',"b'microUSB 2.0, USB On-The-Go'","b'Fingerprint (rear-mounted), accelerometer, proximity, compass'","b'Li-Ion 3030 mAh, non-removable'",,"b'Gold, Dark Blue, Black'","b'13 MP, f/2.2, AF 2 MP, (depth)'",b'About 200 EUR',b'CDMA 800 & TD-SCDMA',,,,,,b'eMMC 5.1',,b'S11 lite',,,,,,,,,,,,,,,,,,,,,,,,,,,,,,
b'gionee',b'Gionee M7 Plus',b'https://fdn2.gsmarena.com/vv/bigpic/gionee-m7-plus.jpg',b'GSM / CDMA / HSPA / LTE',b'GSM 850 / 900 / 1800 / 1900 - SIM 1 & SIM 2',b'HSDPA 850 / 900 / 1900 / 2100',"b'1, 3, 4, 5, 7, 8, 12, 34, 38, 39, 40, 41'","b'HSPA 42.2/5.76 Mbps, LTE-A (2CA) Cat6 300/50 Mbps'","b'2017, November'","b'Available. Released 2018, July'",b'166.5 x 81.6 x 8.7 mm (6.56 x 3.21 x 0.34 in)',b'241 g (8.50 oz)',"b'Dual SIM (Nano-SIM, dual stand-by)'",b'AMOLED',"b'6.43 inches, 106.7 cm2 (~78.5% screen-to-body ratio)'","b'1080 x 2160 pixels, 18:9 ratio (~376 ppi density)'","b'Android 7.1 (Nougat), Amigo 5'",b'Qualcomm SDM660 Snapdragon 660 (14 nm)',b'Octa-core (4x2.2 GHz Kryo 260 Gold & 4x1.8 GHz Kryo 260 Silver)',b'Adreno 512',b'microSDXC',b'128GB 6GB RAM',b'8 MP',"b'LED flash, HDR, panorama'",b'1080p@30fps',,b'',b'Yes',b'Yes',"b'Wi-Fi 802.11 b/g/n, hotspot'","b'5.0, A2DP, LE'","b'Yes, with A-GPS'",b'Yes',b'FM radio',"b'microUSB 2.0, USB On-The-Go'","b'Fingerprint (rear-mounted), accelerometer, gyro, proximity, compass'","b'Li-Po 5000 mAh, non-removable'",b'Charging 10W',b'Blue',"b'16 MP, AF 8 MP'",b'About 670 EUR',b'CDMA 800 & TD-SCDMA',,,,,,b'eMMC 5.1',,,"b'Glass front, aluminum/leather back, aluminum frame'",,,,,,,,,,b'Yes',,,,,,,,,,,,,,,,,,,
b'gionee',b'Gionee M7 Power',b'https://fdn2.gsmarena.com/vv/bigpic/gionee-m7-power-.jpg',b'GSM / HSPA / LTE',b'GSM 850 / 900 / 1800 / 1900 - SIM 1 & SIM 2',b'HSDPA 850 / 900 / 1900 / 2100',"b'1, 3, 5, 7, 8, 38, 39, 40, 41'","b'HSPA 42.2/5.76 Mbps, LTE Cat4 150/50 Mbps'","b'2017, October'","b'Available. Released 2017, November'",b'156.4 x 76.7 x 8.6 mm (6.16 x 3.02 x 0.34 in)',b'199 g (7.02 oz)',"b'Hybrid Dual SIM (Nano-SIM, dual stand-by)'",b'IPS LCD',"b'6.0 inches, 92.9 cm2 (~77.4% screen-to-body ratio)'","b'720 x 1440 pixels, 18:9 ratio (~268 ppi density)'","b'Android 7.1.1 (Nougat), Amigo 5'",b'Qualcomm MSM8940 Snapdragon 435 (28 nm)',b'Octa-core 1.4 GHz Cortex-A53',b'Adreno 505',b'microSDXC (uses shared SIM slot)',b'64GB 4GB RAM',"b'13 MP, f/2.0, AF'","b'LED flash, HDR, panorama'",b'1080p@30fps',"b'8 MP, f/2.2'",b'',b'Yes',b'Yes',"b'Wi-Fi 802.11 b/g/n, hotspot'","b'4.1, A2DP, LE'","b'Yes, with A-GPS, GLONASS, BDS'",b'No',b'FM radio',"b'microUSB 2.0, USB On-The-Go'","b'Fingerprint (rear-mounted), accelerometer, proximity, compass'","b'Li-Po 5000 mAh, non-removable'",,"b'Dark blue, black, gold'",,b'About 260 EUR',b'eMMC 5.1',,b'Up to 625 h (3G)',b'Up to 56 h (3G)',,b'Corning Gorilla Glass 3',,,b'M7 Power',"b'Glass front (Gorilla Glass 3), aluminum back, aluminum frame'",,,,,,,,,,,,,,,,,,,,,,,,,,,,,
b'gionee',b'Gionee M7',b'https://fdn2.gsmarena.com/vv/bigpic/gionee-m7.jpg',b'GSM / CDMA / HSPA / LTE',b'GSM 850 / 900 / 1800 / 1900 - SIM 1 & SIM 2',b'HSDPA 850 / 900 / 1900 / 2100',"b'1, 3, 5, 7, 8, 34, 38, 39, 40, 41'","b'HSPA 42.2/5.76 Mbps, LTE Cat4 150/50 Mbps'","b'2017, September'","b'Available. Released 2017, September'",b'157 x 76 x 7.2 mm (6.18 x 2.99 x 0.28 in)',b'180 g (6.35 oz)',"b'Dual SIM (Nano-SIM, dual stand-by)'",b'AMOLED',"b'6.01 inches, 93.2 cm2 (~78.1% screen-to-body ratio)'","b'1080 x 2160 pixels, 18:9 ratio (~402 ppi density)'","b'Android 7.1 (Nougat), Amigo 5'",b'Mediatek Helio P30 (16 nm)',b'Octa-core (4x2.3 GHz Cortex-A53 & 4x1.65 GHz Cortex A53)',b'Mali-G71 MP2',b'microSDXC',b'64GB 6GB RAM',b'8 MP',"b'LED flash, HDR, panorama'",b'1080p@30fps',,b'',b'Yes',b'Yes',"b'Wi-Fi 802.11 b/g/n, hotspot'","b'4.2, A2DP'","b'Yes, with A-GPS'",b'Yes',"b'FM radio, recording'","b'microUSB 2.0, USB On-The-Go'","b'Fingerprint (rear-mounted), accelerometer, gyro, proximity, compass'","b'Li-Po 4000 mAh, non-removable'",b'Charging 10W',"b'Sapphire Blue, Star Blue, Maple Red, Champagne Gold, Black'","b'16 MP, AF 8 MP'",b'About 360 EUR',b'CDMA 800 & TD-SCDMA',,,,,,,,,"b'Glass front, aluminum back, aluminum frame'",,,,,,,,,,b'Yes',,,,,,,,,,,,,,,,,,,
b'gionee',b'Gionee X1s',b'https://fdn2.gsmarena.com/vv/bigpic/gionee-x1s.jpg',b'GSM / HSPA / LTE',b'GSM 850 / 900 / 1800 / 1900 - SIM 1 & SIM 2',b'HSDPA',b'LTE (unspecified)',"b'HSPA 42.2/5.76 Mbps, LTE Cat4 150/50 Mbps'","b'2017, September'","b'Available. Released 2017, September'",b'150.4 x 73.5 x 8.8 mm (5.92 x 2.89 x 0.35 in)',b'166 g (5.86 oz)',b'Dual SIM',b'IPS LCD',"b'5.2 inches, 74.5 cm2 (~67.4% screen-to-body ratio)'","b'720 x 1280 pixels, 16:9 ratio (~282 ppi density)'","b'Android 7 (Nougat), Amigo 4'",b'Mediatek MT6737T (28 nm)',b'Quad-core 1.5 GHz Cortex-A53',b'Mali-T720',b'microSDXC (dedicated slot)',b'16GB 3GB RAM',"b'13 MP, AF'","b'Dual-LED dual-tone flash, HDR, panorama'",b'1080p@30fps',"b'16 MP, f/2.0, 26mm (wide), 1/3.06"", 1.0\xc2\xb5m'",b'1080p@30fps',b'Yes',b'Yes',"b'Wi-Fi 802.11 b/g/n, hotspot'","b'4.0, A2DP'","b'Yes, with A-GPS'",b'No',b'FM radio',b'microUSB 2.0',"b'Fingerprint (rear-mounted), accelerometer, proximity'","b'Li-Ion 4000 mAh, non-removable'",,"b'Black, Gold'",,b'About 13000 INR',b'eMMC 5.0',,,,,b'Corning Gorilla Glass 3',,,b'X1S',,b'Yes',b'Yes',,,,,,,,b'Yes',,,,,,,,,,,,,,,,,,,
b'gionee',b'Gionee X1',b'https://fdn2.gsmarena.com/vv/bigpic/gionee-x1.jpg',b'GSM / HSPA / LTE',b'GSM 850 / 900 / 1800 / 1900 - SIM 1 & SIM 2',b'HSDPA',b'LTE (unspecified)',"b'HSPA 42.2/5.76 Mbps, LTE Cat4 150/50 Mbps'","b'2017, August'","b'Available. Released 2017, August'",b'144.3 x 72.2 x 8.8 mm (5.68 x 2.84 x 0.35 in)',b'-',b'Dual SIM',b'IPS LCD',"b'5.0 inches, 68.9 cm2 (~66.2% screen-to-body ratio)'","b'720 x 1280 pixels, 16:9 ratio (~294 ppi density)'","b'Android 7 (Nougat), Amigo 5'",b'Mediatek MT6737 (28 nm)',b'Quad-core 1.3 GHz Cortex-A53',b'Mali-T720',b'microSDXC',b'16GB 2GB RAM',"b'8 MP, AF'","b'Dual-LED dual-tone flash, HDR, panorama'",b'1080p@30fps',"b'8 MP, f/2.0, 1/4"", 1.12\xc2\xb5m'",b'720p',b'Yes',b'Yes',"b'Wi-Fi 802.11 b/g/n, hotspot'","b'4.0, A2DP'","b'Yes, with A-GPS'",b'No',b'FM radio',b'microUSB 2.0',"b'Fingerprint (rear-mounted), accelerometer, proximity'","b'Li-Ion 3000 mAh, non-removable'",,"b'Black, Gold'",,b'About 9000 INR',b'eMMC 5.0',,,,,,,,b'X1',,b'Yes',b'Yes',,,,,,,,,,,,,,,,,,,,,,,,,,,
b'gionee',b'Gionee P8 Max',b'https://fdn2.gsmarena.com/vv/bigpic/gionee-p8-max.jpg',b'GSM / HSPA / LTE',b'GSM 850 / 900 / 1800 / 1900 - SIM 1 & SIM 2',b'HSDPA',b'LTE (unspecified)',"b'HSPA 42.2/5.76 Mbps, LTE Cat4 150/50 Mbps'","b'2017, June'","b'Available. Released 2017, Q4'",b'154.4 x 76.6 x 9.2 mm (6.08 x 3.02 x 0.36 in)',b'-',b'Dual SIM',b'IPS LCD',"b'5.5 inches, 83.4 cm2 (~70.5% screen-to-body ratio)'","b'720 x 1280 pixels, 16:9 ratio (~267 ppi density)'","b'Android 6.0 (Marshmallow), Amigo 3.2'",b'Mediatek MT6737T (28 nm)',b'Quad-core 1.5 GHz Cortex-A53',b'Mali-T720',b'microSDXC',b'32GB 3GB RAM',"b'13 MP, f/2.2, AF'","b'LED flash, HDR, panorama'",b'1080p@30fps',"b'8 MP, f/2.2'",b'',b'Yes',b'Yes',"b'Wi-Fi 802.11 b/g/n, Wi-Fi Direct, hotspot'","b'4.0, A2DP'","b'Yes, with A-GPS'",b'No',b'FM radio',b'microUSB 2.0',"b'Accelerometer, proximity, compass'","b'Li-Ion 3150 mAh, non-removable'",b'Charging 10W',"b'Gold, Gray, White'",,,b'eMMC 5.0',,,,,b'Corning Gorilla Glass (unspecified version)',,,,,b'Yes',b'Yes',,,,,,,,b'Yes',,,,,,,,,,,,,,,,,,,
b'gionee',b'Gionee A1 Lite',b'https://fdn2.gsmarena.com/vv/bigpic/gionee-a1-lite-.jpg',b'GSM / HSPA / LTE',b'GSM 850 / 900 / 1800 / 1900 - SIM 1 & SIM 2',b'HSDPA 850 / 900 / 1900 / 2100',b'LTE (unspecified)',"b'HSPA 42.2/5.76 Mbps, LTE'","b'2017, June'","b'Available. Released 2017, August'",b'150.5 x 74.4 x 8 mm (5.93 x 2.93 x 0.31 in)',b'161 g (5.68 oz)',b'Dual SIM',b'IPS LCD',"b'5.3 inches, 77.4 cm2 (~69.2% screen-to-body ratio)'","b'720 x 1280 pixels, 16:9 ratio (~277 ppi density)'","b'Android 7 (Nougat), Amigo 4'",b'Mediatek MT6753 (28 nm)',b'Octa-core 1.3 GHz Cortex-A53',b'Mali-T720MP3',b'microSDXC (dedicated slot)',b'32GB 3GB RAM',"b'13 MP, f/2.0, 1/3.1"", 1.12\xc2\xb5m, PDAF'","b'Dual-LED flash, HDR'",b'1080p@30fps',"b'20 MP, f/2.0, (wide), 1/2.8"", 1.0\xc2\xb5m'",b'',b'Yes',b'Yes',"b'Wi-Fi 802.11 b/g/n, hotspot'","b'4.1, A2DP, LE'","b'Yes, with A-GPS'",b'No',b'FM radio',b'microUSB 2.0',"b'Fingerprint (rear-mounted), accelerometer, gyro, proximity, compass'","b'Li-Ion 4000 mAh, non-removable'",,"b'Gold, Black'",,b'About 15000 INR',,,,,b'LED flash',b'Corning Gorilla Glass 3',,,b'A1 lite',,,,,,,,,,,,,,,,,,,,,,,,,,,,,,
b'gionee',b'Gionee S10',b'https://fdn2.gsmarena.com/vv/bigpic/gionee-s10.jpg',b'GSM / CDMA / HSPA / LTE',b'GSM 850 / 900 / 1800 / 1900 - SIM 1 & SIM 2',b'HSDPA 850 / 900 / 1900 / 2100',"b'1, 3, 5, 7, 8, 34, 38, 39, 40, 41'","b'HSPA 42.2/5.76 Mbps, LTE-A (2CA) Cat6 300/50 Mbps'","b'2017, May'","b'Available. Released 2017, July'",b'155 x 76.8 x 7.4 mm (6.10 x 3.02 x 0.29 in)',b'178 g (6.28 oz)',"b'Hybrid Dual SIM (Nano-SIM, dual stand-by)'",b'LTPS IPS LCD',"b'5.5 inches, 83.4 cm2 (~70.1% screen-to-body ratio)'","b'1080 x 1920 pixels, 16:9 ratio (~401 ppi density)'","b'Android 7 (Nougat), Amigo 4'",b'Mediatek MT6757T Helio P25 (16 nm)',b'Octa-core (4x2.5 GHz Cortex-A53 & 4x1.4 GHz Cortex-A53)',b'Mali-T880MP2',b'microSDXC (uses shared SIM slot)',b'64GB 4GB RAM',,"b'LED flash, HDR, panorama'",b'1080p@30fps',,b'',b'Yes',b'Yes',"b'Wi-Fi 802.11 a/b/g/n/ac, dual-band, Wi-Fi Direct, hotspot'","b'4.0, A2DP, LE'","b'Yes, with A-GPS'",b'No',b'FM radio; recording',"b'microUSB 2.0, USB On-The-Go'","b'Fingerprint (front-mounted), accelerometer, gyro, proximity, compass'","b'Li-Po 3450 mAh, non-removable'",,"b'Cherry Gold, Dark Black, Indigo Blue, Primrose Green'","b'16 MP, AF 8 MP'",b'About 380 USD',b'CDMA 800 & TD-SCDMA',,,,,,,,,,,,,,,,,"b'20 MP, f/2.0, (wide), 1/2.8"", 1.0\xc2\xb5m 8 MP'",,,,,,,,,,,,,,,,,,,,,
b'gionee',b'Gionee S10B',b'https://fdn2.gsmarena.com/vv/bigpic/gionee-s10b.jpg',b'GSM / CDMA / HSPA / LTE',b'GSM 850 / 900 / 1800 / 1900 - SIM 1 & SIM 2',b'HSDPA 850 / 900 / 1900 / 2100',"b'1, 3, 5, 7, 8, 34, 38, 39, 40, 41'","b'HSPA 42.2/5.76 Mbps, LTE Cat4 150/50 Mbps'","b'2017, May'","b'Available. Released 2017, July'",b'154.5 x 76 x 7.6 mm (6.08 x 2.99 x 0.30 in)',b'176 g (6.21 oz)',"b'Hybrid Dual SIM (Nano-SIM, dual stand-by)'",b'IPS LCD',"b'5.5 inches, 83.4 cm2 (~71.0% screen-to-body ratio)'","b'1080 x 1920 pixels, 16:9 ratio (~401 ppi density)'","b'Android 7 (Nougat), Amigo 4'",b'Mediatek MT6755 Helio P10 (28 nm)',b'Octa-core (4x1.8 GHz Cortex-A53 & 4x1.0 GHz Cortex-A53)',b'Mali-T860MP2',b'microSDXC (uses shared SIM slot)',b'64GB 4GB RAM',"b'16 MP, f/2.0, 26mm (wide), 1/3.06"", 1.0\xc2\xb5m'","b'Dual-LED dual-tone flash, HDR, panorama'",b'1080p@30fps',,b'',b'Yes',b'Yes',"b'Wi-Fi 802.11 a/b/g/n/ac, dual-band, Wi-Fi Direct, hotspot'","b'4.0, A2DP, LE'","b'Yes, with A-GPS'",b'No',b'FM radio',b'microUSB 2.0',"b'Fingerprint (front-mounted), accelerometer, gyro, proximity, compass'","b'Li-Po 3700 mAh, non-removable'",,"b'Black, Gold'","b'13 MP, PDAF 5 MP, f/2.4, (depth)'",b'About 240 USD',b'CDMA 800 & TD-SCDMA',,,,,,b'eMMC 5.1',,,,,,,,,,,,,,,,,,,,,,,,,,,,,,,,
b'gionee',b'Gionee S10C',b'https://fdn2.gsmarena.com/vv/bigpic/gionee-s10c.jpg',b'GSM / CDMA / HSPA / LTE',b'GSM 850 / 900 / 1800 / 1900 - SIM 1 & SIM 2',b'HSDPA 850 / 900 / 1900 / 2100',"b'1, 3, 5, 7, 8, 34, 38, 39, 40, 41'","b'HSPA 42.2/5.76 Mbps, LTE Cat4 150/50 Mbps'","b'2017, May'","b'Available. Released 2017, July'",b'148.7 x 73.7 x 7.9 mm (5.85 x 2.90 x 0.31 in)',b'151 g (5.33 oz)',b'Hybrid Dual SIM',b'IPS LCD',"b'5.2 inches, 74.5 cm2 (~68.0% screen-to-body ratio)'","b'720 x 1280 pixels, 16:9 ratio (~282 ppi density)'","b'Android 7.1.1 (Nougat), Amigo 5'",b'Qualcomm MSM8920 Snapdragon 427 (28 nm)',b'Quad-core 1.4 GHz Cortex-A53',b'Adreno 308',b'microSDXC (uses shared SIM slot)',b'32GB 4GB RAM',"b'13 MP, f/2.0, PDAF'","b'LED flash, HDR, panorama'",b'1080p@30fps',"b'16 MP, f/2.0, 26mm (wide), 1/3.06"", 1.0\xc2\xb5m'",b'',b'Yes',b'Yes',"b'Wi-Fi 802.11 b/g/n, Wi-Fi Direct, hotspot'","b'4.0, A2DP, LE'","b'Yes, with A-GPS'",b'No',b'FM radio',b'microUSB 2.0',"b'Fingerprint (front-mounted), accelerometer, proximity, compass'","b'Li-Po 3100 mAh, non-removable'",,"b'Black, Gold, Green'",,b'About 200 USD',b'CDMA 800 TD-SCDMA',,,,,,b'eMMC 5.1',,,,,,,,,,,,,,,,,,,,,,,,,,,,,,,,
b'gionee',b'Gionee M6s Plus',b'https://fdn2.gsmarena.com/vv/bigpic/gionee-m6s-plus.jpg',b'GSM / CDMA / HSPA / EVDO / LTE',b'GSM 850 / 900 / 1800 / 1900 - SIM 1 & SIM 2',b'HSDPA 850 / 900 / 1900 / 2100',"b'1, 3, 5, 7, 38, 39, 40, 41'","b'HSPA 42.2/5.76 Mbps, LTE'","b'2017, April'","b'Available. Released 2017, May'",b'163.3 x 80.9 x 8.3 mm (6.43 x 3.19 x 0.33 in)',b'215 g (7.58 oz)',"b'Dual SIM (Nano-SIM, dual stand-by)'",b'AMOLED',"b'6.0 inches, 99.2 cm2 (~75.1% screen-to-body ratio)'","b'1080 x 1920 pixels, 16:9 ratio (~367 ppi density)'","b'Android 6.0 (Marshmallow), Amigo 3.5'",b'Qualcomm MSM8976 Pro Snapdragon 653 (28 nm)',b'Octa-core (4x1.95 GHz Cortex-A72 & 4x1.44 GHz Cortex-A53)',b'Adreno 510',b'microSDXC (dedicated slot)',"b'64GB 6GB RAM, 256GB 6GB RAM'","b'12 MP, f/1.9, 1/2.55"", 1.4\xc2\xb5m, PDAF'","b'Dual-LED dual-tone flash, panorama, HDR'",b'1080p@30fps',"b'8 MP, f/2.0, 1/4"", 1.12\xc2\xb5m'",b'',b'Yes',b'Yes',"b'Wi-Fi 802.11 b/g/n, Wi-Fi Direct, hotspot'","b'4.0, A2DP'","b'Yes, with A-GPS'",b'No',"b'FM radio, RDS, recording'","b'microUSB 2.0, USB On-The-Go'","b'Fingerprint (front-mounted), accelerometer, gyro, proximity, compass'","b'Li-Po 6020 mAh, non-removable'",b'Fast charging 18W Quick Charge 3.0 Reverse charging',b'Black',,b'About 460 EUR',b'CDMA 800 / 1900',,b'Up to 843 h (3G)',b'Up to 51 h (3G)',,,b'CDMA2000 1xEV-DO / TD-SCDMA',b'eMMC 5.1',,,,,,,,,,,,b'Yes',,,,,,,,,,,,,,,,,,,
b'gionee',b'Gionee A1 Plus',b'https://fdn2.gsmarena.com/vv/bigpic/gionee-a1-.jpg',b'GSM / HSPA / LTE',b'GSM 850 / 900 / 1800 / 1900 - SIM 1 & SIM 2',b'HSDPA 850 / 900 / 1900 / 2100',"b'1, 3, 7, 38, 39, 40, 41'","b'HSPA 42.2/5.76 Mbps, LTE-A (2CA) Cat6 300/50 Mbps'","b'2017, February'","b'Available. Released 2017, May'",b'166.4 x 83.3 x 9.1 mm (6.55 x 3.28 x 0.36 in)',b'226 g (7.97 oz)',"b'Hybrid Dual SIM (Nano-SIM, dual stand-by)'",b'IPS LCD',"b'6.0 inches, 99.2 cm2 (~71.6% screen-to-body ratio)'","b'1080 x 1920 pixels, 16:9 ratio (~367 ppi density)'","b'Android 7 (Nougat), Amigo 4'",b'Mediatek MT6757T Helio P25 (16 nm)',b'Octa-core (4x2.5 GHz Cortex-A53 & 4x1.4 GHz Cortex-A53)',b'Mali-T880MP2',b'microSDXC (uses shared SIM slot)',b'64GB 4GB RAM',"b'20 MP, f/2.0, (wide), 1/2.8"", 1.0\xc2\xb5m'","b'LED flash, HDR'",b'1080p@30fps',,b'',b'Yes',b'Yes',"b'Wi-Fi 802.11 b/g/n, Wi-Fi Direct, hotspot'","b'4.0, A2DP'","b'Yes, with A-GPS'",b'No',b'FM radio',"b'USB Type-C, USB On-The-Go'","b'Fingerprint (rear-mounted), accelerometer, proximity, compass'","b'Li-Ion 4550 mAh, non-removable'",b'Charging 10W',"b'Gray, Mocha Gold'","b'13 MP, f/2.0, 1/3.1"", 1.12\xc2\xb5m, PDAF 5 MP, f/2.4, (depth)'",b'About 370 EUR',,,,,,,,,b'A1 Plus',,,,,,,,,,,,,,,,,,,,,,,,,,,,,,
b'gionee',b'Gionee A1',b'https://fdn2.gsmarena.com/vv/bigpic/gionee-a1.jpg',b'GSM / HSPA / LTE',b'GSM 850 / 900 / 1800 / 1900 - SIM 1 & SIM 2',b'HSDPA 850 / 900 / 1900 / 2100',"b'1, 3, 7, 38, 39, 40, 41'","b'HSPA 42.2/5.76 Mbps, LTE-A (2CA) Cat6 300/50 Mbps'","b'2017, February'","b'Available. Released 2017, April'",b'154.5 x 76.5 x 8.3 mm (6.08 x 3.01 x 0.33 in)',b'182 g (6.42 oz)',"b'Hybrid Dual SIM (Nano-SIM/ Micro-SIM, dual stand-by)'",b'IPS LCD',"b'5.5 inches, 83.4 cm2 (~70.6% screen-to-body ratio)'","b'1080 x 1920 pixels, 16:9 ratio (~401 ppi density)'","b'Android 7 (Nougat), Amigo 4'",b'Mediatek MT6755 Helio P10 (28 nm)',b'Octa-core (4x2.0 GHz Cortex-A53 & 4x1.0 GHz Cortex-A53)',b'Mali-T860MP2',b'microSDXC (uses shared SIM slot)',b'64GB 4GB RAM',"b'13 MP, f/2.0, 1/3.1"", 1.12\xc2\xb5m, PDAF'","b'LED flash, HDR'",b'1080p@30fps',"b'16 MP, f/2.0, 26mm (wide), 1/3.06"", 1.0\xc2\xb5m'",b'',b'Yes',b'Yes',"b'Wi-Fi 802.11 a/b/g/n, Wi-Fi Direct, hotspot'","b'4.0, A2DP'","b'Yes, with A-GPS'",b'No',b'FM radio',"b'microUSB 2.0, USB On-The-Go'","b'Fingerprint (front-mounted), accelerometer, gyro, proximity, compass'","b'Li-Ion 4010 mAh, non-removable'",b'Charging 10W',"b'Black, Gray, Gold'",,b'About 280 EUR',b'eMMC 5.1',,,,,b'Corning Gorilla Glass (unspecified version)',,,b'A1',,,,,,,,,,,,,,,,,,,,,,,,,,,,,,
b'gionee',b'Gionee F5',b'https://fdn2.gsmarena.com/vv/bigpic/gionee-f5.jpg',b'GSM / HSPA / EVDO / LTE',b'GSM 850 / 900 / 1800 / 1900 - SIM 1 & SIM 2',b'HSDPA 850 / 900 / 1900 / 2100',"b'1, 2, 3, 5, 7, 8, 38'","b'HSPA 42.2/5.76 Mbps, LTE'","b'2017, January'","b'Available. Released 2017, February'",b'150 x 74.5 x 7.7 mm (5.91 x 2.93 x 0.30 in)',b'162 g (5.71 oz)',"b'Dual SIM (Nano-SIM, dual stand-by)'",b'IPS LCD',"b'5.3 inches, 77.4 cm2 (~69.3% screen-to-body ratio)'","b'720 x 1280 pixels, 16:9 ratio (~277 ppi density)'",b'Android 6.0 (Marshmallow)',b'Mediatek MT6750 (28 nm)',b'Octa-core (4x1.5 GHz Cortex-A53 & 4x1.0 GHz Cortex-A53)',b'Mali-T860MP2',b'microSDXC',b'32GB 4GB RAM',"b'13 MP, AF'","b'LED flash, panorama, HDR'",b'1080p@30fps',b'8 MP',b'',b'Yes',b'Yes',"b'Wi-Fi 802.11 b/g/n, Wi-Fi Direct, hotspot'","b'4.0, A2DP'","b'Yes, with A-GPS'",b'No',b'FM radio',b'microUSB 2.0',"b'Accelerometer, gyro, proximity, compass'","b'Li-Po 4000 mAh, non-removable'",,"b'Gold, Rose gold'",,b'About 250 EUR',b'CDMA2000 1xEV-DO / TD-SCDMA',,,,,,b'eMMC 5.1',,,,,,,,,,,,,,,,,,,,,,,,,,,,,,,,
b'gionee',b'Gionee M2017',b'https://fdn2.gsmarena.com/vv/bigpic/gionee-m2017.jpg',b'GSM / CDMA / HSPA / LTE',b'GSM 850 / 900 / 1800 / 1900 - SIM 1 & SIM 2',b'HSDPA 850 / 900 / 1900 / 2100',"b'1, 3, 4, 5, 7, 8, 38, 39, 40, 41'","b'HSPA 42.2/5.76 Mbps, LTE-A (2CA) Cat6 300/50 Mbps'","b'2016, December'","b'Available. Released 2016, December'","b'155.2 x 77.6 x 7.4 mm, 10.8 cc (6.11 x 3.06 x 0.29 in)'",b'238 g (8.40 oz)',"b'Dual SIM (Nano-SIM, dual stand-by)'",b'AMOLED',"b'5.7 inches, 89.6 cm2 (~74.4% screen-to-body ratio)'","b'1440 x 2560 pixels, 16:9 ratio (~515 ppi density)'","b'Android 6.0.1 (Marshmallow), Amigo 3.5'",b'Qualcomm MSM8976 Pro Snapdragon 653 (28 nm)',b'Octa-core (4x1.95 GHz Cortex-A72 & 4x1.4 GHz Cortex-A53)',b'Adreno 510',b'No',b'128GB 6GB RAM',b'8 MP',"b'LED flash, panorama, HDR'",b'4K@30fps',,b'',b'Yes',b'No',"b'Wi-Fi 802.11 b/g/n, Wi-Fi Direct, hotspot'","b'4.0, A2DP'","b'Yes, with A-GPS'",b'No',b'FM radio',"b'USB Type-C 2.0, USB On-The-Go'","b'Fingerprint (front-mounted), accelerometer, gyro, proximity, compass'","b'Li-Po 7000 mAh, non-removable'",b'Fast charging 18W Quick Charge 3.0',"b'Black, Gold'","b'12 MP, PDAF 13 MP, 2x optical zoom'",b'About 1150 EUR',b'CDMA 800',,b'Up to 915 h (3G)',b'Up to 25 h (3G)',,,b'eMMC 5.1',,,,,,,,,,,,,,,,,,,,,,,,,,,,,,,,
b'gionee',b'Gionee Steel 2',b'https://fdn2.gsmarena.com/vv/bigpic/gionee-steel-2.jpg',b'GSM / HSPA / EVDO / LTE',b'GSM 850 / 900 / 1800 / 1900 - SIM 1 & SIM 2',b'HSDPA 900 / 2100',"b'1, 3, 7, 38, 39, 40, 41'","b'HSPA 42.2/5.76 Mbps, LTE'","b'2016, December'","b'Available. Released 2017, January'",b'144.3 x 70.5 x 8.6 mm (5.68 x 2.78 x 0.34 in)',b'160 g (5.64 oz)',"b'Dual SIM (Micro-SIM, dual stand-by)'",b'IPS LCD',"b'5.0 inches, 68.9 cm2 (~67.7% screen-to-body ratio)'","b'720 x 1280 pixels, 16:9 ratio (~294 ppi density)'","b'Android 6.0 (Marshmallow), Amigo 3.5'",b'Mediatek MT6737 (28 nm)',b'Quad-core 1.25 GHz Cortex-A53',b'Mali-T720MP2',b'microSDXC (dedicated slot)',"b'16GB 3GB RAM, 32GB 3GB RAM'","b'8 MP, AF'","b'LED flash, panorama, HDR'",b'1080p@30fps',b'5 MP',b'',b'Yes',b'Yes',"b'Wi-Fi 802.11 b/g/n, Wi-Fi Direct, hotspot'","b'4.0, A2DP'","b'Yes, with A-GPS'",b'No',b'FM radio',b'microUSB 2.0',"b'Accelerometer, proximity, compass'","b'Li-Po 4000 mAh, non-removable'",,"b'Jazz Gold, Gold Black'",,b'About 210 EUR',b'CDMA2000 1xEV-DO / TD-SCDMA',,b'Up to 527 h (3G)',b'Up to 45 h (3G)',,b'S',b'eMMC 5.0',,,,,,,,,,,,,,,,,,,,,,,,,,,,,,,,
b'gionee',b'Gionee S9',b'https://fdn2.gsmarena.com/vv/bigpic/gionee-s9.jpg',b'GSM / HSPA / LTE',b'GSM 850 / 900 / 1800 / 1900 - SIM 1 & SIM 2',b'HSDPA 850 / 900 / 1900 / 2100',"b'1, 3, 7, 38, 39, 40, 41'","b'HSPA 42.2/5.76 Mbps, LTE-A (2CA) Cat6 300/50 Mbps'","b'2016, November'","b'Available. Released 2016, November'",b'154.2 x 76.4 x 7.4 mm (6.07 x 3.01 x 0.29 in)',b'168.2 g (5.93 oz)',"b'Hybrid Dual SIM (Nano-SIM, dual stand-by)'",b'LTPS IPS LCD',"b'5.5 inches, 83.4 cm2 (~70.8% screen-to-body ratio)'","b'1080 x 1920 pixels, 16:9 ratio (~401 ppi density)'","b'Android 6.0.1 (Marshmallow), Amigo 3.5'",b'Mediatek MT6755 Helio P10 (28 nm)',b'Octa-core (4x2.0 GHz Cortex-A53 & 4x1.0 GHz Cortex-A53)',b'Mali-T860MP2',b'microSDXC (uses shared SIM slot)',b'64GB 4GB RAM',b'13 MP',"b'LED flash, panorama, HDR'",b'1080p@30fps',,b'',b'Yes',b'Yes',"b'Wi-Fi 802.11 b/g/n, Wi-Fi Direct, hotspot'","b'4.0, A2DP'","b'Yes, with A-GPS'",b'No',b'FM radio',"b'microUSB 2.0, USB On-The-Go'","b'Fingerprint (rear-mounted), accelerometer, proximity, compass'","b'Li-Ion 3000 mAh, non-removable'",,"b'Black, Gold, Rose Gold'","b'13 MP, PDAF 5 MP, f/2.4, (depth)'",b'About 370 EUR',b'3D Touch display',,,,,b'Corning Gorilla Glass 4',b'eMMC 5.1',b'24-bit/192kHz audio',,,,,,,,,,,,,,,,,,,,,,,,,,,,,,,
b'gionee',b'Gionee P7',b'https://fdn2.gsmarena.com/vv/bigpic/gionee-p7.jpg',b'GSM / HSPA / EVDO / LTE',b'GSM 850 / 900 / 1800 / 1900 - SIM 1 & SIM 2',b'HSDPA 850 / 900 / 1900 / 2100',b'LTE (unspecified)',"b'HSPA 42.2/5.76 Mbps, LTE'","b'2016, December'","b'Available. Released 2016, December'",b'-',b'167 g (5.89 oz)',b'Dual SIM',b'IPS LCD',"b'5.0 inches, 68.9 cm2'","b'720 x 1280 pixels, 16:9 ratio (~294 ppi density)'","b'Android 6.0 (Marshmallow), Amigo 3.2'",,b'Quad-core 1.3 GHz',,b'microSDXC',b'16GB 2GB RAM',"b'8 MP, AF'","b'LED flash, panorama, HDR'",b'1080p@30fps',b'5 MP',b'',b'Yes',b'Yes',"b'Wi-Fi 802.11 b/g/n, Wi-Fi Direct, hotspot'","b'4.0, A2DP'","b'Yes, with A-GPS'",b'No',b'FM radio',"b'microUSB 2.0, USB On-The-Go'","b'Accelerometer, proximity'","b'Li-Ion 2300 mAh, non-removable'",,"b'White, Latte Gold, Gr\xd0\xb0y'",,b'About 140 EUR',b'CDMA2000 1xEV-DO / TD-SCDMA',,,,,b'S',,,b'P7',,,,,,,,,,,,,,,,,,,,,,,,,,,,,,
b'gionee',b'Gionee P7 Max',b'https://fdn2.gsmarena.com/vv/bigpic/gionee-p7-max-r.jpg',b'GSM / HSPA / LTE',b'GSM 850 / 900 / 1800 / 1900 - SIM 1 & SIM 2',b'HSDPA',b'LTE (unspecified)',"b'HSPA 42.2/5.76 Mbps, LTE Cat4 150/50 Mbps'","b'2016, October'","b'Available. Released 2016, October'",b'154 x 76.8 x 8.8 mm (6.06 x 3.02 x 0.35 in)',b'183 g (6.46 oz)',b'Dual SIM',b'IPS LCD',"b'5.5 inches, 83.4 cm2 (~70.5% screen-to-body ratio)'","b'720 x 1280 pixels, 16:9 ratio (~267 ppi density)'","b'Android 6.0 (Marshmallow), Amigo 3.2'",b'Mediatek MT6595',b'Octa-core 2.2 GHz',b'PowerVR G6200',b'microSDXC',b'32GB 3GB RAM',"b'13 MP, AF'","b'LED flash, HDR, panorama'",b'1080p@30fps',b'5 MP',b'',b'Yes',b'Yes',"b'Wi-Fi 802.11 b/g/n, Wi-Fi Direct, hotspot'","b'4.0, A2DP'","b'Yes, with A-GPS'",b'No',b'FM radio',b'microUSB 2.0',"b'Accelerometer, proximity, compass'","b'Li-Ion 3100 mAh, removable'",,b'Gold',,b'About 190 EUR',,,,,,,,,,,b'Yes',b'Yes',,,,,,,,,,,,,,,,,,,,,,,,,,,
b'gionee',b'Gionee F103 Pro',b'https://fdn2.gsmarena.com/vv/bigpic/gionee-f103-pro.jpg',b'GSM / HSPA / LTE',b'GSM 850 / 900 / 1800 / 1900 - SIM 1 & SIM 2',b'HSDPA 900 / 1900 / 2100',"b'3, 5, 40'","b'HSPA 42.2/5.76 Mbps, LTE Cat4 150/50 Mbps'","b'2016, September'","b'Available. Released 2016, October'",b'145.3 x 70.5 x 8.5 mm (5.72 x 2.78 x 0.33 in)',b'143 g (5.04 oz)',"b'Dual SIM (Micro-SIM, dual stand-by)'",b'IPS LCD',"b'5.0 inches, 68.9 cm2 (~67.3% screen-to-body ratio)'","b'720 x 1280 pixels, 16:9 ratio (~294 ppi density)'","b'Android 6.0 (Marshmallow), Amigo 3.2'",,b'Quad-core 1.3 GHz',,b'No',b'16GB 3GB RAM',"b'13 MP, AF'","b'LED flash, HDR, panorama'",b'1080p@30fps',b'5 MP',b'',b'Yes',b'Yes',"b'Wi-Fi 802.11 b/g/n, Wi-Fi Direct, hotspot'","b'4.0, A2DP'","b'Yes, with A-GPS'",b'No',b'FM radio',"b'microUSB 2.0, USB On-The-Go'","b'Accelerometer, proximity, compass'","b'Li-Po 2400 mAh, removable'",,"b'Gold, White, Gray'",,,,,b'Up to 387 h (3G)',b'Up to 13 h 20 min (3G)',,b'Asahi Dragontrail Glass',,,b'F103 Pro',,,,,,,,,,,,,,,,,,b'0.54 W/kg (head) \xc2\xa0 \xc2\xa0 0.75 W/kg (body)',,,,,,,,,,,,
b'gionee',b'Gionee S6s',b'https://fdn2.gsmarena.com/vv/bigpic/gionee-s6s.jpg',b'GSM / HSPA / LTE',b'GSM 850 / 900 / 1800 / 1900 - SIM 1 & SIM 2',b'HSDPA 900 / 1900 / 2100',"b'3, 5, 40'","b'HSPA 42.2/5.76 Mbps, LTE Cat4 150/50 Mbps'","b'2016, August'","b'Available. Released 2016, August'",b'154.5 x 75.6 x 8.3 mm (6.08 x 2.98 x 0.33 in)',b'166 g (5.86 oz)',"b'Hybrid Dual SIM (Nano-SIM/ Micro-SIM, dual stand-by)'",b'IPS LCD',"b'5.5 inches, 83.4 cm2 (~71.4% screen-to-body ratio)'","b'1080 x 1920 pixels, 16:9 ratio (~401 ppi density)'","b'Android 6.0 (Marshmallow), upgradable to 7.0 (Nougat), Amigo 3.2'",b'Mediatek MT6753 (28 nm)',b'Octa-core 1.3 GHz Cortex-A53',b'Mali-T720MP3',b'microSDXC (uses shared SIM slot)',b'32GB 3GB RAM',"b'13 MP, f/2.0, 1/3.1"", 1.12\xc2\xb5m, PDAF'","b'LED flash, panorama, HDR'",b'1080p@30fps',"b'8 MP, f/2.2'",b'',b'Yes',b'Yes',"b'Wi-Fi 802.11 b/g/n, Wi-Fi Direct, hotspot'","b'4.0, A2DP'","b'Yes, with A-GPS'",b'No',b'FM radio',b'USB Type-C 2.0',"b'Fingerprint (rear-mounted), accelerometer, proximity, compass'","b'Li-Po 3150 mAh, non-removable'",,"b'Mocha Gold, Latte Gold'",,b'About 280 EUR',,,b'Up to 400 h (2G) / Up to 394 h (3G)',b'Up to 23 h (2G) / Up to 11 h 30 min (3G)',b'LED flash',b'Corning Gorilla Glass 3',,,b'S6s',,,,,,,,,,,,,,,,,,b'0.26 W/kg (head) \xc2\xa0 \xc2\xa0 0.47 W/kg (body)',,,,,,,,,,,,
b'gionee',b'Gionee M6 Plus',b'https://fdn2.gsmarena.com/vv/bigpic/gionee-m6-plus.jpg',b'GSM / HSPA / EVDO / LTE',b'GSM 850 / 900 / 1800 / 1900 - SIM 1 & SIM 2',b'HSDPA 850 / 900 / 1900 / 2100',"b'1, 3, 7, 38, 39, 40, 41'","b'HSPA 42.2/5.76 Mbps, LTE-A (2CA) Cat6 300/50 Mbps'","b'2016, July'","b'Available. Released 2016, September'",b'160.5 x 80.6 x 8.2 mm (6.32 x 3.17 x 0.32 in)',b'215 g (7.58 oz)',"b'Dual SIM (Micro-SIM, dual stand-by)'",b'AMOLED',"b'6.0 inches, 99.2 cm2 (~76.7% screen-to-body ratio)'","b'1080 x 1920 pixels, 16:9 ratio (~367 ppi density)'","b'Android 6.0 (Marshmallow), Amigo 3.5'",b'Mediatek MT6755 Helio P10 (28 nm)',b'Octa-core (4x2.0 GHz Cortex-A53 & 4x1.0 GHz Cortex-A53)',b'Mali-T860MP2',b'microSDXC (dedicated slot)',"b'64GB 4GB RAM, 128GB 4GB RAM'","b'16 MP, f/1.8, PDAF'","b'Dual-LED flash, panorama, HDR'",b'1080p@30fps',"b'8 MP, f/2.2, 1/4"", 1.12\xc2\xb5m'",b'',b'Yes',b'No',"b'Wi-Fi 802.11 b/g/n, Wi-Fi Direct, hotspot'","b'4.0, A2DP'","b'Yes, with A-GPS'",b'No',"b'FM radio, RDS, recording'","b'microUSB 2.0, USB On-The-Go'","b'Fingerprint (rear-mounted), accelerometer, gyro, proximity, compass'","b'Li-Po 6020 mAh, non-removable'",b'Charging 10W Reverse charging',b'Champagne',,,b'CDMA2000 1xEV-DO / TD-SCDMA',,,,,,b'eMMC 5.1',,b'GN8002S',,,,,,,,,,,b'Yes',,,,,,,,,,,,,,,,,,,
b'gionee',b'Gionee M6',b'https://fdn2.gsmarena.com/vv/bigpic/gionee-m6.jpg',b'GSM / HSPA / EVDO / LTE',b'GSM 850 / 900 / 1800 / 1900 - SIM 1 & SIM 2',b'HSDPA 850 / 900 / 1900 / 2100',"b'1, 3, 7, 38, 39, 40, 41'","b'HSPA 42.2/5.76 Mbps, LTE-A (2CA) Cat6 300/50 Mbps'","b'2016, July'","b'Available. Released 2016, September'",b'152.3 x 75.3 x 8.2 mm (6.00 x 2.96 x 0.32 in)',b'180 g (6.35 oz)',"b'Dual SIM (Micro-SIM, dual stand-by)'",b'AMOLED',"b'5.5 inches, 83.4 cm2 (~72.7% screen-to-body ratio)'","b'1080 x 1920 pixels, 16:9 ratio (~401 ppi density)'","b'Android 6.0 (Marshmallow), Amigo 3.5'",b'Mediatek MT6755 Helio P10 (28 nm)',b'Octa-core (4x1.8 GHz Cortex-A53 & 4x1.0 GHz Cortex-A53)',b'Mali-T860MP2',b'microSDXC (dedicated slot)',"b'64GB 4GB RAM, 128GB 4GB RAM'","b'13 MP, f/2.0, 1/3.1"", 1.12\xc2\xb5m, PDAF'","b'Dual-LED flash, panorama, HDR'",b'1080p@30fps',"b'8 MP, f/2.2, 1/4"", 1.12\xc2\xb5m'",b'',b'Yes',b'Yes',"b'Wi-Fi 802.11 b/g/n, Wi-Fi Direct, hotspot'","b'4.0, A2DP'","b'Yes, with A-GPS'",b'No',"b'FM radio, RDS, recording'","b'microUSB 2.0, USB On-The-Go'","b'Fingerprint (rear-mounted), accelerometer, gyro, proximity, compass'","b'Li-Po 5000 mAh, non-removable'",b'Charging 10W Reverse charging',"b'Champagne, Gold'",,,b'CDMA2000 1xEV-DO / TD-SCDMA',,,,,,b'eMMC 5.1',,"b'M6, GN8003'",,,,,,,,,,,b'Yes',,,,,,,,,,,,,,,,,,,
b'gionee',b'Gionee S6 Pro',b'https://fdn2.gsmarena.com/vv/bigpic/gionee-s6-pro.jpg',b'GSM / HSPA / EVDO / LTE',b'GSM 850 / 900 / 1800 / 1900 - SIM 1 & SIM 2',b'HSDPA 850 / 900 / 1900 / 2100',"b'1, 3, 7, 38, 39, 40, 41'","b'HSPA 42.2/5.76 Mbps, LTE-A (2CA) Cat6 300/50 Mbps'","b'2016, June'","b'Available. Released 2016, June'",b'153 x 75.3 x 7.6 mm (6.02 x 2.96 x 0.30 in)',b'170 g (6.00 oz)',"b'Hybrid Dual SIM (Nano-SIM/ Micro-SIM, dual stand-by)'",b'IPS LCD',"b'5.5 inches, 83.4 cm2 (~72.4% screen-to-body ratio)'","b'1080 x 1920 pixels, 16:9 ratio (~401 ppi density)'","b'Android 6.0.1 (Marshmallow), Amigo 3.2'",b'Mediatek MT6755 Helio P10 (28 nm)',b'Octa-core (4x1.8 GHz Cortex-A53 & 4x1.0 GHz Cortex-A53)',b'Mali-T860MP2',b'microSDXC (uses shared SIM slot)',b'64GB 4GB RAM',"b'13 MP, f/2.0, PDAF'","b'LED flash, panorama, HDR'",b'1080p@30fps',b'8 MP',b'',b'Yes',b'Yes',"b'Wi-Fi 802.11 b/g/n, Wi-Fi Direct, hotspot'","b'4.0, A2DP'","b'Yes, with A-GPS'",b'No',b'FM radio',"b'USB Type-C 2.0, USB On-The-Go'","b'Fingerprint (rear-mounted), accelerometer, gyro, proximity, compass'","b'Li-Po 3130 mAh, non-removable'",,"b'Gold, Silver, Rose Gold'",,b'About 390 EUR',b'CDMA2000 1xEV-DO / TD-SCDMA',,b'Up to 558 h (3G)',b'Up to 38 h 30 min (3G)',,,b'eMMC 5.1',,b'S6 Pro',,,,,,,,,,,,,,,,,,,,,,,,,,,,,,
b'gionee',b'Gionee P5 Mini',b'https://fdn2.gsmarena.com/vv/bigpic/gionee-p5-mini-.jpg',b'GSM / HSPA',b'GSM 850 / 900 / 1800 / 1900 - SIM 1 & SIM 2',b'HSDPA 900 / 2100',,b'HSPA',"b'2016, March'","b'Available. Released 2016, April'",b'132 x 66 x 9.1 mm (5.20 x 2.60 x 0.36 in)',b'153 g (5.40 oz)',b'Dual SIM',b'IPS LCD',"b'4.5 inches, 55.8 cm2 (~64.1% screen-to-body ratio)'","b'480 x 854 pixels, 16:9 ratio (~218 ppi density)'",b'Android 5.0 (Lollipop)',b'Mediatek MT6580M (28 nm)',b'Quad-core 1.3 GHz Cortex-A7',b'Mali-400MP2',b'microSDHC (dedicated slot)',b'8GB 1GB RAM',"b'5 MP, AF'",b'LED flash',b'Yes',b'2 MP',b'',b'Yes',b'Yes',"b'Wi-Fi 802.11 b/g/n, hotspot'","b'4.0, A2DP'","b'Yes, with A-GPS'",b'No',b'FM radio',b'microUSB 2.0',b'Accelerometer',"b'Li-Ion 1800 mAh, removable'",,"b'White, Black, Blue'",,b'About 90 EUR',,,,,,,,,b'P5 mini',,,,,,,,,,,,,,,,,,,,,,,,,,,,,,
b'gionee',b'Gionee W909',b'https://fdn2.gsmarena.com/vv/bigpic/gionee-w909-.jpg',b'GSM / HSPA / LTE',b'GSM 900 / 1800 / 1900',b'HSDPA',b'LTE (unspecified)',"b'HSPA 42.2/5.76 Mbps, LTE'","b'2016, March'","b'Available. Released 2016, June'",b'124.1 x 62.8 x 16.5 mm (4.89 x 2.47 x 0.65 in)',b'207.7 g (7.41 oz)',b'Micro-SIM',b'IPS LCD',"b'4.2 inches, 48.6 cm2 (~62.4% screen-to-body ratio)'","b'720 x 1280 pixels, 16:9 ratio (~350 ppi density)'",b'Android 5.1 (Lollipop)',b'Mediatek MT6755 Helio P10 (28 nm)',b'Octa-core (4x2.0 GHz Cortex-A53 & 4x1.0 GHz Cortex-A53)',b'Mali-T860MP2',b'microSDXC (dedicated slot)',b'64GB 4GB RAM',"b'16 MP, AF'","b'LED flash, panorama, HDR'",b'1080p@30fps',b'5 MP',b'',b'Yes',b'Yes',"b'Wi-Fi 802.11 b/g/n, Wi-Fi Direct, hotspot'","b'4.0, A2DP, LE'","b'Yes, with A-GPS'",b'No',b'FM radio',b'USB Type-C',"b'Fingerprint (rear-mounted), accelerometer, proximity'","b'Li-Ion 2530 mAh, non-removable'",,b'Rose gold/Black',,b'About 550 EUR',"b'External IPS LCD  720 x 1280 pixels, 4.2 inches'",,,,,,b'eMMC 5.1',,,,b'Yes',b'Yes',,,,,,,,,,,,,,,,,,,,,,,,,,,
b'gionee',b'Gionee S8',b'https://fdn2.gsmarena.com/vv/bigpic/gionee-elife-s8.jpg',b'GSM / HSPA / LTE',b'GSM 850 / 900 / 1800 / 1900 - SIM 1 & SIM 2',b'HSDPA 850 / 900 / 2100',"b'3, 7, 38, 39, 40'","b'HSPA 42.2/5.76 Mbps, LTE-A (2CA) Cat6 300/50 Mbps'","b'2016, February'","b'Available. Released 2016, June'",b'154.3 x 74.9 x 7 mm (6.07 x 2.95 x 0.28 in)',b'147.2 g (5.19 oz)',"b'Hybrid Dual SIM (Micro-SIM/Nano-SIM, dual stand-by)'",b'AMOLED',"b'5.5 inches, 83.4 cm2 (~72.2% screen-to-body ratio)'","b'1080 x 1920 pixels, 16:9 ratio (~401 ppi density)'","b'Android 6.0.1 (Marshmallow), Amigo 3.2'",b'Mediatek MT6755 Helio P10 (28 nm)',b'Octa-core (4x1.9 GHz Cortex-A53 & 4x1.0 GHz Cortex-A53)',b'Mali-T860MP2',b'microSDXC (uses shared SIM slot)',b'64GB 4GB RAM',"b'16 MP, f/1.8, PDAF, Laser AF'","b'LED flash, panorama, HDR'",b'1080p@30fps',"b'8 MP, 1/4""'",b'',b'Yes',b'Yes',"b'Wi-Fi 802.11 b/g/n, Wi-Fi Direct, hotspot'","b'4.0, A2DP'","b'Yes, with A-GPS'",b'No',b'FM radio',"b'microUSB 2.0, USB On-The-Go'","b'Fingerprint (rear-mounted), accelerometer, proximity, compass'","b'Li-Ion 3000 mAh, non-removable'",,"b'Gray, Gold, Rose Gold'",,b'About 450 EUR',b'3D Touch display',,,,,b'Corning Gorilla Glass 4',b'eMMC 5.1',b'24-bit/192kHz audio',,,,,,,,,,,,,,,,,,,,,,,,,,,,,,,
b'gionee',b'Gionee Marathon M5 mini',b'https://fdn2.gsmarena.com/vv/bigpic/Gionee-M5-Mini-.jpg',b'GSM / HSPA',b'GSM 850 / 900 / 1800 / 1900 - SIM 1 & SIM 2',b'HSDPA 900 / 1900 / 2100',,b'HSPA',"b'2016, January'","b'Available. Released 2016, February'",b'143.5 x 71 x 9.6 mm (5.65 x 2.80 x 0.38 in)',b'-',"b'Dual SIM (Micro-SIM, dual stand-by)'",b'IPS LCD',"b'5.0 inches, 68.9 cm2 (~67.6% screen-to-body ratio)'","b'720 x 1280 pixels, 16:9 ratio (~294 ppi density)'","b'Android 5.1 (Lollipop), Amigo 3.1'",b'Mediatek MT6580 (28 nm)',b'Quad-core 1.3 GHz Cortex-A7',b'Mali-400MP2',b'microSDXC (dedicated slot)',b'16GB 2GB RAM',"b'8 MP, AF'","b'LED flash, panorama, HDR'",b'Yes',b'5 MP',b'',b'Yes',b'Yes',"b'Wi-Fi 802.11 b/g/n, Wi-Fi Direct, hotspot'","b'4.0, A2DP'","b'Yes, with A-GPS'",b'No',b'FM radio',"b'microUSB 2.0, USB On-The-Go'",b'Yes',"b'Li-Po 4000 mAh, non-removable'",b'Reverse charging',"b'White, Gold, Black'",,b'About 120 EUR',,,,b'Up to 18 h (3G)',,,,,b'M5 mini',,,,,,,,,,,b'Yes',,,,,,,,,,,,,,,,,,,
b'gionee',b'Gionee Marathon M5 enjoy',b'https://fdn2.gsmarena.com/vv/bigpic/gionee-marathon-m5-e.jpg',b'GSM / CDMA / HSPA / LTE',b'GSM 850 / 900 / 1800 / 1900 - SIM 1 & SIM 2',b'HSDPA 850 / 900 / 1900 / 2100',"b'1, 3, 7, 38, 39, 40, 41'","b'HSPA, LTE'","b'2015, December. Released 2015, December'",b'Discontinued',b'155 x 76 x 9 mm (6.10 x 2.99 x 0.35 in)',b'200 g (7.05 oz)',"b'Dual SIM (Micro-SIM, dual stand-by)'",b'TFT',"b'5.5 inches, 83.4 cm2 (~70.8% screen-to-body ratio)'","b'720 x 1280 pixels, 16:9 ratio (~267 ppi density)'","b'Android 5.1 (Lollipop), Amigo 3.1'",b'Mediatek MT6735 (28 nm)',b'Quad-core 1.0 GHz Cortex-A53',b'Mali-T720MP2',b'microSDXC (dedicated slot)',b'16GB 3GB RAM',"b'8 MP, AF'","b'LED flash, panorama, HDR'",b'1080p@30fps',b'5 MP',b'',b'Yes',b'Yes',"b'Wi-Fi 802.11 b/g/n, Wi-Fi Direct, hotspot'","b'4.0, A2DP'","b'Yes, with A-GPS'",b'No',b'FM radio',b'microUSB 2.0',"b'Fingerprint (front-mounted), accelerometer, proximity, compass'","b'Li-Po 5000 mAh, non-removable'",,"b'White, Gold'",,b'About 340 EUR',b'CDMA 800',,b'Up to 775 h',b'Up to 52 h',,,b'TD-SCDMA',,,,,,,,,,,,,,,,,,,,,,,,,,,,,,,,
b'gionee',b'Gionee Marathon M5 Plus',b'https://fdn2.gsmarena.com/vv/bigpic/gionee-m5-plus.jpg',b'GSM / CDMA / HSPA / LTE',b'GSM 850 / 900 / 1800 / 1900 - SIM 1 & SIM 2',b'HSDPA 850 / 900 / 1900 / 2100',"b'1, 3, 7, 38, 39, 40, 41'","b'HSPA, LTE'","b'2015, December. Released 2015, December'",b'Discontinued',b'160.9 x 81.2 x 8.4 mm (6.33 x 3.20 x 0.33 in)',b'208 g (7.34 oz)',"b'Dual SIM (Micro-SIM, dual stand-by)'",b'AMOLED',"b'6.0 inches, 98.7 cm2 (~75.5% screen-to-body ratio)'","b'1080 x 1920 pixels, 16:9 ratio (~368 ppi density)'","b'Android 5.1 (Lollipop), Amigo 3.1'",b'Mediatek MT6753 (28 nm)',b'Octa-core 1.3 GHz Cortex-A53',b'Mali-T720MP3',b'microSDXC (dedicated slot)',b'64GB 3GB RAM',"b'13 MP, f/2.2, PDAF'","b'LED flash, panorama, HDR'",b'1080p@30fps',b'5 MP',b'',b'Yes',b'Yes',"b'Wi-Fi 802.11 b/g/n, Wi-Fi Direct, hotspot'","b'4.0, A2DP'","b'Yes, with A-GPS'",b'No',b'FM radio',b'USB Type-C',"b'Fingerprint (front-mounted), accelerometer, proximity, compass'","b'Li-Po 5020 mAh, non-removable'",,"b'White, Gold'",,b'About 420 EUR',b'CDMA 800',,b'Up to 829 h',b'Up to 53 h',,,b'TD-SCDMA',,"b'M5 Plus, GN8001'",,,,,,,,,,,,,,,,,,,,,,,,,,,,,,
b'gionee',b'Gionee Marathon M5 lite',b'https://fdn2.gsmarena.com/vv/bigpic/gionee-marathon-m5-lite.jpg',b'GSM / HSPA / LTE',b'GSM 850 / 900 / 1800 / 1900 - SIM 1 & SIM 2',b'HSDPA 900 / 1900 / 2100',"b'1, 3, 7, 40'","b'HSPA 42.2/11.5 Mbps, LTE Cat4 150/50 Mbps'","b'2015, December'","b'Available. Released 2016, January'",b'143 x 69.9 x 8.5 mm (5.63 x 2.75 x 0.33 in)',b'183 g (6.46 oz)',b'Dual SIM',b'IPS LCD',"b'5.0 inches, 68.9 cm2 (~68.9% screen-to-body ratio)'","b'720 x 1280 pixels, 16:9 ratio (~294 ppi density)'","b'Android 5.1 (Lollipop), Amigo 3.1'",b'Mediatek MT6735 (28 nm)',b'Quad-core 1.3 GHz Cortex-A53',b'Mali-T720MP2',b'microSDXC (dedicated slot)',b'32GB 3GB RAM',"b'8 MP, AF'","b'LED flash, panorama, HDR'",b'1080p@30fps',b'5 MP',b'',"b'Yes, with stereo speakers'",b'Yes',"b'Wi-Fi 802.11 b/g/n, Wi-Fi Direct, hotspot'","b'4.0, A2DP'","b'Yes, with A-GPS'",b'No',b'FM radio',b'microUSB 2.0',"b'Accelerometer, proximity, compass'","b'Li-Po 4000 mAh, non-removable'",,"b'Gold, Gray'",,b'About 170 EUR',,,b'Up to 450 h (2G) / Up to 400 h (3G)',b'Up to 33 h (2G) / Up to 19 h (3G)',,b'Asahi Dragontrail Glass',,,b'M5_lite',,,,,,,,,,,,,,,,,b'0.38 W/kg (head) \xc2\xa0 \xc2\xa0 0.54 W/kg (body)',,,,,,,,,,,,,
b'gionee',b'Gionee Pioneer P5W',b'https://fdn2.gsmarena.com/vv/bigpic/gionee-p5w-.jpg',b'GSM / HSPA',b'GSM 850 / 900 / 1800 / 1900 - SIM 1 & SIM 2',b'HSDPA 900 / 1900 / 2100',,b'HSPA',"b'2015, December'","b'Available. Released 2016, January'",b'143.3 x 72 x 8.9 mm (5.64 x 2.83 x 0.35 in)',b'153 g (5.40 oz)',b'Dual SIM',b'IPS LCD',"b'5.0 inches, 68.9 cm2 (~66.8% screen-to-body ratio)'","b'720 x 1280 pixels, 16:9 ratio (~294 ppi density)'",b'Android 5.1 (Lollipop)',b'Mediatek MT6735 (28 nm)',b'Quad-core 1.3 GHz Cortex-A53',b'Mali-T720MP2',b'microSDHC (dedicated slot)',b'16GB 1GB RAM',"b'5 MP, AF'",b'LED flash',b'1080p@30fps',b'2 MP',b'',b'Yes',b'Yes',"b'Wi-Fi 802.11 b/g/n, Wi-Fi Direct, hotspot'","b'4.0, A2DP'","b'Yes, with A-GPS'",b'No',b'FM radio',b'microUSB 2.0',"b'Accelerometer, proximity'","b'Li-Ion 2000 mAh, removable'",,"b'White, Blue, Red, Yellow, Black'",,b'About 90 EUR',,,,,,,,,b'P5W',,,,,,,,,,,,,,,,,,,,,,,,,,,,,,
b'gionee',b'Gionee S6',b'https://fdn2.gsmarena.com/vv/bigpic/gionee-elife-s6.jpg',b'GSM / HSPA / LTE',b'GSM 850 / 900 / 1800 / 1900 - SIM 1 & SIM 2',b'HSDPA',b'LTE (unspecified)',"b'HSPA, LTE Cat4 150/50 Mbps'","b'2015, November. Released 2015, November'",b'Discontinued',b'151.9 x 74.6 x 6.9 mm (5.98 x 2.94 x 0.27 in)',b'147 g (5.19 oz)',"b'Hybrid Dual SIM (Nano-SIM/ Micro-SIM, dual stand-by)'",b'AMOLED',"b'5.5 inches, 83.4 cm2 (~73.6% screen-to-body ratio)'","b'720 x 1280 pixels, 16:9 ratio (~267 ppi density)'","b'Android 5.1.1 (Lollipop), Amigo 3.1'",b'Mediatek MT6753 (28 nm)',b'Octa-core 1.3 GHz Cortex-A53',b'Mali-T720MP3',b'microSDXC (uses shared SIM slot)',b'32GB 3GB RAM',"b'13 MP, f/2.0, AF'","b'LED flash, panorama, HDR'",b'1080p@30fps',b'5 MP',b'',b'Yes',b'Yes',"b'Wi-Fi 802.11 b/g/n, Wi-Fi Direct, hotspot'","b'4.0, A2DP'","b'Yes, with A-GPS'",b'No',b'FM radio',b'USB Type-C 2.0',b'Yes',"b'Li-Ion 3150 mAh, non-removable'",,b'Gold',,b'About 290 EUR',,,,,,,,,b'S6',,b'Yes',b'Yes',,,,,,,,,,,,,,,,,,,,,,,,,,,
b'gionee',b'Gionee Elife S Plus',b'https://fdn2.gsmarena.com/vv/bigpic/gionee-elife-s-plus-.jpg',b'GSM / HSPA / LTE',b'GSM 850 / 900 / 1800 / 1900 - SIM 1 & SIM 2',b'HSDPA 900 / 1900 / 2100',"b'3, 40'","b'HSPA, LTE Cat4 150/50 Mbps'","b'2015, November. Released 2015, December'",b'Discontinued',b'155 x 76.4 x 7.5 mm (6.10 x 3.01 x 0.30 in)',b'158 g (5.57 oz)',b'Dual SIM',b'AMOLED',"b'5.5 inches, 83.4 cm2 (~70.4% screen-to-body ratio)'","b'720 x 1280 pixels, 16:9 ratio (~267 ppi density)'","b'Android 5.1.1 (Lollipop), Amigo OS 3.1'",b'Mediatek MT6753 (28 nm)',b'Octa-core 1.3 GHz Cortex-A53',b'Mali-T720MP3',b'microSDXC (dedicated slot)',b'16GB 3GB RAM',"b'13 MP, f/2.0, AF'","b'LED flash, panorama, HDR'",b'1080p@30fps',b'5 MP',b'',b'Yes',b'Yes',"b'Wi-Fi 802.11 b/g/n, Wi-Fi Direct, hotspot'","b'4.0, A2DP'","b'Yes, with A-GPS'",b'No',b'FM radio',b'USB Type-C 2.0',"b'Accelerometer, proximity, compass'","b'Li-Ion 3150 mAh, removable'",,"b'White, Gold, Dark Blue'",,,,,b'Up to 315 h (2G) / Up to 252 h (3G)',b'Up to 21 h (2G) / Up to 9 h (3G)',,b'Corning Gorilla Glass 3',,,,,,,,,,,,,,,,,,,,,b'0.80 W/kg (head) \xc2\xa0 \xc2\xa0 0.42 W/kg (body)',,,,,,,,,,,,
b'gionee',b'Gionee F103',b'https://fdn2.gsmarena.com/vv/bigpic/gionee-f103.jpg',b'GSM / HSPA / LTE',b'GSM 850 / 900 / 1800 / 1900 - SIM 1 & SIM 2',b'HSDPA 900 / 1900 / 2100',"b'3, 40'","b'HSPA, LTE'","b'2015, September. Released 2015, October'",b'Discontinued',b'143 x 70.3 x 8 mm (5.63 x 2.77 x 0.31 in)',b'136.6 g (4.83 oz)',b'Dual SIM (dual stand-by)',b'IPS LCD',"b'5.0 inches, 68.9 cm2 (~68.6% screen-to-body ratio)'","b'720 x 1280 pixels, 16:9 ratio (~294 ppi density)'","b'Android 5 (Lollipop), Amigo 3'",b'Mediatek MT6735 (28 nm)',b'Quad-core 1.3 GHz Cortex-A53',b'Mali-T720MP2',b'microSDHC (dedicated slot)',b'16GB 2GB RAM',"b'8 MP, AF'","b'LED flash, panorama, HDR'",b'720p@30fps',b'5 MP',b'',b'Yes',b'Yes',"b'Wi-Fi 802.11 b/g/n, Wi-Fi Direct, hotspot'","b'2.0, A2DP'","b'Yes, with A-GPS'",b'No',b'FM radio',"b'microUSB 2.0, USB On-The-Go'","b'Accelerometer, proximity, compass'","b'Li-Ion 2400 mAh, removable'",,"b'Pearl White, Dawn White & black'",,b'About 130 EUR',,,b'Up to 240 h (2G) / Up to 267 h (3G)',b'Up to 28 h (2G) / Up to 11 h (3G)',,,,,b'F103',,,,,,,,,,,,,,,,,,b'0.77 W/kg (head) \xc2\xa0 \xc2\xa0 0.85 W/kg (body)',,,,,,,,,,,,
b'gionee',b'Gionee Elife E8',b'https://fdn2.gsmarena.com/vv/bigpic/gionee-elife-e8-new1.jpg',b'GSM / HSPA / LTE',b'GSM 850 / 900 / 1800 / 1900 - SIM 1 & SIM 2',b'HSDPA 900 / 1900 / 2100',"b'1, 3, 7, 20, 38, 39, 40, 41'","b'HSPA, LTE Cat4 150/50 Mbps'","b'2015, June. Released 2015, October'",b'Discontinued',b'164 x 82.3 x 9.6 mm (6.46 x 3.24 x 0.38 in)',b'210 g (7.41 oz)',"b'Dual SIM (Micro-SIM, dual stand-by)'",b'AMOLED',"b'6.0 inches, 99.2 cm2 (~73.5% screen-to-body ratio)'","b'1440 x 2560 pixels, 16:9 ratio (~490 ppi density)'","b'Android 5.1 (Lollipop), Amigo 3.1'",b'Mediatek MT6795 Helio X10 (28 nm)',b'Octa-core 2.0 GHz Cortex-A53',b'PowerVR G6200',b'microSDXC (dedicated slot)',b'64GB 3GB RAM',"b'24 MP, f/2.0, PDAF, OIS'","b'Dual-LED dual-tone flash, panorama, HDR'",b'4K@30fps',"b'8 MP, AF'",b'',"b'Yes, with stereo speakers'",b'Yes',"b'Wi-Fi 802.11 a/b/g/n/ac, dual-band, Wi-Fi Direct, hotspot'","b'4.0, A2DP, EDR'","b'Yes, with A-GPS'",b'Yes',"b'FM radio, recording'","b'microUSB 2.0, USB On-The-Go'","b'Fingerprint (rear-mounted), accelerometer, gyro, proximity, compass'","b'Li-Po 3500 mAh, non-removable'",,b'Gold',,b'About 480 EUR',b'eMMC 5.0',,b'Up to 437 h (2G) / Up to 500 h (3G)',b'Up to 39 h (2G) / Up to 20 h (3G)',,,b'24-bit/192kHz audio',,,,,,,,,,,,,,,,,,,,,,,,,,,,,,,,
b'gionee',b'Gionee S5.1 Pro',b'https://fdn2.gsmarena.com/vv/bigpic/gionee-s51-pro.jpg',b'GSM / HSPA / LTE',b'GSM 850 / 900 / 1800 / 1900 - SIM 1 & SIM 2',b'HSDPA 850 / 900 / 1900 / 2100',b'LTE (unspecified)',"b'HSPA, LTE Cat4 150/50 Mbps'","b'2015, September. Released 2015, November'",b'Discontinued',b'145.1 x 70 x 6.4 mm (5.71 x 2.76 x 0.25 in)',b'129 g (4.55 oz)',"b'Hybrid Dual SIM (Micro-SIM, nano-SIM, dual stand-by)'",b'AMOLED',"b'5.0 inches, 68.9 cm2 (~67.9% screen-to-body ratio)'","b'720 x 1280 pixels, 16:9 ratio (~294 ppi density)'","b'Android 5.1.1 (Lollipop), Amigo 3'",b'Mediatek MT6753 (28 nm)',b'Octa-core 1.3 GHz Cortex-A53',b'Mali-T720MP3',b'microSDXC (uses shared SIM slot)',b'16GB 2GB RAM',"b'13 MP, f/2.0, AF'","b'LED flash, panorama, HDR'",b'1080p@30fps',b'8 MP',b'',b'Yes',b'Yes',"b'Wi-Fi 802.11 a/b/g/n/ac, hotspot, Wi-Fi Direct'","b'4.0, A2DP, LE'","b'Yes, with A-GPS'",b'No',b'FM radio',"b'microUSB 2.0, USB On-The-Go'","b'Accelerometer, gyro, proximity, compass'","b'Li-Ion 2400 mAh, non-removable'",,b'White',,,b'TD-SCDMA',,,,,b'Corning Gorilla Glass 4',,,,,,,,,,,,,,,,,,,,,,,,,,,,,,,,,
b'gionee',b'Gionee Marathon M4',b'https://fdn2.gsmarena.com/vv/bigpic/gionee-marathon-m4.jpg',b'GSM / HSPA / LTE',b'GSM 850 / 900 / 1800 / 1900 - SIM 1 & SIM 2',b'HSDPA 900 / 1900 / 2100',"b'3, 40'","b'HSPA, LTE'","b'2015, August. Released 2015, August'",b'Discontinued',b'144.7 x 71.2 x 10.2 mm (5.70 x 2.80 x 0.40 in)',b'176 g (6.21 oz)',b'Dual SIM',b'Super AMOLED',"b'5.0 inches, 68.9 cm2 (~66.9% screen-to-body ratio)'","b'720 x 1280 pixels, 16:9 ratio (~294 ppi density)'","b'Android 5 (Lollipop), Amigo 3'",,b'Quad-core 1.3 GHz Cortex-A7',b'Mali-400',b'microSDHC (dedicated slot)',b'16GB 2GB RAM',"b'8 MP, AF'","b'LED flash, panorama'",b'1080p@30fps',b'5 MP',b'',b'Yes',b'Yes',"b'Wi-Fi 802.11 b/g/n, Wi-Fi Direct, hotspot'","b'2.0, A2DP'","b'Yes, with A-GPS'",b'No',b'FM radio',"b'microUSB 2.0, USB On-The-Go'","b'Accelerometer, proximity, compass'","b'Li-Ion 5000 mAh, non-removable'",,"b'Black, White'",,b'About 220 EUR',,,b'Up to 225 h (2G) / Up to 400 h (3G)',b'Up to 50 h (2G) / Up to 18 h (3G)',,,,,,,,,,,,,,,,,,,,,,,b'0.85 W/kg (head) \xc2\xa0 \xc2\xa0 0.73 W/kg (body)',,,,,,,,,,,,
b'gionee',b'Gionee Marathon M5',b'https://fdn2.gsmarena.com/vv/bigpic/gionee-marathon-m5-new.jpg',b'GSM / CDMA / HSPA / LTE',b'GSM 850 / 900 / 1800 / 1900 - SIM 1 & SIM 2',b'HSDPA 900 / 1900 / 2100',"b'1, 3, 7, 20, 38, 39, 40, 41'","b'HSPA, LTE'","b'2015, June. Released 2015, November'",b'Discontinued',b'152 x 76 x 8.6 mm (5.98 x 2.99 x 0.34 in)',b'211 g (7.44 oz)',"b'Dual SIM (Micro-SIM, dual stand-by)'",b'AMOLED',"b'5.5 inches, 83.4 cm2 (~72.2% screen-to-body ratio)'","b'720 x 1280 pixels, 16:9 ratio (~267 ppi density)'","b'Android 5.1 (Lollipop), Amigo 3.1'",b'Mediatek MT6735 (28 nm)',b'Quad-core 1.3 GHz Cortex-A53',b'Mali-T720MP2',b'microSDXC (dedicated slot)',b'32GB 3GB RAM',"b'13 MP, f/2.0, PDAF'","b'LED flash, panorama, HDR'",b'1080p@30fps',"b'5 MP, f/2.2'",b'720p',b'Yes',b'Yes',"b'Wi-Fi 802.11 b/g/n, Wi-Fi Direct, hotspot'","b'4.0, A2DP'","b'Yes, with A-GPS'",b'No',"b'FM radio, RDS, recording'","b'microUSB 2.0, USB On-The-Go'","b'Accelerometer, proximity, compass'","b'Li-Po 6020 mAh, non-removable'",b'Reverse charging',"b'White, Gold, Black'",,b'About 330 EUR',b'CDMA 800',,b'Up to 684 h (2G) / Up to 557 h (3G)',b'Up to 62 h (2G) / Up to 28 h (3G)',,b'Corning Gorilla Glass 3',,,,,,,,,,,,,,b'Yes',,,,,,b'0.32 W/kg (head) \xc2\xa0 \xc2\xa0 0.48 W/kg (body)',,,,,,,,,,,b'Endurance rating 148h',,
b'gionee',b'Gionee Pioneer P4S',b'https://fdn2.gsmarena.com/vv/bigpic/gionee-pioneer-p4.jpg',b'GSM / HSPA',b'GSM 850 / 900 / 1800 / 1900 - SIM 1 & SIM 2',b'HSDPA 900 / 2100',,b'HSPA',"b'2015, April. Released 2015, May'",b'Discontinued',b'134.5 x 67.7 x 8.7 mm (5.30 x 2.67 x 0.34 in)',b'-',b'Dual SIM (Dual stand-by)',"b'TFT, 256K colors'","b'4.5 inches, 55.8 cm2 (~61.3% screen-to-body ratio)'","b'480 x 854 pixels, 16:9 ratio (~218 ppi density)'",b'Android 4.4 (KitKat)',b'Mediatek MT6582 (28 nm)',b'Quad-core 1.3 GHz Cortex-A7',b'Mali-400MP2',b'microSDHC (dedicated slot)',b'8GB 1GB RAM',"b'5 MP, AF'",b'LED flash',b'720p@30fps',b'2 MP',b'',b'Yes',b'Yes',"b'Wi-Fi 802.11 b/g/n, hotspot'",b'2.0',"b'Yes, with A-GPS'",b'No',"b'FM radio, recording'",b'microUSB',"b'Accelerometer, proximity, compass'","b'Li-Po 1800 mAh, removable'",,"b'Black, White'",,b'About 120 EUR',,,,,,,,,,,,,,,,,,,,,,,,,,,,,,,,,,,,,,,
b'gionee',b'Gionee Elife S7',b'https://fdn2.gsmarena.com/vv/bigpic/Gionee-Elife-S7.jpg',b'GSM / HSPA / LTE',b'GSM 850 / 900 / 1800 / 1900 - SIM 1 & SIM 2',b'HSDPA 850 / 900 / 2100',"b'3, 7, 38, 39, 40'","b'HSPA, LTE'","b'2015, March. Released 2015, April'",b'Discontinued',b'148.8 x 72.4 x 5.5 mm (5.86 x 2.85 x 0.22 in)',b'125.3 g (4.41 oz)',"b'Dual SIM (Micro-SIM, dual stand-by)'",b'Super AMOLED',"b'5.2 inches, 74.5 cm2 (~69.2% screen-to-body ratio)'","b'1080 x 1920 pixels, 16:9 ratio (~424 ppi density)'","b'Android 5 (Lollipop), Amigo OS 3'",b'Mediatek MT6752 (28 nm)',b'Octa-core 1.7 GHz Cortex-A53',b'Mali-T760MP2',b'No',b'16GB 2GB RAM',"b'13 MP, f/2.0 AF'","b'LED flash, panorama, HDR'",b'1080p@30fps',"b'8 MP, 1/4""'",b'',b'Yes',b'Yes',"b'Wi-Fi 802.11 b/g/n, Wi-Fi Direct, hotspot'","b'4.0, A2DP'","b'Yes, with A-GPS'",b'No',b'FM radio',"b'microUSB 2.0, USB On-The-Go'","b'Accelerometer, proximity, compass'","b'Li-Ion 2700 mAh, non-removable'",,"b'White, Black, Maldives Blue'",,b'About 400 EUR',,,b'Up to 270 h',b'Up to 24 h (2G) / Up to 15 h 30 min (3G)',,b'Corning Gorilla Glass 3',,,b'S7',,,,,,,,,,,,,,,,,,b'0.52 W/kg (head) \xc2\xa0 \xc2\xa0 0.64 W/kg (body)',,,,,,,,,,,,
b'gionee',b'Gionee Pioneer P3S',b'https://fdn2.gsmarena.com/vv/bigpic/gionee-pioneer-p3s.jpg',b'GSM / HSPA',b'GSM 850 / 900 / 1800 / 1900',b'HSDPA 900 / 1900 / 2100',,b'HSPA',"b'2015, September. Released 2015, September'",b'Discontinued',b'133 x 67.4 x 11.2 mm (5.24 x 2.65 x 0.44 in)',b'161 g (5.68 oz)',b'Dual SIM',b'IPS LCD',"b'4.5 inches, 57.6 cm2 (~64.3% screen-to-body ratio)'","b'480 x 800 pixels, 5:3 ratio (~207 ppi density)'","b'Android 5.1 (Lollipop), Amigo 3.1'",b'Mediatek MT6580 (28 nm)',b'Quad-core 1.3 GHz Cortex-A7',b'Mali-400MP2',b'microSDHC (dedicated slot)',b'16GB 1GB RAM',"b'5 MP, AF'","b'LED flash, panorama, HDR'",b'720p@30fps',b'VGA',b'',b'Yes',b'Yes',"b'Wi-Fi 802.11 b/g/n, Wi-Fi Direct, hotspot'","b'4.0, A2DP'","b'Yes, with A-GPS'",b'No',b'FM radio',b'microUSB 2.0',"b'Accelerometer, proximity, compass'","b'Li-Ion 2000 mAh, removable'",,"b'White, Gray, Red, Gold'",,,,,b'Up to 240 h (2G) / Up to 200 h (3G)',b'Up to 22 h 30 min (2G) / Up to 9 h (3G)',,,,,,,,,,,,,,,,,,,,,,,b'0.51 W/kg (head) \xc2\xa0 \xc2\xa0 1.01 W/kg (body)',,,,,,,,,,,,
b'gionee',b'Gionee Pioneer P2M',b'https://fdn2.gsmarena.com/vv/bigpic/gionee-pioneer-p2m.jpg',b'GSM / HSPA',b'GSM 850 / 900 / 1800 / 1900',b'HSDPA 900 / 2100',,b'HSPA',"b'2015, June. Released 2015, June'",b'Discontinued',b'124 x 62.5 x 10.9 mm (4.88 x 2.46 x 0.43 in)',b'140 g (4.94 oz)',b'Dual SIM',b'IPS LCD',"b'4.0 inches, 45.5 cm2 (~58.8% screen-to-body ratio)'","b'480 x 800 pixels, 5:3 ratio (~233 ppi density)'","b'Android 5.1 (Lollipop), Amigo 3'",b'Mediatek MT6580 (28 nm)',b'Quad-core 1.3 GHz Cortex-A7',b'Mali-400MP2',b'microSDHC (dedicated slot)',b'16GB 1GB RAM',b'5 MP',"b'LED flash, HDR, panorama'",b'720p',b'VGA',b'',b'Yes',b'Yes',"b'Wi-Fi 802.11 b/g/n, Wi-Fi Direct, hotspot'","b'4.0, A2DP'","b'Yes, with A-GPS'",b'No',b'FM radio',b'microUSB 2.0',"b'Accelerometer, proximity, compass'","b'Li-Ion 3000 mAh, removable'",,"b'White, Gray, Gold'",,,,,b'Up to 340 h (2G) / Up to 300 h (3G)',b'Up to 30 h (2G) / Up to 15 h (3G)',,,,,,,,,,,,,,,,,,,,,,,b'1.06 W/kg (head) \xc2\xa0 \xc2\xa0 1.36 W/kg (body)',,,,,,,,,,,,
b'gionee',b'Gionee Pioneer P2S',b'https://fdn2.gsmarena.com/vv/bigpic/gionee-pioneer-p2s.jpg',b'GSM / HSPA',b'GSM 850 / 900 / 1800 / 1900',b'HSDPA 900 / 2100',,b'HSPA',"b'2014, May. Released 2014, May'",b'Discontinued',b'126 x 64 x 9.3 mm (4.96 x 2.52 x 0.37 in)',b'124.8 g (4.41 oz)',b'Dual SIM',b'TFT',"b'4.0 inches, 45.5 cm2 (~56.5% screen-to-body ratio)'","b'480 x 800 pixels, 5:3 ratio (~233 ppi density)'",b'Android 4.2 (Jelly Bean)',b'Mediatek MT6572W',b'Dual-core 1.3 GHz Cortex-A7',b'Mali-400',b'microSDHC (dedicated slot)',b'4GB 512MB RAM',"b'5 MP, AF'","b'LED flash, panorama'",b'720p',b'VGA',b'',b'Yes',b'Yes',"b'Wi-Fi 802.11 b/g/n, Wi-Fi Direct, hotspot'","b'4.0, A2DP'","b'Yes, with A-GPS, GLONASS'",b'No',b'FM radio',b'microUSB 2.0',"b'Accelerometer, proximity'","b'Li-Ion 1600 mAh, removable'",,"b'Black, White, Blue, Pink'",,,,,b'Up to 346 h (3G)',b'Up to 12 h 30 min (2G) / Up to 9 h (3G)',,,,,,,,,,,,,,,,,,,,,,,b'0.68 W/kg (head) \xc2\xa0 \xc2\xa0 0.70 W/kg (body)',,,,,,,,,,,,
b'gionee',b'Gionee S96',b'https://fdn2.gsmarena.com/vv/bigpic/gionee-s96.jpg',b'GSM',b'GSM 900 / 1800 - SIM 1 & SIM 2',,,,"b'2014, March. Released 2014, March'",b'Discontinued',b'128 x 52.8 x 7.4 mm (5.04 x 2.08 x 0.29 in)',b'81.3 g (2.86 oz)',b'Dual SIM',"b'TFT, 256K colors'","b'2.6 inches, 20.9 cm2 (~31.0% screen-to-body ratio)'","b'240 x 320 pixels, 4:3 ratio (~154 ppi density)'",,b'Mediatek MT6260',b'360 MHz',b'No',b'microSDHC (dedicated slot)',"b'64MB RAM, 128MB'",b'2 MP',b'LED flash',b'Yes',,,b'Yes',b'Yes',b'No',b'2.0',b'No',b'No',b'FM radio',b'microUSB',b'',"b'Li-Ion 700 mAh, removable'",,"b'White, Gold, Grey'",,,b'No',,b'Up to 206 h',b'Up to 8 h 20 min',,,b'Audio/video player',,,,b'Yes',b'No',b'Yes',b'Yes',"b'SMS, MMS, IM'",b'Downloadable',b'No',,,,,,,,,,b'0.56 W/kg (head) \xc2\xa0 \xc2\xa0 0.52 W/kg (body)',,,,,,,,,,,,
b'gionee',b'Gionee L800',b'https://fdn2.gsmarena.com/vv/bigpic/gionee-l800.jpg',b'GSM',b'GSM 900 / 1800 - SIM 1 & SIM 2',,,,"b'2015, May. Released 2015, May'",b'Discontinued',b'121 x 51 x 15.6 mm (4.76 x 2.01 x 0.61 in)',b'123.4 g (4.34 oz)',b'Dual SIM',"b'TFT, 256K colors'","b'2.6 inches, 20.9 cm2 (~33.9% screen-to-body ratio)'","b'240 x 320 pixels, 4:3 ratio (~154 ppi density)'",,b'Mediatek MT6250',b'260 MHz',b'No',b'microSDHC (dedicated slot)',"b'8MB RAM, 16MB'",b'1.3 MP',,b'Yes',,,b'Yes',b'Yes',b'No',b'2.0',b'No',b'No',b'FM radio',b'microUSB',b'',"b'Li-Ion 3000 mAh, removable'",,"b'Black, Gold'",,,b'No',,b'Up to 675 h',b'Up to 45 h',,,b'Audio/video player',,,,b'Yes',b'No',b'Yes',b'Yes',"b'SMS, MMS, IM'",b'Downloadable',b'No',,,,,,,,,,b'0.88 W/kg (head)',,,,,,,,,,,,
b'gionee',b'Gionee L700',b'https://fdn2.gsmarena.com/vv/bigpic/gionee-l700.jpg',b'GSM',b'GSM 900 / 1800 - SIM 1 & SIM 2',,,,"b'2015, May. Released 2015, May'",b'Discontinued',b'119.8 x 51.4 x 13.2 mm (4.72 x 2.02 x 0.52 in)',b'102.3 g (3.60 oz)',b'Dual SIM',"b'TFT, 256K colors'","b'2.6 inches, 20.9 cm2 (~34.0% screen-to-body ratio)'","b'240 x 320 pixels, 4:3 ratio (~154 ppi density)'",,b'Mediatek MT6250',b'260 MHz',b'No',b'microSDHC (dedicated slot)',"b'8MB RAM, 16MB'",b'1.3 MP',,b'Yes',,,b'Yes',b'Yes',b'No',b'2.0',b'No',b'No',b'FM radio',b'microUSB',b'',"b'Li-Ion 1700 mAh, removable'",,"b'Black, White'",,,b'No',,b'Up to 480 h',b'Up to 16 h',,,b'Audio/video player',,,,b'Yes',b'No',b'Yes',b'Yes',"b'SMS, IM'",b'Downloadable',b'No',,,,,,,,,,,,,,,,,,,,,,
b'gionee',b'Gionee Marathon M3',b'https://fdn2.gsmarena.com/vv/bigpic/gionee-marathon-m3.jpg',b'GSM / HSPA',b'GSM 850 / 900 / 1800 / 1900 - SIM 1 & SIM 2',b'HSDPA 900 / 2100',,b'HSPA',"b'2014, November. Released 2014, November'",b'Discontinued',b'144.5 x 71.5 x 10.4 mm (5.69 x 2.81 x 0.41 in)',b'180.3 g (6.35 oz)',b'Dual SIM (dual stand-by)',b'IPS LCD',"b'5.0 inches, 68.9 cm2 (~66.7% screen-to-body ratio)'","b'720 x 1280 pixels, 16:9 ratio (~294 ppi density)'",b'Android 4.4.2 (KitKat)',,b'Quad-core 1.3 GHz',b'Mali-450',b'microSDXC (dedicated slot)',b'8GB 1GB RAM',"b'8 MP, f/2.2, AF'","b'LED flash, panorama'",b'720p@30fps',b'2 MP',b'',b'Yes',b'Yes',"b'Wi-Fi 802.11 b/g/n, Wi-Fi Direct, hotspot'","b'4.0, A2DP'","b'Yes, with A-GPS'",b'No',b'FM radio',"b'microUSB 2.0, USB On-The-Go'","b'Accelerometer, proximity, compass'","b'Li-Ion 5000 mAh, non-removable'",,"b'Black, White'",,b'About 170 EUR',,,b'Up to 792 h',b'Up to 51 h (2G) / Up to 32 h 30 min (3G)',,,,,,,,,,,,,,,,,,,,,,,b'0.29 W/kg (head) \xc2\xa0 \xc2\xa0 0.73 W/kg (body)',,,,,,,,,,,,
b'gionee',b'Gionee Elife S5.1',b'https://fdn2.gsmarena.com/vv/bigpic/gionee-elife-s5.1.jpg',b'GSM / HSPA',b'GSM 850 / 900 / 1800 / 1900',b'HSDPA 900 / 2100',,b'HSPA',"b'2014, September. Released 2014, November'",b'Discontinued',b'139.8 x 67.4 x 5.2 mm (5.50 x 2.65 x 0.20 in)',b'97.7 g (3.42 oz)',b'Micro-SIM',b'AMOLED',"b'4.8 inches, 63.5 cm2 (~67.4% screen-to-body ratio)'","b'720 x 1280 pixels, 16:9 ratio (~306 ppi density)'","b'Android 4.4.2 (KitKat), Amigo OS 2'",b'Mediatek MT6592 (28 nm)',b'Octa-core 1.7 GHz Cortex-A7',b'Mali-450MP4',b'No',b'16GB 1GB RAM',"b'8 MP, f/2.2, AF'","b'LED flash, panorama, HDR'",b'1080p@30fps',"b'5 MP, f/2.4'",b'',b'Yes',b'Yes',"b'Wi-Fi 802.11 b/g/n, hotspot'","b'4.0, A2DP'","b'Yes, with A-GPS'",b'No',b'FM radio',"b'microUSB 2.0, USB On-The-Go'","b'Accelerometer, gyro, proximity, compass'","b'Li-Ion 2050 mAh, non-removable'",,"b'Black, White, Pink, Mint Green'",,b'About 240 EUR',,,,,,,,,,,,,,,,,,,,,,,,,,,,,,,,,,b'Photo / Video',b'Voice 64dB / Noise 64dB / Ring 66dB',b'Noise -91.2dB / Crosstalk -82.7dB',b'Endurance rating 55h',b'Basemark OS II 2.0: 546Basemark X: 4150',"b'Contrast ratio: Infinite (nominal), 2.812 (sunlight)'"
b'gionee',b'Gionee Pioneer P6',b'https://fdn2.gsmarena.com/vv/bigpic/gionee-pioneer-p6.jpg',b'GSM / HSPA',b'GSM 850 / 900 / 1800 / 1900 - SIM 1 & SIM 2',b'HSDPA 900 / 2100',,b'HSPA',"b'2015, January. Released 2015, January'",b'Discontinued',b'142.8 x 74.3 x 8.6 mm (5.62 x 2.93 x 0.34 in)',b'150 g (5.29 oz)',b'Dual SIM (Dual stand-by)',b'TFT',"b'5.0 inches, 68.9 cm2 (~64.9% screen-to-body ratio)'","b'480 x 854 pixels, 16:9 ratio (~196 ppi density)'",b'Android 4.4.2 (KitKat)',,b'Quad-core 1.3 GHz Cortex-A7',,b'microSDHC (dedicated slot)',b'8GB 1GB RAM',"b'5 MP, AF'","b'LED flash, panorama'",b'1080p@30fps',b'2 MP',b'',b'Yes',b'Yes',"b'Wi-Fi 802.11 b/g/n, Wi-Fi Direct, hotspot'","b'4.0, A2DP'","b'Yes, with A-GPS'",b'No',b'FM radio',b'microUSB 2.0',"b'Accelerometer, proximity, compass'","b'Li-Ion 1950 mAh, removable'",,"b'Black, White'",,b'About 120 EUR',,,b'Up to 162 h (2G) / Up to 108 h (3G)',b'Up to 13 h 30 min (2G) / Up to 9 h 30 min (3G)',b'LED flash',,,,,,,,,,,,,,,,,,,,,,b'0.19 W/kg (head) \xc2\xa0 \xc2\xa0 0.73 W/kg (body)',,,,,,,,,,,,
b'gionee',b'Gionee Pioneer P5L',b'https://fdn2.gsmarena.com/vv/bigpic/gionee-pioneer-p5l.jpg',b'GSM / HSPA / LTE',b'GSM 850 / 900 / 1800 / 1900 - SIM 1 & SIM 2',b'HSDPA 900 / 2100',"b'3, 40'","b'HSPA, LTE'","b'2014, November. Released 2014, November'",b'Discontinued',b'143.5 x 72 x 8.3 mm (5.65 x 2.83 x 0.33 in)',b'146.9 g (5.19 oz)',b'Dual SIM',b'IPS LCD',"b'4.7 inches, 60.9 cm2 (~58.9% screen-to-body ratio)'","b'720 x 1280 pixels, 16:9 ratio (~312 ppi density)'","b'Android 5.1 (Lollipop), Amigo 3.1'",b'Mediatek MT6582 (28 nm)',b'Quad-core 1.3 GHz Cortex-A7',b'Mali-400MP2',b'microSDXC (dedicated slot)',b'16GB 1GB RAM',"b'8 MP, AF'","b'LED flash, HDR, panorama'",b'1080p@30fps',b'5 MP',b'',b'Yes',b'Yes',"b'Wi-Fi 802.11 b/g/n, Wi-Fi Direct, hotspot'","b'4.0, A2DP'","b'Yes, with A-GPS'",b'No',b'FM radio',b'microUSB 2.0',"b'Accelerometer, proximity, compass'","b'Li-Po 2300 mAh, removable'",,"b'Red, White, Black, Blue, Yellow & golden'",,,,,b'Up to 500 h (2G) / Up to 300 h (3G)',b'Up to 24 h (2G) / Up to 9 h (3G)',,,,,b'P5L',,,,,,,,,,,,,,,,,,b'0.46 W/kg (head) \xc2\xa0 \xc2\xa0 0.32 W/kg (body)',,,,,,,,,,,,
b'gionee',b'Gionee Pioneer P4',b'https://fdn2.gsmarena.com/vv/bigpic/gionee-pioneer-p4.jpg',b'GSM / HSPA',b'GSM 850 / 900 / 1800 / 1900 - SIM 1 & SIM 2',b'HSDPA 900 / 2100',,b'HSPA',"b'2014, June. Released 2014, June'",b'Discontinued',b'135 x 66.5 x 9.1 mm (5.31 x 2.62 x 0.36 in)',b'88.2 g (3.10 oz)',b'Dual SIM (Dual stand-by)',b'TFT',"b'4.5 inches, 55.8 cm2 (~62.2% screen-to-body ratio)'","b'480 x 854 pixels, 16:9 ratio (~218 ppi density)'",b'Android 4.2 (Jelly Bean)',b'Mediatek MT6582V/X',b'Quad-core 1.3 GHz Cortex-A7',b'Mali-400MP2',b'microSDHC (dedicated slot)',b'8GB 1GB RAM',"b'5 MP, AF'",b'LED flash',b'Yes',b'2 MP',b'',b'Yes',b'Yes',"b'Wi-Fi 802.11 b/g/n, hotspot'",b'2.1',"b'Yes, with A-GPS'",b'No',"b'FM radio, recording'",b'microUSB',"b'Accelerometer, proximity, compass'","b'Li-Po 1800 mAh, removable'",,"b'Black, White'",,b'About 100 EUR',,,b'Up to 386 h (2G) / Up to 386 h (3G)',b'Up to 16 h 30 min (2G) / Up to 11 h (3G)',,,,,,,,,,,,,,,,,,,,,,,b'0.84 W/kg (head) \xc2\xa0 \xc2\xa0 0.75 W/kg (body)',,,,,,,,,,,,
b'gionee',b'Gionee Ctrl V6L',b'https://fdn2.gsmarena.com/vv/bigpic/gionee-ctrl-v6l.jpg',b'GSM / HSPA / LTE',b'GSM 850 / 900 / 1800 / 1900 - SIM 1 & SIM 2',b'HSDPA 900 / 2100',"b'3, 7, 38, 39, 40, 41'","b'HSPA, LTE'","b'2014, November. Released 2014, November'",b'Discontinued',b'143 x 70.7 x 6.9 mm (5.63 x 2.78 x 0.27 in)',b'124.5 g (4.41 oz)',"b'Dual SIM (Micro-SIM, dual stand-by)'",b'LTPS IPS LCD',"b'5.0 inches, 68.9 cm2 (~68.2% screen-to-body ratio)'","b'720 x 1280 pixels, 16:9 ratio (~294 ppi density)'",b'Android 4.4.2 (KitKat)',b'Qualcomm Snapdragon 400 (28 nm)',b'Quad-core 1.2 GHz Cortex-A7',b'Adreno 305',b'microSDHC (dedicated slot)',b'8GB 1GB RAM',"b'8 MP, AF'","b'LED flash, panorama'",b'720p@30fps',b'5 MP',b'',b'Yes',b'Yes',"b'Wi-Fi 802.11 b/g/n, Wi-Fi Direct, hotspot'","b'4.0, A2DP'","b'Yes, with A-GPS'",b'No',b'FM radio',b'microUSB 2.0',"b'Accelerometer, proximity, compass'","b'Li-Ion 1950 mAh, removable'",,"b'White, Blue'",,,b'eMMC 4.5',,b'Up to 208 h (2G) / Up to 149 h (3G)',b'Up to 16 h 40 min (2G) / Up to 14 h (3G)',,,,,,,,,,,,,,,,,,,,,,b'1.32 W/kg (head) \xc2\xa0 \xc2\xa0 1.29 W/kg (body)',,,,,,,,,,,,,
b'gionee',b'Gionee Ctrl V5',b'https://fdn2.gsmarena.com/vv/bigpic/gionee-ctrl-v5.jpg',b'GSM / HSPA',b'GSM 850 / 900 / 1800 / 1900',b'HSDPA 900 / 2100',,b'HSPA',"b'2014, Q1. Released 2014, Q1'",b'Discontinued',b'134.5 x 67.7 x 8.1 mm (5.30 x 2.67 x 0.32 in)',b'103.5 g (3.63 oz)',b'Dual SIM (Dual stand-by)',b'IPS LCD',"b'4.7 inches, 60.9 cm2 (~66.9% screen-to-body ratio)'","b'540 x 960 pixels, 16:9 ratio (~234 ppi density)'",b'Android 4.2 (Jelly Bean)',b'Mediatek MT6582V/X',b'Quad-core 1.3 GHz Cortex-A7',b'Mali-400MP2',b'microSDHC (dedicated slot)',b'8GB 1GB RAM',"b'8 MP, AF'",b'LED flash',b'Yes',b'2 MP',b'',b'Yes',b'Yes',"b'Wi-Fi 802.11 b/g/n, hotspot'",b'2.0',"b'Yes, with A-GPS'",b'No',"b'FM radio, recording'",b'microUSB',"b'Accelerometer, proximity, compass'","b'Li-Po 1800 mAh, removable'",,"b'Black, White'",,b'About 160 EUR',,,b'Up to 324 h (2G) / Up to 324 h (3G)',b'Up to 14 h 30 min (2G) / Up to 10 h (3G)',,,,,,,,,,,,,,,,,,,,,,,b'0.45 W/kg (head) \xc2\xa0 \xc2\xa0 0.57 W/kg (body)',,,,,,,,,,,,
b'gionee',b'Gionee Elife S5.5',b'https://fdn2.gsmarena.com/vv/bigpic/gionee-elife-s5.5.jpg',b'GSM / HSPA',b'GSM 850 / 900 / 1800 / 1900',b'HSDPA 850 / 1900 / 2100',,b'HSPA 21.1/5.76 Mbps',"b'2014, February. Released 2014, March'",b'Discontinued',b'145.1 x 70.2 x 5.6 mm (5.71 x 2.76 x 0.22 in)',b'133 g (4.69 oz)',b'Micro-SIM',b'Super AMOLED',"b'5.0 inches, 68.9 cm2 (~67.7% screen-to-body ratio)'","b'1080 x 1920 pixels, 16:9 ratio (~441 ppi density)'","b'Android 4.2 (Jelly Bean), upgrad\xd0\xb0ble to 4.4.2 (KitKat), Amigo 2'",b'Mediatek MT6592 (28 nm)',b'Octa-core 1.7 GHz Cortex-A7',b'Mali-450MP4',b'No',b'16GB 2GB RAM',"b'13 MP, f/2.4, AF'","b'LED flash, panorama, HDR'",b'1080p@30fps',"b'5 MP, f/2.4'",b'',b'Yes',b'Yes',"b'Wi-Fi 802.11 b/g/n, Wi-Fi Direct, hotspot'","b'4.0, A2DP, EDR'","b'Yes, with A-GPS'",b'No',"b'FM radio, RDS'","b'microUSB 2.0, USB On-The-Go'","b'Accelerometer, gyro, proximity, compass'","b'Li-Ion 2300 mAh, non-removable'",,"b'Black, white, blue, pink, purple'",,b'About 270 EUR',b'HSDPA 900 / 1900 / 2100',,b'Up to 490 h',b'Up to 27 h (2G) / Up to 11 h (3G)',,b'Corning Gorilla Glass 3 (front and back)',,,,,,,,,,,,,,,,,,,,b'0.38 W/kg (head) \xc2\xa0 \xc2\xa0 0.33 W/kg (body)',,,,,,,,b'Photo / Video',b'Voice 66dB / Noise 66dB / Ring 75dB',,b'Endurance rating 48h',b'Basemark OS II 2.0: 567',"b'Contrast ratio: Infinite (nominal),  3.386 (sunlight)'"
b'gionee',b'Gionee Elife E7 Mini',b'https://fdn2.gsmarena.com/vv/bigpic/gionee-e7-mini.jpg',b'GSM / HSPA',b'GSM 850 / 900 / 1800 / 1900',b'HSDPA',,b'HSPA',"b'2013, December. Released 2014, April'",b'Discontinued',b'139.8 x 66.2 x 8.6 mm (5.50 x 2.61 x 0.34 in)',b'142.9 g (5.01 oz)',b'Dual SIM',b'IGZO IPS LCD',"b'4.7 inches, 60.9 cm2 (~65.8% screen-to-body ratio)'","b'720 x 1280 pixels, 16:9 ratio (~312 ppi density)'","b'Android 4.2.2 (Jelly Bean), Amigo 2'",b'Mediatek MT6592 (28 nm)',b'Octa-core 1.7 GHz Cortex-A7',b'Mali-450MP4',b'No',b'16GB',"b'13 MP, AF'","b'LED flash, panorama'",b'1080p@30fps',,,b'Yes',b'Yes',b'Wi-Fi 802.11 b/g/n',"b'4.0, A2DP'","b'Yes, with A-GPS'",b'Yes',"b'FM radio, recording'",b'microUSB 2.0',"b'Accelerometer, gyro, proximity, compass'","b'Li-Ion 2200 mAh, non-removable'",,"b'Black, White'",,b'About 230 EUR',b'No',,b'Up to 200 h',b'Up to 18 h (2G) / Up to 14 h (3G)',,,,,,,b'Yes',b'Yes',,,,,,,,,,,,,,,,,,,,,,,,,,,
b'gionee',b'Gionee Elife E7',b'https://fdn2.gsmarena.com/vv/bigpic/gionee-e7-.jpg',b'GSM / HSPA / LTE',b'GSM 850 / 900 / 1800 / 1900',b'HSDPA 900 / 2100',"b'3, 7'","b'HSPA, LTE'",b'2013. Released 2013',b'Discontinued',b'150.6 x 75 x 9.5 mm (5.93 x 2.95 x 0.37 in)',b'150 g (5.29 oz)',b'Micro-SIM',b'IPS LCD',"b'5.5 inches, 83.4 cm2 (~73.8% screen-to-body ratio)'","b'1080 x 1920 pixels, 16:9 ratio (~401 ppi density)'",b'Android 4.2 (Jelly Bean)',b'Qualcomm MSM8274 Snapdragon 800 (28 nm)',b'Quad-core 2.2 GHz Krait 400/ Quad-core 2.5 GHz Krait 400',b'Adreno 330',b'No',"b'16GB 2GB RAM, 32GB 3GB RAM'","b'16 MP, f/2.2, AF'",b'LED flash',b'Yes',b'8 MP',b'',b'Yes',b'Yes',"b'Wi-Fi 802.11 b/g/n, hotspot, Wi-Fi Direct'","b'4.0, A2DP'","b'Yes, with A-GPS'",b'Yes',"b'FM radio, recording'","b'microUSB 2.0, USB On-The-Go'","b'Accelerometer, gyro, proximity, compass'","b'Li-Po 2500 mAh, non-removable'",,"b'Black, White'",,b'About 340 EUR',"b'38, 39, 41'",,,,,b'Corning Gorilla Glass 3',b'eMMC 4.5',,,,,,,,,,,,,,,,,,,,,,,,,,,,,,,,
b'gionee',b'Gionee Elife E6',b'https://fdn2.gsmarena.com/vv/bigpic/gionee-e6-.jpg',b'GSM / HSPA',b'GSM 850 / 900 / 1800 / 1900',b'HSDPA 900 / 2100',,b'HSPA',b'2013. Released 2013',b'Discontinued',b'142.5 x 69.4 x 7.9 mm (5.61 x 2.73 x 0.31 in)',b'-',b'Micro-SIM',b'IPS LCD',"b'5.0 inches, 68.9 cm2 (~69.7% screen-to-body ratio)'","b'1080 x 1920 pixels, 16:9 ratio (~441 ppi density)'",b'Android 4.2 (Jelly Bean)',,b'Quad-core 1.5 GHz Cortex-A7',b'PowerVR Series 5XT',b'No',b'32GB 2GB RAM',"b'13 MP, f/2.2, AF'","b'LED flash, panorama'",b'1080p@30fps',"b'5 MP, f/2.2'",b'',b'Yes',b'Yes',"b'Wi-Fi 802.11 b/g/n, hotspot, Wi-Fi Direct'","b'4.0, A2DP'","b'Yes, with A-GPS'",b'No',b'FM radio',b'microUSB 2.0',"b'Accelerometer, gyro, proximity, compass'","b'Li-Ion 2000 mAh, non-removable'",,"b'Black, White'",,b'About 250 EUR',,,,,,b'Corning Gorilla Glass 3',,,,,,,,,,,,,,,,,,,,,,,,,,,,,,,,,
b'gionee',b'Gionee Elife E5',b'https://fdn2.gsmarena.com/vv/bigpic/gionee-e5.jpg',b'GSM / HSPA',b'GSM 850 / 900 / 1800 / 1900',b'HSDPA 900 / 2100',,b'HSPA',b'2013. Released 2013',b'Discontinued',b'137 x 69 x 6.9 mm (5.39 x 2.72 x 0.27 in)',b'135 g (4.76 oz)',b'Micro-SIM',b'Super AMOLED',"b'4.8 inches, 63.5 cm2 (~67.2% screen-to-body ratio)'","b'720 x 1280 pixels, 16:9 ratio (~306 ppi density)'",b'Android 4.2 (Jelly Bean)',,b'Quad-core 1.5 GHz Cortex-A7',b'PowerVR Series 5XT',b'No',b'16GB 1GB RAM',"b'8 MP, AF'",b'LED flash',b'1080p@30fps',b'5 MP',b'',b'Yes',b'Yes',"b'Wi-Fi 802.11 b/g/n, hotspot, Wi-Fi Direct'","b'4.0, A2DP'","b'Yes, with A-GPS'",b'No',b'FM radio',b'microUSB 2.0',"b'Accelerometer, proximity, compass'","b'Li-Ion 2000 mAh, non-removable'",,"b'Black, White, Yellow'",,b'About 200 EUR',,,,,,b'Corning Gorilla Glass 2',,,,,,,,,,,,,,,,,,,,,b'0.73 W/kg (head) \xc2\xa0 \xc2\xa0 0.94 W/kg (body)',,,,,,,,,,,,
b'gionee',b'Gionee Elife E3',b'https://fdn2.gsmarena.com/vv/bigpic/gionee-e3.jpg',b'GSM / HSPA',b'GSM 850 / 900 / 1800 / 1900',b'HSDPA 900 / 2100',,b'HSPA',b'2013. Released 2013',b'Discontinued',b'137 x 68 x 7.9 mm (5.39 x 2.68 x 0.31 in)',b'-',b'Dual SIM (Dual stand-by)',b'IPS LCD',"b'4.7 inches, 60.9 cm2 (~65.4% screen-to-body ratio)'","b'720 x 1280 pixels, 16:9 ratio (~312 ppi density)'","b'Android 4.2 (Jelly Bean), upgradable to 4.4.2 (KitKat)'",,b'Quad-core 1.2 GHz Cortex-A7',b'PowerVR Series 5XT',b'microSDHC (dedicated slot)',b'16GB 1GB RAM',"b'8 MP, AF'","b'LED flash, panorama'",b'1080p@30fps',b'2 MP',b'',b'Yes',b'Yes',"b'Wi-Fi 802.11 b/g/n, hotspot'","b'4.0, A2DP'","b'Yes, with A-GPS'",b'No',b'FM radio',b'microUSB 2.0',"b'Accelerometer, proximity, compass'","b'Li-Ion 1800 mAh, removable'",,"b'Black, White, Blue, Pink'",,b'About 180 EUR',,,,,,,,,,,,,,,,,,,,,,,,,,,b'1.06 W/kg (head) \xc2\xa0 \xc2\xa0 0.88 W/kg (body)',,,,,,,,,,,,
b'gionee',b'Gionee M2',b'https://fdn2.gsmarena.com/vv/bigpic/gionee-m2.jpg',b'GSM / HSPA',b'GSM 850 / 900 / 1800 / 1900',b'HSDPA 900 / 2100',,b'HSPA',b'2014. Released 2014',b'Discontinued',b'144 x 72 x 10.5 mm (5.67 x 2.83 x 0.41 in)',b'-',b'Dual SIM (Dual stand-by)',b'TFT',"b'5.0 inches, 68.9 cm2 (~66.4% screen-to-body ratio)'","b'480 x 854 pixels, 16:9 ratio (~196 ppi density)'",b'Android 4.2 (Jelly Bean)',,b'Quad-core 1.3 GHz Cortex-A7',b'Mali-400',b'microSDHC (dedicated slot)',b'4GB 1GB RAM',b'8 MP',"b'LED flash, panorama'",b'720p',b'2 MP',b'',b'Yes',b'Yes',"b'Wi-Fi 802.11 b/g/n, Wi-Fi Direct, hotspot'","b'4.0, A2DP'","b'Yes, with A-GPS'",b'No',b'FM radio',"b'microUSB 2.0, USB On-The-Go'","b'Accelerometer, proximity, compass'","b'Li-Ion 4200 mAh, removable'",,"b'Black, White'",,b'About 130 EUR',,,b'Up to 555 h',b'Up to 31 h 30 min (2G) / Up to 24 h (3G)',,,,,,,,,,,,,,,,,,,,,,,,,,,,,,,,,,,
b'gionee',b'Gionee Gpad G5',b'https://fdn2.gsmarena.com/vv/bigpic/gionee-gpad-g5.jpg',b'GSM / HSPA',b'GSM 850 / 900 / 1800 / 1900 - SIM 1 & SIM 2',b'HSDPA 900 / 2100',,b'HSPA',b'2014. Released 2014',b'Discontinued',b'157.3 x 77.6 x 7.9 mm (6.19 x 3.06 x 0.31 in)',b'104.6 g (w/o battery) (3.70 oz)',b'Dual SIM (Dual stand-by)',b'IPS LCD',"b'5.5 inches, 83.4 cm2 (~68.3% screen-to-body ratio)'","b'720 x 1280 pixels, 16:9 ratio (~267 ppi density)'",b'Android 4.4.2 (KitKat)',b'Mediatek MT6591',b'Hexa-core 1.5 GHz Cortex-A7',b'Mali-450MP4',b'microSDHC (dedicated slot)',b'8GB 1GB RAM',"b'8 MP, AF'","b'LED flash, panorama'",b'720p@30fps',b'2 MP',b'',"b'Yes, dual speakers'",b'Yes',"b'Wi-Fi 802.11 b/g/n, hotspot, Wi-Fi Direct'","b'4.0, A2DP'","b'Yes, with A-GPS'",b'No',b'FM radio',b'microUSB 2.0',"b'Accelerometer, proximity, compass'","b'Li-Ion 2400 mAh, removable'",,"b'Black, White'",,,,,b'Up to 288 h',b'Up to 15 h (2G) / Up to 12 h (3G)',,b'Asahi Dragontrail Glass',,,,,,,,,,,,,,,,,,,,,b'1.10 W/kg (head) \xc2\xa0 \xc2\xa0 1.04 W/kg (body)',,,,,,,,,,,,
b'gionee',b'Gionee Gpad G4',b'https://fdn2.gsmarena.com/vv/bigpic/gionee-gpad-g4.jpg',b'GSM / HSPA',b'GSM 850 / 900 / 1800 / 1900',b'HSDPA 900 / 2100',,b'HSPA',b'2014. Released 2014',b'Discontinued',b'163.5 x 81.3 x 8 mm (6.44 x 3.20 x 0.31 in)',b'-',b'Dual SIM (Dual stand-by)',b'IPS LCD',"b'5.7 inches, 89.6 cm2 (~67.4% screen-to-body ratio)'","b'720 x 1280 pixels, 16:9 ratio (~258 ppi density)'",b'Android 4.2 (Jelly Bean)',,b'Quad-core 1.5 GHz Cortex-A7',b'PowerVR Series 5XT',b'No',b'16GB 1GB RAM',"b'13 MP, AF'","b'LED flash, panorama'",b'1080p@30fps',b'5 MP',b'',b'Yes',b'Yes',"b'Wi-Fi 802.11 b/g/n, hotspot, Wi-Fi Direct'","b'4.0, A2DP'","b'Yes, with A-GPS'",b'No',b'FM radio',b'microUSB 2.0',"b'Accelerometer, gyro, proximity, compass'","b'Li-Ion 3200 mAh, non-removable'",,"b'Black, White'",,b'About 220 EUR',,,b'Up to 375 h',b'Up to 26 h (2G) / Up to 14 h (3G)',,,,,,,,,,,,,,,,,,,,,,,b'0.83 W/kg (head) \xc2\xa0 \xc2\xa0 0.70 W/kg (body)',,,,,,,,,,,,
b'gionee',b'Gionee Gpad G3',b'https://fdn2.gsmarena.com/vv/bigpic/gionee-gpad-g3.jpg',b'GSM / HSPA',b'GSM 850 / 900 / 1800 / 1900',b'HSDPA 900 / 2100',,b'HSPA',b'2013. Released 2013',b'Discontinued',b'157.7 x 79.5 x 9.8 mm (6.21 x 3.13 x 0.39 in)',b'-',b'Dual SIM (Dual stand-by)',b'TFT',"b'5.5 inches, 83.4 cm2 (~66.5% screen-to-body ratio)'","b'480 x 854 pixels, 16:9 ratio (~178 ppi density)'",b'Android 4.2 (Jelly Bean)',b'Mediatek MT6589 (28 nm)',b'Quad-core 1.2 GHz Cortex-A7',b'PowerVR SGX544',b'microSDHC (dedicated slot)',b'4GB 512MB RAM',"b'5 MP, AF'","b'LED flash, panorama'",b'720p',b'VGA',b'',b'Yes',b'Yes',"b'Wi-Fi 802.11 b/g/n, hotspot'","b'4.0, A2DP'","b'Yes, with A-GPS'",b'No',b'FM radio',b'microUSB 2.0',"b'Accelerometer, proximity, compass'","b'Li-Ion 2250 mAh, removable'",,"b'Black, White'",,b'About 110 EUR',,,,,,,,,,,,,,,,,,,,,,,,,,,b'0.84 W/kg (head) \xc2\xa0 \xc2\xa0 0.79 W/kg (body)',,,,,,,,,,,,
b'gionee',b'Gionee Gpad G2',b'https://fdn2.gsmarena.com/vv/bigpic/gionee-gpad-g2.jpg',b'GSM / HSPA',b'GSM 850 / 900 / 1800 / 1900',b'HSDPA 2100',,b'HSPA',"b'2013, May. Released 2013, May'",b'Discontinued',b'145 x 73 x 9.9 mm (5.71 x 2.87 x 0.39 in)',b'-',b'Dual SIM (Dual stand-by)',b'IPS LCD',"b'5.3 inches, 77.4 cm2 (~73.2% screen-to-body ratio)'","b'540 x 960 pixels, 16:9 ratio (~208 ppi density)'",b'Android 4.1 (Jelly Bean)',,b'Quad-core 1.2 GHz Cortex-A7',b'PowerVR SGX544',b'microSDHC (dedicated slot)',b'4GB 1GB RAM',"b'8 MP, AF'",b'LED flash',b'1080p@30fps',b'2 MP',b'',b'Yes',b'Yes',"b'Wi-Fi 802.11 b/g/n, hotspot'","b'4.0, A2DP'","b'Yes, with A-GPS'",b'No',b'FM radio',b'microUSB 2.0',"b'Accelerometer, proximity, compass'","b'Li-Ion 3000 mAh, removable'",,"b'Black, White'",,b'About 160 EUR',,,,,,,,,,,,,,,,,,,,,,,,,,,,,,,,,,,,,,,
b'gionee',b'Gionee Gpad G1',b'https://fdn2.gsmarena.com/vv/bigpic/gionee-gpad-g1.jpg',b'GSM / HSPA',b'GSM 850 / 900 / 1800 / 1900',b'HSDPA 900 / 2100',,b'HSPA',b'2013. Released 2013',b'Discontinued',b'142 x 78.5 x 10 mm (5.59 x 3.09 x 0.39 in)',b'-',b'Dual SIM (Dual stand-by)',b'TFT',"b'5.0 inches, 71.2 cm2 (~63.8% screen-to-body ratio)'","b'480 x 800 pixels, 5:3 ratio (~187 ppi density)'",b'Android 4.0 (Ice Cream Sandwich)',,b'Dual-core 1.0 GHz Cortex-A9',,b'microSDHC (dedicated slot)',b'4GB 512MB RAM',"b'8 MP, AF'",b'LED flash',b'720p',b'VGA',b'',b'Yes',b'Yes',"b'Wi-Fi 802.11 b/g/n, hotspot'","b'4.0, A2DP'","b'Yes, with A-GPS'",b'No',b'FM radio',b'microUSB 2.0',"b'Accelerometer, proximity, compass'","b'Li-Ion 2100 mAh, removable'",,"b'Black, White'",,b'About 100 EUR',,,,,,,,,,,,,,,,,,,,,,,,,,,b'0.47 W/kg (head) \xc2\xa0 \xc2\xa0 0.64 W/kg (body)',,,,,,,,,,,,
b'gionee',b'Gionee Pioneer P3',b'https://fdn2.gsmarena.com/vv/bigpic/gionee-pioneer-p3.jpg',b'GSM / HSPA',b'GSM 850 / 900 / 1800 / 1900',b'HSDPA 900 / 2100',,b'HSPA',b'2013. Released 2013',b'Discontinued',b'129.3 x 68 x 11.1 mm (5.09 x 2.68 x 0.44 in)',b'-',b'Dual SIM (Dual stand-by)',b'TFT',"b'4.3 inches, 52.6 cm2 (~59.9% screen-to-body ratio)'","b'480 x 800 pixels, 5:3 ratio (~217 ppi density)'",b'Android 4.2 (Jelly Bean)',,b'Quad-core 1.3 GHz Cortex-A7',b'Mali-400',b'microSDHC (dedicated slot)',b'4GB 512MB RAM',"b'5 MP, AF'","b'LED flash, panorama'",b'720p',b'VGA',b'',b'Yes',b'Yes',"b'Wi-Fi 802.11 b/g/n, Wi-Fi Direct, hotspot'","b'4.0, A2DP'","b'Yes, with A-GPS'",b'No',b'FM radio',b'microUSB 2.0',"b'Accelerometer, proximity, compass'","b'Li-Ion 1700 mAh, removable'",,"b'Black, White'",,b'About 90 EUR',,,,,,,,,,,,,,,,,,,,,,,,,,,b'0.68 W/kg (head) \xc2\xa0 \xc2\xa0 0.67 W/kg (body)',,,,,,,,,,,,
b'gionee',b'Gionee Pioneer P2',b'https://fdn2.gsmarena.com/vv/bigpic/gionee-pioneer-p2.jpg',b'GSM / HSPA',b'GSM 850 / 900 / 1800 / 1900',b'HSDPA 900 / 2100',,b'HSPA',b'2013. Released 2013',b'Discontinued',b'126 x 64.4 x 11.2 mm (4.96 x 2.54 x 0.44 in)',b'-',b'Dual SIM',b'TFT',"b'4.0 inches, 45.5 cm2 (~56.1% screen-to-body ratio)'","b'480 x 800 pixels, 5:3 ratio (~233 ppi density)'",b'Android 4.2 (Jelly Bean)',,b'Dual-core 1.3 GHz Cortex-A7',b'Mali-400',b'microSDHC (dedicated slot)',b'4GB 512MB RAM',b'5 MP',"b'LED flash, panorama'",b'720p',b'VGA',b'',b'Yes',b'Yes',"b'Wi-Fi 802.11 b/g/n, Wi-Fi Direct, hotspot'","b'4.0, A2DP'","b'Yes, with A-GPS'",b'No',"b'FM radio, recording'",b'microUSB 2.0',"b'Accelerometer, proximity, compass'","b'Li-Ion 1700 mAh, removable'",,"b'Black, White'",,b'About 70 EUR',,,,,,,,,,,,,,,,,,,,,,,,,,,b'1.36 W/kg (head) \xc2\xa0 \xc2\xa0 0.73 W/kg (body)',,,,,,,,,,,,
b'gionee',b'Gionee Pioneer P1',b'https://fdn2.gsmarena.com/vv/bigpic/gionee-pioneer-p1.jpg',b'GSM',b'GSM 900 / 1800',,,,b'2013. Released 2013',b'Discontinued',b'113 x 61.5 x 12 mm (4.45 x 2.42 x 0.47 in)',b'-',b'Dual SIM (Dual stand-by)',b'TFT',"b'3.5 inches, 36.5 cm2 (~52.5% screen-to-body ratio)'","b'320 x 480 pixels, 3:2 ratio (~165 ppi density)'",b'Android 2.3 (Gingerbread)',,b'1.0 GHz Cotex-A9',,b'microSDHC (dedicated slot)',b'512MB 256MB RAM',"b'2 MP, AF'",,b'Yes',b'VGA',b'',b'Yes',b'Yes',"b'Wi-Fi 802.11 b/g/n, hotspot'",b'Yes',b'No',b'No',"b'FM radio, recording'",b'Proprietary',"b'Accelerometer, proximity, compass'","b'Li-Ion 1500 mAh, removable'",,b'Black',,b'About 60 EUR',,,,,,,,,,,b'Class 12',b'No',,,,,,,,,,,,,,,b'1.44 W/kg (head) \xc2\xa0 \xc2\xa0 1.35 W/kg (body)',,,,,,,,,,,,
b'gionee',b'Gionee Ctrl V1',b'https://fdn2.gsmarena.com/vv/bigpic/gionee-ctrl-v1.jpg',b'GSM / HSPA',b'GSM 850 / 900 / 1800 / 1900',b'HSDPA 900 / 2100',,b'HSPA',b'2013. Released 2013',b'Discontinued',b'123 x 63.5 x 11.2 mm (4.84 x 2.5 x 0.44 in)',b'-',b'Dual SIM (Dual stand-by)',b'TFT',"b'3.95 inches, 46.5 cm2 (~59.5% screen-to-body ratio)'","b'320 x 480 pixels, 3:2 ratio (~146 ppi density)'",b'Android 4.0 (Ice Cream Sandwich)',,b'1.0 GHz Cotex-A9',,b'microSDHC (dedicated slot)',b'4GB 512MB RAM',b'2 MP',,b'Yes',b'VGA',b'',b'Yes',b'Yes',"b'Wi-Fi 802.11 b/g/n, hotspot'","b'4.0, A2DP'","b'Yes, with A-GPS'",b'No',b'FM radio',b'microUSB',"b'Accelerometer, proximity, compass'","b'Li-Ion 1700 mAh, removable'",,b'Cofee/Black',,b'About 90 EUR',,,,,,,,,,,,,,,,,,,,,,,,,,,b'1.29 W/kg (head) \xc2\xa0 \xc2\xa0 0.83 W/kg (body)',,,,,,,,,,,,
b'gionee',b'Gionee Ctrl V2',b'https://fdn2.gsmarena.com/vv/bigpic/gionee-ctrl-v2.jpg',b'GSM',b'GSM 850 / 900 / 1800 / 1900',,,,b'2013. Released 2013',b'Discontinued',b'115 x 61 x 10.8 mm (4.53 x 2.40 x 0.43 in)',b'-',b'Dual SIM (Dual stand-by)',b'IPS LCD',"b'3.5 inches, 36.5 cm2 (~52.0% screen-to-body ratio)'","b'320 x 480 pixels, 3:2 ratio (~165 ppi density)'",b'Android 4.0 (Ice Cream Sandwich)',,b'1.0 GHz Cotex-A9',,b'microSDHC (dedicated slot)',b'4GB 512MB RAM',b'3.15 MP',,b'Yes',b'VGA',b'',b'Yes',b'Yes',"b'Wi-Fi 802.11 b/g/n, hotspot'",b'Yes',"b'Yes, with A-GPS'",b'No',b'FM radio',b'microUSB',"b'Accelerometer, proximity, compass'","b'Li-Ion 1500 mAh, removable'",,b'White',,b'About 60 EUR',,,,,,,,,,,b'Yes',b'Yes',,,,,,,,,,,,,,,b'1.25 W/kg (head) \xc2\xa0 \xc2\xa0 1.04 W/kg (body)',,,,,,,,,,,,
b'gionee',b'Gionee Ctrl V3',b'https://fdn2.gsmarena.com/vv/bigpic/gionee-ctrl-v3.jpg',b'GSM / HSPA',b'GSM 850 / 900 / 1800 / 1900',b'HSDPA 900 / 2100',,b'HSPA',b'2013. Released 2013',b'Discontinued',b'130 x 67 x 9.8 mm (5.12 x 2.64 x 0.39 in)',b'-',b'Dual SIM (Dual stand-by)',b'IPS LCD',"b'4.3 inches, 52.6 cm2 (~60.4% screen-to-body ratio)'","b'480 x 800 pixels, 5:3 ratio (~217 ppi density)'",b'Android 4.0 (Ice Cream Sandwich)',,b'Dual-core 1.0 GHz Cortex-A9',,b'microSDHC (dedicated slot)',b'4GB 512MB RAM',"b'5 MP, AF'",b'LED flash',b'Yes',b'VGA',b'',b'Yes',b'Yes',"b'Wi-Fi 802.11 b/g/n, hotspot'","b'4.0, A2DP'","b'Yes, with A-GPS'",b'No',b'FM radio',b'microUSB',"b'Accelerometer, proximity, compass'","b'Li-Ion 1800 mAh, removable'",,b'Black',,b'About 100 EUR',,,,,,b'Corning Gorilla Glass',,,,,,,,,,,,,,,,,,,,,b'0.70 W/kg (head) \xc2\xa0 \xc2\xa0 0.96 W/kg (body)',,,,,,,,,,,,
b'gionee',b'Gionee Ctrl V4s',b'https://fdn2.gsmarena.com/vv/bigpic/gionee-ctrl-v4s.jpg',b'GSM / HSPA',b'GSM 850 / 900 / 1800 / 1900 - SIM 1 & SIM 2',b'HSDPA 900 / 2100',,b'HSPA',b'2014. Released 2014',b'Discontinued',b'131 x 65 x 7.8 mm (5.16 x 2.56 x 0.31 in)',b'-',b'Dual SIM',b'IPS LCD',"b'4.5 inches, 55.8 cm2 (~65.5% screen-to-body ratio)'","b'480 x 854 pixels, 16:9 ratio (~218 ppi density)'",b'Android 4.4.2 (KitKat)',,b'Quad-core 1.3 GHz Cortex-A7',b'Mali-400',b'microSDHC (dedicated slot)',b'8GB 1GB RAM',"b'8 MP, AF'","b'LED flash, panorama'",b'720p',b'2 MP',b'',b'Yes',b'Yes',"b'Wi-Fi 802.11 b/g/n, hotspot'","b'4.0, A2DP'","b'Yes, with A-GPS'",b'No',b'FM radio',b'microUSB 2.0',"b'Accelerometer, proximity, compass'","b'Li-Ion 1800 mAh, removable'",,"b'Black, White'",,,,,b'Up to 230 h (2G) / Up to 230 h (3G)',b'Up to 16 h (2G) / Up to 10 h (3G)',,,,,,,,,,,,,,,,,,,,,,,b'0.46 W/kg (head) \xc2\xa0 \xc2\xa0 0.74 W/kg (body)',,,,,,,,,,,,
b'gionee',b'Gionee Ctrl V4',b'https://fdn2.gsmarena.com/vv/bigpic/gionee-ctrl-v4.jpg',b'GSM / HSPA',b'GSM 850 / 900 / 1800 / 1900',b'HSDPA 900 / 2100',,b'HSPA',b'2013. Released 2013',b'Discontinued',b'136 x 67 x 9.7 mm (5.35 x 2.64 x 0.38 in)',b'-',b'Dual SIM (Dual stand-by)',b'TFT',"b'4.5 inches, 55.8 cm2 (~61.2% screen-to-body ratio)'","b'480 x 854 pixels, 16:9 ratio (~218 ppi density)'",b'Android 4.2 (Jelly Bean)',,b'Quad-core 1.2 GHz Cortex-A7',b'PowerVR Series 5XT',b'microSDHC (dedicated slot)',b'4GB 512MB RAM',"b'5 MP, AF'",b'LED flash',b'Yes',b'VGA',b'',b'Yes',b'Yes',"b'Wi-Fi 802.11 b/g/n, hotspot'","b'4.0, A2DP'","b'Yes, with A-GPS'",b'No',b'FM radio',b'microUSB',"b'Accelerometer, proximity, compass'","b'Li-Ion 1800 mAh, removable'",,"b'Black, White'",,b'About 110 EUR',,,,,,,,,,,,,,,,,,,,,,,,,,,b'0.63 W/kg (head) \xc2\xa0 \xc2\xa0 0.48 W/kg (body)',,,,,,,,,,,,
b'gionee',b'Gionee Dream D1',b'https://fdn2.gsmarena.com/vv/bigpic/gionee-dream-d1.jpg',b'GSM / HSPA',b'GSM 850 / 900 / 1800 / 1900',b'HSDPA 900 / 2100',,b'HSPA',b'2013. Released 2013',b'Discontinued',b'130 x 67 x 8.6 mm (5.12 x 2.64 x 0.34 in)',b'-',b'Dual SIM (Dual stand-by)',b'Super AMOLED+',"b'4.65 inches, 59.6 cm2 (~68.4% screen-to-body ratio)'","b'720 x 1280 pixels, 16:9 ratio (~316 ppi density)'",b'Android 4.1 (Jelly Bean)',,b'Quad-core 1.2 GHz Cortex-A7',b'PowerVR Series 5XT',b'microSDHC (dedicated slot)',b'4GB 1GB RAM',"b'8 MP, AF'",b'LED flash',b'1080p@30fps',b'1 MP',b'',b'Yes',b'Yes',"b'Wi-Fi 802.11 b/g/n, hotspot'","b'4.0, A2DP'","b'Yes, with A-GPS'",b'No',b'FM radio',b'microUSB 2.0',"b'Accelerometer, proximity, compass'","b'Li-Ion 2100 mAh, removable'",,b'Black',,b'About 170 EUR',,,,,,b'Corning Gorilla Glass 2',,,,,,,,,,,,,,,,,,,,,b'0.64 W/kg (head) \xc2\xa0 \xc2\xa0 1.01 W/kg (body)',,,,,,,,,,,,
