Brand,Model Name,Model Image,Technology,2G bands,,3G bands,_1,4G bands,5G bands,_1_1,Speed,Announced,Status,Dimensions,Weight,Build,SIM,Type,Size,Resolution,Protection,OS,Chipset,CPU,GPU,Card slot,Internal,Dual,Features,Video,Single,Features_1,Video_1,Loudspeaker,3.5mm jack,WLAN,Bluetooth,GPS,NFC,Radio,USB,Sensors,Type_1,Charging,Colors,Models,Price,Display,Battery life,128GB 8GB RAM,128GB 6GB RAM,Single_1,Performance,Dual_1,Camera,Loudspeaker_1,Audio quality,64GB 6GB RAM,64GB 4GB RAM,128GB 4GB RAM,GPRS,EDGE,Stand-by,Talk time,Music play,SAR,SAR EU,Phonebook,Call records,Messaging,Games,Java,Browser,Keyboard,Alert types,Infrared port,Stand-by_1,Talk time_1
b'haier',b'Haier C300',b'https://fdn2.gsmarena.com/vv/bigpic/haier-c300.jpg',b'GSM',b'GSM 850 / 900 / 1800 / 1900 - SIM 1 & SIM 2',b'Flashlight',,b'No',,,b'Audio player Photo viewer',,"b'2018, May. Released 2018, May'",b'Discontinued',b'97.4 x 47.9 x 17.9 mm (3.83 x 1.89 x 0.70 in)',b'80 g (2.82 oz)',,b'Dual SIM',"b'TFT, 65K colors'","b'1.77 inches, 9.9 cm2 (~21.1% screen-to-body ratio)'",b'128 x 160 pixels (~116 ppi density)',,,b'Mediatek MT6261D',,,b'microSDHC',"b'32MB ROM, 32MB RAM'",,,b'Yes',b'2 MP',,,b'Yes',b'No',b'No',b'Yes',b'No',b'No',b'FM radio',b'microUSB',b'',"b'Li-Ion, removable'",,"b'Black, Gold'",,,,,,,,,,,,,,,,b'Yes',b'No',,,,,,b'Yes',b'Yes',b'SMS',b'No',b'No',,,,,,
b'haier',b'Haier Hurricane',b'https://fdn2.gsmarena.com/vv/bigpic/haier-hurricane.jpg',b'GSM / HSPA / LTE',b'GSM 850 / 900 / 1800 / 1900 - SIM 1 & SIM 2',"b'2, 4, 5, 7, 12, 17, 28'",b'HSDPA 850 / 900 / 1900 / 2100',,"b'1, 3, 5, 7, 8, 20, 40, 41'",,,"b'HSPA 42.2/11.5 Mbps, LTE-A (2CA) Cat6 300/50 Mbps'","b'2018, January'","b'Available. Released 2018, January'",b'151.5 x 72.5 x 8.3 mm (5.96 x 2.85 x 0.33 in)',b'145 g (5.11 oz)',,"b'Dual SIM (Nano-SIM, dual stand-by)'",b'LTPS IPS LCD',"b'5.7 inches, 83.8 cm2 (~76.3% screen-to-body ratio)'","b'720 x 1440 pixels, 18:9 ratio (~282 ppi density)'",b'Asahi Dragontrail Glass',b'Android 7.0 (Nougat)',b'Mediatek MT6753 (28 nm)',b'Octa-core 1.3 GHz Cortex-A53',b'Mali-T720MP3',b'microSDXC (dedicated slot)',b'16GB 2GB RAM',,"b'LED flash, HDR, panorama'",b'1080p@30fps',"b'13 MP, f/2.0, 1.12 \xc2\xb5m, PDAF'",b'LED flash',b'',b'Yes',b'Yes',"b'Wi-Fi 802.11 b/g/n, Wi-Fi Direct, hotspot'","b'4.2, A2DP, LE'","b'Yes, with A-GPS, GLONASS'",b'No',b'FM radio',b'microUSB 2.0',"b'Fingerprint (rear-mounted), accelerometer, proximity'","b'Li-Ion 3300 mAh, non-removable'",,"b'Black, Blue, Red, Green'",,,,,,,"b'8 MP, f/2.0, 1/4"", no AF'",,,,,,,,,,,,,,,,,,,,,,,,,,
b'haier',b'Haier G8',b'https://fdn2.gsmarena.com/vv/bigpic/haier-g8.jpg',b'GSM / HSPA / LTE',b'GSM 850 / 900 / 1800 / 1900 - SIM 1 & SIM 2',b'HSDPA 850 / 1900',b'HSDPA 900 / 2100',"b'2, 4, 5, 7, 17, 28'","b'1, 3, 5, 7, 8, 20, 40'",,b'eMMC 5.0',"b'HSPA 42.2/11.5 Mbps, LTE Cat4 150/50 Mbps'",b'Not announced yet',"b'Available. Released 2018, April'",b'142.8 x 70.7 x 8.5 mm (5.62 x 2.78 x 0.33 in)',b'135 g (4.76 oz)',,"b'Dual SIM (Micro-SIM, dual stand-by)'",b'IPS LCD',"b'5.0 inches, 68.9 cm2 (~68.3% screen-to-body ratio)'","b'720 x 1280 pixels, 16:9 ratio (~294 ppi density)'",b'Asahi Dragontrail Glass',b'Android 7.0 (Nougat)',b'Mediatek MT6737 (28 nm)',b'Quad-core 1.25 GHz Cortex-A53',b'Mali-T720MP1',b'microSDXC (dedicated slot)',b'16GB 1GB RAM',,"b'LED flash, HDR, panorama'",b'720p@30fps',"b'8 MP, f/2.0, 1/4.0"", 1.12\xc2\xb5m, AF'",b'LED flash',b'',b'Yes',b'Yes',"b'Wi-Fi 802.11 b/g/n, Wi-Fi Direct, hotspot'","b'4.2, A2DP, LE'","b'Yes, with A-GPS'",b'No',b'FM radio',b'microUSB 2.0',"b'Accelerometer, proximity'","b'Li-Ion 2500 mAh, removable'",,"b'Black, White, Blue'",,,,,,,"b'8 MP, f/2.0, 1/4"", 1.12\xc2\xb5m'",,,,,,,,,,,,,,,,,,,,,,,,,,
b'haier',b'Haier L8',b'https://fdn2.gsmarena.com/vv/bigpic/haier-l8.jpg',b'GSM / HSPA / LTE',b'GSM 850 / 900 / 1800 / 1900 - SIM 1 & SIM 2',b'eMMC 5.1',b'HSDPA 850 / 900 / 1900 / 2100',,"b'1, 3, 5, 7, 8, 20, 40, 41'",,,"b'HSPA 42.2/5.76 Mbps, LTE-A (2CA) Cat7 300/150 Mbps'","b'2018, March'","b'Available. Released 2018, April'",b'160 x 76 x 8.4 mm (6.30 x 2.99 x 0.33 in)',b'140 g (4.94 oz)',"b'Glass front (Asahi Dragontrail), aluminum back, aluminum frame'","b'Dual SIM (Nano-SIM, dual stand-by)'",b'LTPS IPS LCD',"b'5.99 inches, 92.6 cm2 (~76.1% screen-to-body ratio)'","b'1080 x 2160 pixels, 18:9 ratio (~403 ppi density)'",b'Asahi Dragontrail Glass',b'Android 7.1 (Nougat)',b'Qualcomm SDM450 Snapdragon 450 (14 nm)',b'Octa-core 1.8 GHz Cortex-A53',b'Adreno 506',b'microSDXC (dedicated slot)',b'32GB 3GB RAM',"b'12 MP, PDAF 2 MP, (depth)'","b'Dual-LED dual-tone flash, HDR, panorama'",b'1080p@30fps',"b'8 MP, f/2.0, 1/4"", 1.12\xc2\xb5m'",b'LED flash',b'',b'Yes',b'Yes',"b'Wi-Fi 802.11 b/g/n, Wi-Fi Direct, hotspot'","b'4.2, A2DP, LE'","b'Yes, with A-GPS, GLONASS'",b'No',b'FM radio',b'USB Type-C 2.0',"b'Fingerprint (rear-mounted), accelerometer, gyro, proximity, compass'","b'Li-Ion 4000 mAh, non-removable'",b'Charging 10W',"b'Black, Gold, Blue'",,,,,,,,,,,,,,,,,,,,,,,,,,,,,,,,,
b'haier',b'Haier I6',b'https://fdn2.gsmarena.com/vv/bigpic/haier-l6.jpg',b'GSM / HSPA / LTE',b'GSM 850 / 900 / 1800 / 1900 - SIM 1 & SIM 2',"b'2, 4, 5, 7, 12, 17, 28'",b'HSDPA 850 / 900 / 1900 / 2100',,"b'1, 3, 5, 7, 8, 20, 40, 41'",,,"b'HSPA 42.2/11.5 Mbps, LTE-A (2CA) Cat6 300/50 Mbps'","b'2018, January'","b'Available. Released 2018, January'",b'151.5 x 72.5 x 8.3 mm (5.96 x 2.85 x 0.33 in)',b'145 g (5.11 oz)',"b'Glass front, aluminum back, aluminum frame'","b'Dual SIM (Nano-SIM, dual stand-by)'",b'LTPS IPS LCD',"b'5.7 inches, 83.8 cm2 (~76.3% screen-to-body ratio)'","b'720 x 1440 pixels, 18:9 ratio (~282 ppi density)'",,b'Android 7.1 (Nougat)',b'Mediatek MT6753 (28 nm)',b'Octa-core 1.3 GHz Cortex-A53',b'Mali-T720MP3',b'microSDXC (dedicated slot)',b'32GB 3GB RAM',,"b'LED flash, HDR, panorama'",b'1080p@30fps',"b'13 MP, f/2.0, 1.12\xc2\xb5m, PDAF'",b'LED flash',b'',b'Yes',b'Yes',"b'Wi-Fi 802.11 b/g/n, Wi-Fi Direct, hotspot'","b'4.2, A2DP, LE'","b'Yes, with A-GPS, GLONASS'",b'No',b'FM radio',b'microUSB 2.0',"b'Fingerprint (rear-mounted), accelerometer, proximity'","b'Li-Ion 3300 mAh, non-removable'",,"b'Black, Blue, Red, Green'",,,,,,,"b'8 MP, f/2.0, 1/4"", no AF'",,,,,,,,,,,,,,,b'0.32 W/kg (head) \xc2\xa0 \xc2\xa0 1.19 W/kg (body)',,,,,,,,,,,
b'haier',b'Haier L7',b'https://fdn2.gsmarena.com/vv/bigpic/haier-l7.jpg',b'GSM / HSPA / LTE',b'GSM 850 / 900 / 1800 / 1900 - SIM 1 & SIM 2',"b'1, 3, 5, 7, 8, 26, 40'",b'HSDPA 850 / 900 / 1900 / 2100',b'eMMC 5.1',"b'1, 3, 7, 8, 20'",,,"b'HSPA 42.2/11.5 Mbps, LTE Cat4 150/50 Mbps'",b'2017',b'Available. Released 2017',b'152 x 76 x 7.9 mm (5.98 x 2.99 x 0.31 in)',b'160 g (5.64 oz)',"b'Glass front (Asahi Dragontrail), aluminum/plastic back, aluminum frame'","b'Hybrid Dual SIM (Micro-SIM/Nano-SIM, dual stand-by)'",b'LTPS IPS LCD',"b'5.5 inches, 83.4 cm2 (~72.2% screen-to-body ratio)'","b'1080 x 1920 pixels, 16:9 ratio (~401 ppi density)'",b'Asahi Dragontrail Glass',b'Android 7.1 (Nougat)',b'Qualcomm MSM8937 Snapdragon 430 (28 nm)',b'Octa-core 1.4 GHz Cortex-A53',b'Adreno 505',b'microSDXC (uses shared SIM slot)',b'32GB 3GB RAM',,"b'Dual-LED dual-tone flash, HDR, panorama'",b'1080p@30fps',"b'13 MP, f/2.2, PDAF'",b'LED flash',b'',b'Yes',b'Yes',"b'Wi-Fi 802.11 b/g/n, Wi-Fi Direct, hotspot'","b'4.0, A2DP, LE'","b'Yes, with A-GPS, GLONASS'",b'No',b'FM radio',"b'USB Type-C 2.0, USB On-The-Go'","b'Fingerprint (rear-mounted), accelerometer, gyro, proximity, compass'","b'Li-Ion 3000 mAh, non-removable'",b'Fast charging 18W Quick Charge 3.0',"b'Gold, Gray, Silver, Black, Red'",,b'About 120 EUR',,,,,"b'5 MP, f/2.4'",,,,,,,,,,,,,,,b'0.17 W/kg (head) \xc2\xa0 \xc2\xa0 0.69 W/kg (body)',,,,,,,,,,,
b'haier',b'Haier G7',b'https://fdn2.gsmarena.com/vv/bigpic/haier-g7.jpg',b'GSM / HSPA / LTE',b'GSM 850 / 900 / 1800 / 1900 - SIM 1 & SIM 2',b'HSDPA 850 / 1900',b'HSDPA 900 / 2100',"b'2, 4, 5, 7, 17'","b'1, 3, 7, 20'",,b'eMMC 5.0',"b'HSPA 42.2/11.5 Mbps, LTE Cat4 150/50 Mbps'",b'2017',b'Available. Released 2017',b'143 x 71.5 x 8.1 mm (5.63 x 2.81 x 0.32 in)',b'135 g (4.76 oz)',,"b'Dual SIM (Micro-SIM, dual stand-by)'",b'IPS LCD',"b'5.0 inches, 68.9 cm2 (~67.4% screen-to-body ratio)'","b'720 x 1280 pixels, 16:9 ratio (~294 ppi density)'",b'Scratch-resistant glass',b'Android 7.0 (Nougat)',b'Mediatek MT6737 (28 nm)',b'Quad-core 1.25 GHz Cortex-A53',b'Mali-T720MP1',b'microSDHC (dedicated slot)',b'16GB 1GB RAM',,"b'LED flash, HDR, panorama'",b'720p@30fps',"b'8 MP, AF'",b'LED flash',b'',b'Yes',b'Yes',"b'Wi-Fi 802.11 b/g/n, Wi-Fi Direct, hotspot'","b'4.0, A2DP, LE'","b'Yes, with A-GPS'",b'No',b'FM radio',b'microUSB 2.0',"b'Accelerometer, proximity'","b'Li-Ion 2200 mAh, removable'",,"b'Black, White, Yellow, Blue'",,,,,,,b'5 MP',,,,,,,,,,,,,,,b'0.53 W/kg (head) \xc2\xa0 \xc2\xa0 0.87 W/kg (body)',,,,,,,,,,,
b'haier',b'Haier G51',b'https://fdn2.gsmarena.com/vv/bigpic/haier-g51-.jpg',b'GSM / HSPA / LTE',b'GSM 850 / 900 / 1800 / 1900 - SIM 1 & SIM 2',b'HSDPA 850 / 1900',b'HSDPA 900 / 2100',"b'2, 4, 5, 8'","b'1, 3, 7, 8, 20'",,b'eMMC 5.0',"b'HSPA 42.2/11.5 Mbps, LTE Cat4 150/50 Mbps'",b'2017',b'Available. Released 2017',b'142.6 x 72.9 x 9.1 mm (5.61 x 2.87 x 0.36 in)',b'155 g (5.47 oz)',,"b'Dual SIM (Micro-SIM, dual stand-by)'",b'IPS LCD',"b'5.0 inches, 68.9 cm2 (~66.3% screen-to-body ratio)'","b'480 x 854 pixels, 16:9 ratio (~196 ppi density)'",b'Scratch-resistant glass',b'Android 7.0 (Nougat)',b'Mediatek MT6737M (28 nm)',b'Quad-core 1.25 GHz Cortex-A53',b'Mali-T720MP1',b'microSDHC (dedicated slot)',b'8GB 1GB RAM',,"b'Dual-LED dual-tone flash, HDR, panorama'",b'720p@30fps',"b'5 MP, f/2.0, AF'",b'Dual-LED dual-tone flash',b'',b'Yes',b'Yes',"b'Wi-Fi 802.11 b/g/n, Wi-Fi Direct, hotspot'","b'4.0, A2DP, LE'","b'Yes, with A-GPS'",b'No',b'FM radio',b'microUSB 2.0',"b'Accelerometer, proximity'","b'Li-Ion 2000 mAh, removable'",,"b'Black, Gold, White, Blue'",,,,,,,"b'5 MP, f/2.4'",,,,,,,,,,,,,,,b'0.71 W/kg (head) \xc2\xa0 \xc2\xa0 1.11 W/kg (body)',,,,,,,,,,,
b'haier',b'Haier U69',b'https://fdn2.gsmarena.com/vv/bigpic/haier-u69.jpg',b'GSM',b'GSM 900 / 1800',b'No',,b'MP3/WAV/WMA/eAAC player MP4/H.264 player Organizer Document viewer Voice memo Predictive text input',,,,,"b'2010. Released 2010, April'",b'Discontinued',b'110 x 55 x 12.2 mm (4.33 x 2.17 x 0.48 in)',b'111 g (3.92 oz)',,b'Mini-SIM',"b'TFT resistive touchscreen, 256K colors'","b'3.0 inches, 25.6 cm2 (~42.3% screen-to-body ratio)'","b'240 x 400 pixels, 5:3 ratio (~155 ppi density)'",,b'Microsoft Windows Mobile 6.5 Professional',,,,b'microSD (dedicated slot)',,,,b'No',b'2 MP',,,b'Yes',b'Yes',b'No',"b'2.0, A2DP'",b'No',,b'FM radio',b'2.0',b'Accelerometer',b'Removable Li-Ion 1100 mAh battery',,b'Silver',,,,,,,,,,,,,,,,b'Class 10',b'Class 10',,,,,,,,,,,"b'WAP 2.0/xHTML, HTML'",,,,,
b'haier',b'Haier U60',b'https://fdn2.gsmarena.com/vv/bigpic/haier-u60.jpg',b'GSM',b'GSM 900 / 1800',b'No',,b'MP3/MP4 player Predictive text input',,,,,b'2010. Released 2010',b'Discontinued',b'104 x 50 x 14.5 mm (4.09 x 1.97 x 0.57 in)',b'-',,b'Dual SIM (Mini-SIM)',"b'TFT resistive touchscreen, 65K colors'","b'2.4 inches, 17.8 cm2 (~34.3% screen-to-body ratio)'","b'240 x 320 pixels, 4:3 ratio (~167 ppi density)'",,,,,,b'microSD (dedicated slot)',,,,b'No',b'VGA',,,b'Yes',b'No',b'No',b'2.0',b'No',,b'FM radio',b'No',b'',b'Removable Li-Ion 900 mAh battery',,b'Black',,,,,,,,,,,,,,,,b'Class 10',b'No',,,,,,b'Yes',b'Yes',"b'SMS, MMS'",b'No',"b'Yes, MIDP 2.0'",b'WAP 2.0/xHTML',,,,,
b'haier',b'Haier U56',b'https://fdn2.gsmarena.com/vv/bigpic/haier-u56.jpg',b'GSM',b'GSM 900 / 1800 - SIM 1',b'GSM 900 / 1800 - SIM 2',,b'No',,,b'MP3/MP4 player Predictive text input',,b'2010. Released 2010',b'Discontinued',b'115 x 49 x 11.5 mm (4.53 x 1.93 x 0.45 in)',b'-',,"b'Dual SIM (Mini-SIM, dual stand-by)'","b'TFT, 65K colors'","b'2.4 inches, 17.8 cm2 (~31.7% screen-to-body ratio)'","b'240 x 320 pixels, 4:3 ratio (~167 ppi density)'",,,,,,b'microSD (dedicated slot)',,,,b'No',b'1.3 MP',,,b'Yes',b'No',b'No',b'2.0',b'No',,b'FM radio',b'No',b'',b'Removable Li-Ion 1200 mAh battery',,b'Black',,,,,,,,,,,,,,,,b'Class 10',b'No',,,,,,b'Yes',b'Yes',"b'SMS, MMS'",b'No',"b'Yes, MIDP 2.0'",b'WAP 2.0/xHTML',,,,,
b'haier',b'Haier U53',b'https://fdn2.gsmarena.com/vv/bigpic/haier-u53.jpg',b'GSM',b'GSM 900 / 1800',b'No',,b'MP3/MP4 player Yahoo and Skype apps Predictive text input',,,,,"b'2010. Released 2010, April'",b'Discontinued',b'111 x 59.3 x 13.4 mm (4.37 x 2.33 x 0.53 in)',b'-',,b'Dual SIM (Mini-SIM)',"b'TFT, 65K colors'",b'2.0 inches',b'',,,,,,b'microSD (dedicated slot)',,,,b'No',b'Yes',,,b'Yes',b'No',b'No',b'2.0',b'No',,b'FM radio',b'No',b'',b'Removable Li-Ion 1000 mAh battery',,b'Black',,,,,,,,,,,,,,,,b'Class 10',b'No',,,,,,b'Yes',b'Yes',"b'SMS, MMS'",b'No',"b'Yes, MIDP 2.0'",b'WAP 2.0/xHTML',b'QWERTY',,,,
b'haier',b'Haier K3',b'https://fdn2.gsmarena.com/vv/bigpic/haier-k3.jpg',b'GSM',b'GSM 900 / 1800',b'No',,b'MP3/MP4 player Predictive text input',,,,,b'2010. Released 2010',b'Discontinued',b'109 x 51 x 17.4 mm (4.29 x 2.01 x 0.69 in)',b'-',,b'Dual SIM (Mini-SIM)',"b'TFT, 65K colors'","b'2.6 inches, 19.2 cm2 (~34.6% screen-to-body ratio)'","b'240 x 400 pixels, 5:3 ratio (~179 ppi density)'",,,,,,b'microSD (dedicated slot)',,,,b'No',b'VGA',,,b'Yes',b'No',b'No',b'2.0',b'No',,b'FM radio',b'No',b'',b'Removable Li-Ion 1000 mAh battery',,"b'White, Black'",,,,,,,,,,,,,,,,b'Class 10',b'No',,,,,,b'Yes',b'Yes',"b'SMS, MMS'",b'No',"b'Yes, MIDP 2.0'",b'WAP 2.0/xHTML',,,,,
b'haier',b'Haier A66',b'https://fdn2.gsmarena.com/vv/bigpic/haier-u66.jpg',b'GSM',b'GSM 900 / 1800 - SIM 1',b'GSM 900 / 1800 - SIM 2',,b'Secondary hidden display',,,b'MP3/MP4 player Predictive text input',,b'2010. Released 2010',b'Discontinued',b'100 x 49 x 15.5 mm (3.94 x 1.93 x 0.61 in)',b'-',,"b'Dual SIM (Mini-SIM, dual stand-by)'","b'TFT, 65K colors'","b'2.4 inches, 17.8 cm2 (~36.4% screen-to-body ratio)'","b'240 x 320 pixels, 4:3 ratio (~167 ppi density)'",,,,,,b'microSD (dedicated slot)',,,,b'No',b'2 MP',,,b'Yes',b'No',b'No',b'2.0',b'No',,b'FM radio',b'No',b'',b'Removable Li-Ion 1000 mAh battery',,"b'Pink, Black'",,,,,,,,,,,,,,,,b'Class 10',b'No',,,,,,b'Yes',b'Yes',"b'SMS, MMS'",b'No',"b'Yes, MIDP 2.0'",b'WAP 2.0/xHTML',,,,,
b'haier',b'Haier V730',b'https://fdn2.gsmarena.com/vv/bigpic/haier-v730.jpg',b'GSM',b'GSM 900 / 1800',b'Flashlight',,b'No',,,b'MP3/MP4 player Predictive text input',,"b'2010. Released 2010, May'",b'Discontinued',b'116 x 51 x 11.5 mm (4.57 x 2.01 x 0.45 in)',b'-',,b'Mini-SIM',"b'TFT, 65K colors'","b'2.4 inches, 17.8 cm2 (~30.2% screen-to-body ratio)'","b'240 x 320 pixels, 4:3 ratio (~167 ppi density)'",,,,,,b'microSD (dedicated slot)',,,,b'No',b'2 MP',,,b'Yes',b'No',b'No',b'2.0',b'No',,b'FM radio',b'No',b'',b'Removable Li-Ion 1250 mAh battery',,"b'Black, White'",,,,,,,,,,,,,,,,b'Class 10',b'No',,,,,,b'Yes',b'Yes',"b'SMS, MMS, IM'",b'No',"b'Yes, MIDP 2.0'",b'WAP 2.0/xHTML',,,,,
b'haier',b'Haier V700',b'https://fdn2.gsmarena.com/vv/bigpic/haier-v700.jpg',b'GSM',b'GSM 900 / 1800',b'Flashlight',,b'No',,,b'MP3/MP4 player Predictive text input',,b'2010. Released 2010',b'Discontinued',b'115 x 51 x 16 mm (4.53 x 2.01 x 0.63 in)',b'-',,b'Dual SIM (Mini-SIM)',"b'TFT, 65K colors'","b'2.2 inches, 15.3 cm2 (~26.1% screen-to-body ratio)'",b'144 x 176 pixels (~103 ppi density)',,,,,,b'microSD (dedicated slot)',,,,b'No',b'VGA',,,b'Yes',b'No',b'No',b'2.0',b'No',,b'FM radio',b'No',b'',b'Removable Li-Ion 2000 mAh battery',,b'Black',,,,,,,,,,,,,,,,b'Class 10',b'No',,,,,,b'Yes',b'Yes',"b'SMS, MMS'",b'No',b'No',b'WAP 2.0/xHTML',,,,,
b'haier',b'Haier M320+',b'https://fdn2.gsmarena.com/vv/bigpic/haier-m320-plus.jpg',b'GSM',b'GSM 900 / 1800',b'Flashlight',,b'No',,,b'MP3 player Predictive text input',,b'2010. Released 2010',b'Discontinued',b'108.2 x 45.6 x 12 mm (4.26 x 1.80 x 0.47 in)',b'-',,"b'Dual SIM (Mini-SIM, no dual stand-by)'","b'TFT, 65K colors'",b'1.8 inches',b'',,,,,,b'microSD (dedicated slot)',,,,b'No',b'Yes',,,b'Yes',b'No',b'No',b'No',b'No',,b'FM radio',b'No',b'',b'Removable Li-Ion 1000 mAh battery',,b'Black',,,,,,,,,,,,,,,,b'Class 10',b'No',,,,,,b'Yes',b'Yes',"b'SMS, MMS'",b'No',b'No',b'WAP 2.0/xHTML',,,,,
b'haier',b'Haier M306',b'https://fdn2.gsmarena.com/vv/bigpic/haier-m306.jpg',b'GSM',b'GSM 900 / 1800',b'Flashlight',,b'No',,,b'Predictive text input',,"b'2010. Released 2010, May'",b'Discontinued',b'110 x 43 x 13 mm (4.33 x 1.69 x 0.51 in)',b'-',,"b'Dual SIM (Mini-SIM, no dual stand-by)'","b'TFT, 65K colors'",b'1.8 inches',b'',,,,,,b'microSD (dedicated slot)',,,,,,,,b'Yes',b'No',b'No',b'No',b'No',,b'FM radio',b'No',b'',b'Removable Li-Ion 1000 mAh battery',,b'Black',,,,,,,,,,,,,,,,b'Class 10',b'No',,,,,,b'Yes',b'Yes',"b'SMS, MMS'",b'No',b'No',b'WAP 2.0/xHTML',,,,,
b'haier',b'Haier M300',b'https://fdn2.gsmarena.com/vv/bigpic/haier-m300.jpg',b'GSM',b'GSM 900 / 1800',b'Flashlight',,b'No',,,b'Predictive text input',,"b'2010. Released 2010, April'",b'Discontinued',b'108 x 46.1 x 13.5 mm (4.25 x 1.81 x 0.53 in)',b'-',,"b'Dual SIM (Mini-SIM, no dual stand-by)'","b'TFT, 65K colors'",b'1.8 inches',b'',,,,,,b'microSD (dedicated slot)',,,,,,,,b'Yes',b'No',b'No',b'No',b'No',,b'FM radio',b'No',b'',b'Removable Li-Ion 1000 mAh battery',,b'Black',,,,,,,,,,,,,,,,b'Class 10',b'No',,,,,,b'Yes',b'Yes',"b'SMS, MMS'",b'No',b'No',b'WAP 2.0/xHTML',,,,,
b'haier',b'Haier M180',b'https://fdn2.gsmarena.com/vv/bigpic/haier-m180.jpg',b'GSM',b'GSM 900 / 1800',b'Flashlight',,b'No',,,b'Predictive text input',,"b'2010, March. Released 2010, March'",b'Discontinued',b'101.3 x 43 x 14.1 mm (3.99 x 1.69 x 0.56 in)',b'-',,b'Mini-SIM',"b'CSTN, 65K colors'",b'1.44 inches',b'',,,,,,b'No',,,,,,,,b'Yes',b'No',b'No',b'No',b'No',,b'FM radio',b'No',b'',b'Removable Li-Ion 650 mAh battery',,b'Black',,,,,,,,,,,,,,,,b'No',b'No',,,,,,b'Yes',b'Yes',b'SMS',b'No',b'No',b'No',,,,,
b'haier',b'Haier M160',b'https://fdn2.gsmarena.com/vv/bigpic/haier-m160.jpg',b'GSM',b'GSM 900 / 1800',b'Flashlight',,b'No',,,b'Predictive text input',,b'2010. Released 2010',b'Discontinued',b'108 x 45.3 x 13.4 mm (4.25 x 1.78 x 0.53 in)',b'-',,b'Mini-SIM',"b'CSTN, 65K colors'","b'1.5 inches, 7.3 cm2 (~14.8% screen-to-body ratio)'","b'128 x 128 pixels, 1:1 ratio (~121 ppi density)'",,,,,,b'No',,,,,,,,b'Yes',b'No',b'No',b'No',b'No',,b'FM radio',b'No',b'',b'Removable Li-Ion 650 mAh battery',,b'Black',,,,,,,,,,,,,,,,b'No',b'No',,,,,,b'Yes',b'Yes',b'SMS',b'No',b'No',b'No',,,,,
b'haier',b'Haier M150',b'https://fdn2.gsmarena.com/vv/bigpic/haier-m150.jpg',b'GSM',b'GSM 900 / 1800',b'Flashlight',,b'No',,,b'Predictive text input',,b'2010. Released 2010',b'Discontinued',b'109 x 45.8 x 14.3 mm (4.29 x 1.80 x 0.56 in)',b'-',,b'Mini-SIM',b'CSTN',b'1.3 inches',b'',,,,,,b'No',,,,,,,,b'Yes',b'No',b'No',b'No',b'No',,b'FM radio',b'No',b'',b'Removable Li-Ion 650 mAh battery',,b'Black',,,,,,,,,,,,,,,,b'No',b'No',,,,,,b'Yes',b'Yes',b'SMS',b'No',b'No',b'No',,,,,
b'haier',b'Haier A7',b'https://fdn2.gsmarena.com/vv/bigpic/haier-haiera7.gif',b'GSM',b'GSM 900 / 1800 / 1900',b'No',,b'MP3/ MP4 Player PC Sync Organizer World Time',,,,,b'2006',b'Discontinued',b'80 x 42 x 19.8 mm (3.15 x 1.65 x 0.78 in)',b'77 g (2.72 oz)',,b'Mini-SIM',"b'TFT, 65K colors'","b'1.66 inches, 8.7 cm2 (~25.8% screen-to-body ratio)'",b'128 x 160 pixels (~123 ppi density)',,,,,,b'No',b'128MB',,,b'Yes',b'1.3 MP',,,b'No',b'No',b'No',b'No',b'No',,b'No',b'No',b'',b'Removable Li-Ion 560 mAh battery',,"b'Black, Red'",,,,,,,,,,,,,,,,b'Class 10',b'No',b'Up to 240 h',b'Up to 3 h 30 min',,,,b'500 entries',"b'20 dialed, 20 received, 20 missed calls'","b'SMS, EMS, MMS'",b'Yes',b'Yes',b'WAP 2.0',,"b'Vibration; Downloadable polyphonic, MP3 ringtones'",b'Yes',,
b'haier',b'Haier M600 Black Pearl',b'https://fdn2.gsmarena.com/vv/bigpic/haier-blackpearl.gif',b'GSM',b'GSM 900 / 1800 / 1900',b'- 3D graphics',,b'No',,,b'MP3 Player Predictive text input Organizer Voice memo',,"b'2006, Q3'",b'Discontinued',b'90.6 x 35.3 x 18.2 mm (3.57 x 1.39 x 0.72 in)',b'64 g (2.26 oz)',,b'Mini-SIM',"b'OLED, 65K colors'","b'1.1 inches, 20 x 20 mm, 3.9 cm2 (~12.2% screen-to-body ratio)'","b'96 x 96 pixels, 1:1 ratio (~123 ppi density)'",,,,b'OS ADI 6528',,b'microSD (dedicated slot)',b'128MB',,,,,,,b'No',b'Yes',b'No',"b'2.0, A2DP'",b'No',,b'FM radio',b'miniUSB 2.0',b'',b'Removable Li-Ion 730 mAh battery',,b'Black',,,,,,,,,,,,,,,,b'No',b'No',b'Up to 200 h',b'Up to 3 h',,,,b'500 entries',"b'20 dialed, 20 received, 20 missed calls'",b'SMS',b'Yes',b'No',b'No',,"b'Vibration; Downloadable polyphonic, MP3, AMR ringtones'",,,
b'haier',b'Haier P8',b'https://fdn2.gsmarena.com/vv/bigpic/haier-p8.gif',b'GSM',b'GSM 900 / 1800 / 1900',b'No',,b'Organizer',,,,,"b'2006, Q2'",b'Discontinued',b'146 x 29.1 x 16.5 mm (5.75 x 1.15 x 0.65 in)',b'65 g (2.29 oz)',,b'Mini-SIM',"b'TFT, 65K colors'",b'',b'',,,,,,b'No',,,,b'No',b'VGA',,,b'No',b'No',b'No',b'Yes',b'No',,b'No',b'No',b'',b'Removable Li-Ion 600 mAh battery',,b'Black',,,,,,,,,,,,,,,,b'No',b'No',b'Up to 200 h',b'Up to 3 h 20 min',,,,b'500 entries',"b'20 dialed, 20 received, 20 missed calls'","b'SMS, MMS'",b'Yes',b'No',b'No',,"b'Vibration; Downloadable polyphonic, MP3 ringtones'",,,
b'haier',b'Haier A600',b'https://fdn2.gsmarena.com/vv/bigpic/haier-a600.gif',b'GSM',b'GSM 900 / 1800 / 1900',b'- 90 degree rotational LCD',,b'No',,,b'3D Graphic/3D Sound/ 3D Game MP3/MP4 Player Push mail TTS Network Streaming Organizer',,"b'2006, Q2'",b'Discontinued',b'117 x 46 x 21.1 mm (4.61 x 1.81 x 0.83 in)',b'120 g (4.23 oz)',,b'Mini-SIM',"b'TFT, 256K colors'","b'2.2 inches, 15.0 cm2 (~27.8% screen-to-body ratio)'","b'240 x 320 pixels, 4:3 ratio (~182 ppi density)'",,,,,,b'microSD (dedicated slot)',,,,b'Yes',b'2 MP',,,b'No',b'No',b'No',b'Yes',b'No',,b'No',b'No',b'',b'Removable Li-Ion 980 mAh battery',,b'Black',,,,,,,,,,,,,,,,b'Class 10',b'No',b'Up to 180 h',b'Up to 6 h',,,,b'1000 entries',"b'20 dialed, 20 received, 20 missed calls'","b'SMS, MMS'",b'Yes',b'Yes',b'WAP 2.0',,"b'Vibration; Downloadable polyphonic, MP3 ringtones'",,,
b'haier',b'Haier M2000',b'https://fdn2.gsmarena.com/vv/bigpic/haier-m2000.gif',b'GSM',b'GSM 900 / 1800',b'No',,b'MP3 Player Learning tools Brain Game MINI Appearance  Organizer',,,,,b'2005',b'Discontinued',b'89 x 45.8 x 16 mm (3.50 x 1.80 x 0.63 in)',b'67/78 g depending on the battery (2.36 oz)',,b'Mini-SIM',"b'CSTN resistive touchscreen, 65K colors'","b'1.8 inches, 10.2 cm2 (~25.0% screen-to-body ratio)'",b'128 x 160 pixels (~114 ppi density)',,,,,,b'No',,,,,,,,b'No',b'No',b'No',b'No',b'No',,b'No',b'No',b'',b'Removable Li-Ion 600 mAh battery',,b'Pink',,,,,,,,,,,,,,,,b'Class 10',b'No',b'Up to 300 h',b'Up to 4 h',,,,b'500 entries',"b'20 dialed, 20 received, 20 missed calls'","b'SMS, MMS'",b'Yes',b'No',b'WAP 2.0',,"b'Vibration; Downloadable polyphonic, MP3 ringtones'",,b'Up to 300 h',b'Up to 6 h 50 min'
b'haier',b'Haier M1200',b'https://fdn2.gsmarena.com/vv/bigpic/haier-m1200.gif',b'GSM',b'GSM 900 / 1800',b'No',,b'Bio-rhythm Phone Book Easy Search MP3 Player  World Time Organizer',,,,,b'2005',b'Discontinued',b'81.9 x 44.6 x 18.8 mm (3.22 x 1.76 x 0.74 in)',b'81 g (2.86 oz)',,b'Mini-SIM',"b'CSTN, 65K colors'","b'1.8 inches, 10.2 cm2 (~27.9% screen-to-body ratio)'",b'128 x 160 pixels (~114 ppi density)',,,,,,b'No',,,,,,,,b'No',b'No',b'No',b'No',b'No',,b'No',b'No',b'',b'Removable Li-Ion battery',,b'Silver',,,,,,,,,,,,,,,,b'No',b'No',,,,,,b'500 entries',"b'20 dialed, 20 received, 20 missed calls'","b'SMS, MMS'",b'Yes',b'No',b'WAP 2.0',,"b'Vibration; Downloadable polyphonic, MP3 ringtones'",,,
b'haier',b'Haier M1100',b'https://fdn2.gsmarena.com/vv/bigpic/haier-m1100.gif',b'GSM',b'GSM 900 / 1800',b'No',,b'Bio-rhythm Phone Book Easy Search  MP3 Player Wolrd Time  Organizer',,,,,b'2005',b'Discontinued',b'81.9 x 44.6 x 18.8 mm (3.22 x 1.76 x 0.74 in)',b'81 g (2.86 oz)',,b'Mini-SIM',"b'CSTN, 65K colors'","b'1.8 inches, 10.2 cm2 (~27.9% screen-to-body ratio)'",b'128 x 160 pixels (~114 ppi density)',,,,,,b'No',,,,,,,,b'No',b'No',b'No',b'No',b'No',,b'No',b'No',b'',b'Removable Li-Ion 600 mAh battery',,b'Silver',,,,,,,,,,,,,,,,b'No',b'No',b'Up to 200 h',b'Up to 3 h',,,,b'500 entries',"b'20 dialed, 20 received, 20 missed calls'","b'SMS, MMS'",b'Yes',b'No',b'WAP 2.0',,"b'Vibration; Downloadable polyphonic, MP3 ringtones'",,,
b'haier',b'Haier M1000',b'https://fdn2.gsmarena.com/vv/bigpic/haier-m1000.gif',b'GSM',b'GSM 900 / 1800',b'No',,b'Bio-rhythm Phone Book Easy Search  PC Sync Organizer',,,,,b'2005',b'Discontinued',b'81.9 x 44.6 x 18.8 mm (3.22 x 1.76 x 0.74 in)',b'81 g (2.86 oz)',,b'Mini-SIM',"b'CSTN, 65K colors'","b'1.8 inches, 10.2 cm2 (~27.9% screen-to-body ratio)'",b'128 x 160 pixels (~114 ppi density)',,,,,,b'No',,,,,,,,b'No',b'No',b'No',b'No',b'No',,b'No',b'No',b'',b'Removable Li-Ion 560 mAh battery',,"b'Red, Silver'",,,,,,,,,,,,,,,,b'Class 10',b'No',b'Up to 200 h',b'Up to 3 h',,,,b'500 entries',"b'20 dialed, 20 received, 20 missed calls'","b'SMS, MMS'",b'Yes',b'No',b'WAP 2.0',,"b'Vibration; Downloadable polyphonic, MP3 ringtones'",,,
b'haier',b'Haier M80',b'https://fdn2.gsmarena.com/vv/bigpic/haier-m80.gif',b'GSM',b'GSM 900 / 1800',b'Handwriting recognition Five-Direction Rocker Key',,b'No',,,b'MP3/MP4 player PC Sync Organizer',,"b'2006, Q2'",b'Discontinued',b'97 x 48 x 23.8 mm (3.82 x 1.89 x 0.94 in)',b'110 g (3.88 oz)',,b'Mini-SIM',"b'TFT resistive touchscreen, 256K colors'","b'2.0 inches, 12.6 cm2 (~27.0% screen-to-body ratio)'",b'176 x 220 pixels (~141 ppi density)',,,,,,b'miniSD',,,,b'Yes',b'2 MP',,,b'No',b'No',b'No',b'No',b'No',,b'No',b'2.0',b'',b'Removable Li-Ion 630 mAh battery',,b'Black',,,,,,,,,,,,,,,,b'Class 10',b'No',b'Up to 240 h',b'Up to 3 h',,,,b'500 entries',"b'20 dialed, 20 received, 20 missed calls'","b'SMS, EMS, MMS, Email'",b'Yes',b'Yes',b'WAP 2.0',,"b'Vibration; Downloadable polyphonic, MP3 ringtones'",,,
b'haier',b'Haier M260',b'https://fdn2.gsmarena.com/vv/bigpic/haier-m260.gif',b'GSM',b'GSM 900 / 1800',b'Handwriting recognition',,b'No',,,b'MP3/MP4 player PC Sync TTS Voice memo Organizer',,"b'2006, Q2'",b'Discontinued',b'104 x 46.5 x 16.8 mm (4.09 x 1.83 x 0.66 in)',b'95 g (3.35 oz)',,b'Mini-SIM',"b'TFT resistive touchscreen, 65K colors'","b'1.8 inches, 10.2 cm2 (~21.1% screen-to-body ratio)'",b'128 x 160 pixels (~114 ppi density)',,,,,,b'miniSD',,,,b'Yes',b'2 MP',,,b'No',b'No',b'No',b'No',b'No',,b'FM radio',b'No',b'',b'Removable Li-Ion 650 mAh battery',,"b'Black, White'",,,,,,,,,,,,,,,,b'Class 10',b'No',b'Up to 174 h',b'Up to 4 h',,,,b'500 entries',"b'20 dialed, 20 received, 20 missed calls'","b'SMS, MMS, Email'",b'Yes',"b'Yes, MIDP 2.0'",b'WAP 2.0',,"b'Vibration; Downloadable polyphonic, MP3 ringtones'",,b'Up to 288 h',b'Up to 5 h 20 min'
b'haier',b'Haier N90',b'https://fdn2.gsmarena.com/vv/bigpic/haier-n90.gif',b'GSM',b'GSM 900 / 1800',b'Handwriting recognition',,b'No',,,b'MP3/ MP4 Player Handwriting & PDA E-Book Double Keypad TTS Calculator Unit Converter',,"b'2006, Q2'",b'Discontinued',b'104 x 53 x 25.5 mm (4.09 x 2.09 x 1.00 in)',b'120 g (4.23 oz)',,b'Mini-SIM',"b'TFT, 256K colors'","b'2.4 inches, 18.1 cm2 (~32.9% screen-to-body ratio)'",b'176 x 220 pixels (~117 ppi density)',,,,,,b'miniSD',,,,b'Yes',b'2 MP',,,b'No',b'No',b'No',b'No',b'No',,b'No',b'No',b'',b'Removable Li-Ion 720 mAh battery',,b'Black silver',,,,,,,,,,,,,,,,b'Class 10',b'No',b'Up to 216 h',b'Up to 4 h',,,,b'1000 entries',"b'20 dialed, 20 received, 20 missed calls'","b'SMS, MMS, Email'",b'Brain Game',b'No',b'No',,"b'Vibration; Downloadable polyphonic, MP3 ringtones'",b'Yes',,
b'haier',b'Haier N70',b'https://fdn2.gsmarena.com/vv/bigpic/haier-n70.gif',b'GSM',b'GSM 900 / 1800',b'Handwriting recognition',,b'No',,,b'MP3/ MP4 Player Handwriting & PDA E-Book Double Keypad TTS Calculator Unit Converter',,"b'2006, Q2'",b'Discontinued',b'93 x 50 x 23.7 mm (3.66 x 1.97 x 0.93 in)',b'90 g (3.17 oz)',,b'Mini-SIM',"b'TFT, 256K colors'","b'2.0 inches, 12.6 cm2 (~27.1% screen-to-body ratio)'",b'176 x 220 pixels (~141 ppi density)',,,,,,b'microSD (dedicated slot)',,,,b'Yes',b'2 MP',,,b'No',b'No',b'No',b'No',b'No',,b'No',b'No',b'',b'Removable Li-Ion 720 mAh battery',,b'Black silver',,,,,,,,,,,,,,,,b'Class 10',b'No',b'Up to 135 h',b'Up to 4 h',,,,b'1000 entries',"b'20 dialed, 20 received, 20 missed calls'","b'SMS, MMS, Email'",b'Brain Game',b'No',b'No',,"b'Vibration; Downloadable polyphonic, MP3 ringtones'",b'Yes',,
b'haier',b'Haier N60',b'https://fdn2.gsmarena.com/vv/bigpic/haier-n60.gif',b'GSM',b'GSM 900 / 1800 / 1900',"b'Handwriting Recognition Swivel and rotate Screensavers, logos'",,b'No',,,b'MP3/MP4 player Predictive text input World clock Organizer',,"b'2005, Q1'",b'Discontinued',b'94 x 48 x 25 mm (3.70 x 1.89 x 0.98 in)',b'131 g (4.62 oz)',,b'Mini-SIM',"b'TFT resistive touchscreen, 256K colors'",b'',"b'320 x 240 pixels, 4:3 ratio'",,b'Linux',,b'312 MHz',,b'SDIO/MMC',b'60MB',,,b'Yes',b'1.3 MP',,,b'Yes',b'No',b'No',b'No',b'No',,b'No',b'Proprietary',b'',b'Removable Li-Ion 900 mAh battery',,b'',,,,,,,,,,,,,,,,b'Class 10',b'No',,,,,,,,,,,b'WAP 1.2.1',,"b'Vibration; Downloadable polyphonic, MP3 ringtones'",,,
b'haier',b'Haier T3000',b'https://fdn2.gsmarena.com/vv/bigpic/haier-t3000.gif',b'GSM',b'GSM 900 / 1800 / 1900',b'Screensaver Downloadable logos',,b'No',,,b'Push To Talk Predictive text input Calculator Voice memo',,"b'2005, Q1'",b'Discontinued',b'85 x 45 x 23.5 mm (3.35 x 1.77 x 0.93 in)',b'85 g (3.00 oz)',,b'Mini-SIM',b'65K colors',b'',b'128 x 160 pixels',,,,,,b'No',b'4MB',,,b'No',b'VGA',,,b'No',b'No',b'No',b'No',b'No',,b'No',b'',b'',b'Removable Li-Ion 600 mAh battery',,b'',,,,,,,,,,,,,,,,b'Class 10',b'No',b'Up to 200 h',b'Up to 2 h',,,,b'Yes',b'',"b'SMS, MMS, EMail'",b'Yes',"b'Yes, MIDP 2.0'",b'WAP 1.2.1',,b'Vibration; Downloadable polyphonic ringtones',b'Yes',,
b'haier',b'Haier V280',b'https://fdn2.gsmarena.com/vv/bigpic/haier-v280.gif',b'GSM',b'GSM 900 / 1800',b'Screensaver Downloadable logos',,b'No',,,b'Predictive text input Calculator Voice memo',,b'2005',b'Discontinued',b'109 x 44 x 14.5 mm (4.29 x 1.73 x 0.57 in)',b'80 g (2.82 oz)',,b'Mini-SIM',b'65K colors',b'',b'128 x 160 pixels',,,,,,b'No',b'4MB',,b'LED flash',b'No',b'1.3 MP',,,b'No',b'No',b'No',b'No',b'No',,b'No',b'',b'',b'Removable Li-Ion 550 mAh battery',,b'',,,,,,,,,,,,,,,,b'Class 10',b'No',b'Up to 240 h',b'Up to 2 h 30 min',,,,b'1000 entries',b'',"b'SMS, MMS'",b'Yes',"b'Yes, MIDP 2.0'",b'WAP 2.0/xHTML',,b'Vibration; Downloadable polyphonic ringtones',,,
b'haier',b'Haier F1100',b'https://fdn2.gsmarena.com/vv/bigpic/haf1100.gif',b'GSM',b'GSM 900 / 1800',b'Second external mono display Screensaver Downloadable pictures',,b'No',,,b'Predictive text input World clock Calculator Stopwatch',,"b'2005, Q1'",b'Discontinued',b'85.4 x 45.4 x 22 mm (3.36 x 1.79 x 0.87 in)',b'80 g (2.82 oz)',,b'Mini-SIM',"b'TFT, 65K colors'",b'',b'128 x 160 pixels',,,,,,b'No',,,,b'No',b'VGA',,,b'No',b'No',b'No',b'No',b'No',,b'No',b'',b'',b'Removable Li-Ion 600 mAh battery',,"b'Dark Blue, Red'",,,,,,,,,,,,,,,,b'Yes',b'No',b'Up to 240 h',b'Up to 3 h',,,,b'50 entries',b'',"b'SMS, MMS, EMail'",b'Yes',b'No',b'WAP 1.2.1',,b'Vibration; Polyphonic(40) ringtones',,,
b'haier',b'Haier L1000',b'https://fdn2.gsmarena.com/vv/bigpic/hal1000.gif',b'GSM',b'GSM 900 / 1800',b'Second external OLED display Screensaver Downloadable pictures',,b'No',,,b'Predictive text input World clock Calculator Stopwatch',,"b'2005, Q1'",b'Discontinued',b'84 x 44 x 20 mm (3.31 x 1.73 x 0.79 in)',b'80 g (2.82 oz)',,b'Mini-SIM',"b'TFT, 65K colors'",b'',b'128 x 160 pixels',,,,,,b'No',,,,,,,,b'No',b'No',b'No',b'No',b'No',,b'No',b'',b'',b'Removable Li-Ion 480 mAh battery',,b'Silver',,,,,,,,,,,,,,,,b'Yes',b'No',b'Up to 240 h',b'Up to 2 h',,,,b'Yes',b'',"b'SMS, MMS'",b'Yes',b'No',b'WAP 1.2.1',,b'Vibration; Polyphonic(40) ringtones',,,
b'haier',b'Haier P7',b'https://fdn2.gsmarena.com/vv/bigpic/hap7.gif',b'GSM',b'GSM 900 / 1800 / 1900',b'No',,b'Calculator Voice memo (3 x 30 min.) Predictive text input',,,,,"b'2004, Q4'",b'Discontinued',b'150 x 27 x 18.2 mm (5.91 x 1.06 x 0.72 in)',b'65 g (2.29 oz)',,b'Mini-SIM',"b'TFT, 65K colors'",b'',"b'64 x 128 pixels, 18:9 ratio'",,,,,,b'No',b'3MB',,,b'No',b'VGA',,,b'No',b'No',b'No',b'No',b'No',,b'No',b'Proprietary',b'',b'Removable Li-Ion 600 mAh battery',,b'',,,,,,,,,,,,,,,,b'Class 10',b'No',b'Up to 140 h',b'Up to 3 h',,,,b'300 entries',b'',"b'SMS, MMS'",b'Yes',b'No',b'WAP 2.0/xHTML',,b'Vibration; Downloadable polyphonic ringtones',,,
b'haier',b'Haier V7000',b'https://fdn2.gsmarena.com/vv/bigpic/hav7000.gif',b'GSM',b'GSM 900 / 1800 / 1900',b'Second external 65K colors display Screensaver Downloadable pictures',,b'No',,,b'Predictive text input Calculator Stopwatch',,b'2004',b'Discontinued',b'86 x 47 x 22.9 mm (3.39 x 1.85 x 0.90 in)',b'85 g (3.00 oz)',,b'Mini-SIM',"b'TFT, 65K colors'",b'',b'128 x 160 pixels',,,,,,b'No',,,b'LED flash',b'No',b'VGA',,,"b'Yes, with stereo speakers'",b'No',b'No',b'No',b'No',,b'No',b'',b'',b'Removable Li-Ion 620 mAh battery',,b'Silver',,,,,,,,,,,,,,,,b'Class 10',b'No',b'Up to 200 h',b'Up to 4 h',,,,b'500 entries',b'',"b'SMS, MMS, EMail'",b'Yes',b'Yes',b'WAP 1.2.1',,b'Vibration; Downloadable polyphonic ringtones',,,
b'haier',b'Haier V6200',b'https://fdn2.gsmarena.com/vv/bigpic/hav6200.gif',b'GSM',b'GSM 900 / 1800',b'Second external 65K colors display Screensaver Downloadable pictures',,b'No',,,b'Predictive text input Calculator Stopwatch',,b'2004',b'Discontinued',b'86 x 48 x 22 mm (3.39 x 1.89 x 0.87 in)',b'95 g (3.35 oz)',,b'Mini-SIM',"b'TFT, 256K colors'",b'',b'128 x 160 pixels',,,,,,b'No',,,,b'Yes',b'1.3 MP',,,"b'Yes, with stereo speakers'",b'No',b'No',b'No',b'No',,b'No',b'',b'',b'Removable Li-Ion 600 mAh battery',,b'Silver',,,,,,,,,,,,,,,,b'Class 10',b'No',b'Up to 140 h',b'Up to 4 h',,,,b'500 entries',b'',"b'SMS, MMS, EMail'",b'Yes',b'Yes',b'WAP 1.2.1',,b'Vibration; Downloadable polyphonic ringtones',,,
b'haier',b'Haier V6100',b'https://fdn2.gsmarena.com/vv/bigpic/hav6100.gif',b'GSM',b'GSM 900 / 1800',b'Second external 65K colors TFT display Screensaver Downloadable pictures',,b'No',,,b'Predictive text input Calculator Stopwatch',,b'2004',b'Discontinued',b'79 x 43 x 21 mm (3.11 x 1.69 x 0.83 in)',b'90 g (3.17 oz)',,b'Mini-SIM',"b'TFT, 256K colors'",b'',b'128 x 160 pixels',,,,,,b'No',,,b'LED flash',b'No',b'VGA',,,"b'Yes, with stereo speakers'",b'No',b'No',b'No',b'No',,b'No',b'',b'',b'Removable Li-Ion 600 mAh battery',,b'Silver',,,,,,,,,,,,,,,,b'Class 10',b'No',b'Up to 350 h',b'Up to 3 h 20 min',,,,b'500 entries',b'',"b'SMS, MMS'",b'Yes',b'No',b'WAP 1.2.1',,b'Vibration; Downloadable polyphonic ringtones',,,
b'haier',b'Haier V6000',b'https://fdn2.gsmarena.com/vv/bigpic/hav6000.gif',b'GSM',b'GSM 900 / 1800 / 1900',b'Second external 65K colors TFT display Screensaver Downloadable pictures',,b'No',,,b'Predictive text input Calculator Stopwatch',,b'2004',b'Discontinued',b'86 x 46 x 21 mm (3.39 x 1.81 x 0.83 in)',b'85 g (3.00 oz)',,b'Mini-SIM',"b'TFT, 256K colors'",b'',b'128 x 160 pixels',,,,,,b'No',,,b'LED flash',b'No',b'VGA',,,b'No',b'No',b'No',b'No',b'No',,b'No',b'',b'',b'Removable Li-Ion 680 mAh battery',,b'Silver',,,,,,,,,,,,,,,,b'Class 10',b'No',b'Up to 210 h',b'Up to 2 h',,,,b'200',b'',"b'SMS, MMS'",b'Yes',b'No',b'WAP 1.2.1',,b'Vibration; Downloadable polyphonic ringtones',,,
b'haier',b'Haier P6',b'https://fdn2.gsmarena.com/vv/bigpic/hap6.gif',b'GSM',b'GSM 900 / 1800',b'Blue background  Screensaver',,b'Up to 15 min voice memo',,,b'Calculator Voice memo Voice dial',,b'2004',b'Discontinued',b'137 x 30.6 x 19.7 mm (5.39 x 1.20 x 0.78 in)',b'80 g (2.82 oz)',,b'Mini-SIM',b'Monochrome',b'',"b'64 x 102 pixels, 16:10 ratio'",,,,,,b'No',,,,,,,,b'Yes',b'No',b'No',b'No',b'No',,b'No',b'',b'',b'Removable Li-Ion 580 mAh battery',,"b'Silver, Graphite Grey'",,,,,,,,,,,,,,,,b'No',b'No',b'Up to 150 h',b'Up to 2 h 30 min',,,,b'100',b'',b'SMS',"b'3 - Tetris, Balloon-Shoot, Bowling'",b'No',b'WAP',,b'Vibration; Polyphonic ringtones',,,
b'haier',b'Haier V2000',b'https://fdn2.gsmarena.com/vv/bigpic/hav2000.gif',b'GSM',b'GSM 900 / 1800',b'Second external 4096 colors display (96 x 64 pixels) Screensaver Downloadable logos',,b'No',,,b'Predictive text input Calculator',,b'2004',b'Discontinued',b'86 x 46 x 22.9 mm (3.39 x 1.81 x 0.90 in)',b'95 g (3.35 oz)',,b'Mini-SIM',"b'TFT, 65K colors'",b'',b'128 x 160 pixels',,,,,,b'No',,,,b'No',b'VGA',,,b'No',b'No',b'No',b'No',b'No',,b'No',b'',b'',b'Removable Li-Ion 600 mAh battery',,"b'Pink, Black'",,,,,,,,,,,,,,,,b'Class 10',b'No',b'Up to 400 h',b'Up to 4 h',,,,b'500',b'',"b'SMS, MMS, EMail'",b'Yes',b'Yes',b'WAP 1.2.1',,b'Vibration; Downloadable polyphonic ringtones',b'Yes',,
b'haier',b'Haier V200',b'https://fdn2.gsmarena.com/vv/bigpic/hav200.gif',b'GSM',b'GSM 900 / 1800',b'Screensaver Downloadable logos',,b'No',,,b'Predictive text input Calculator Voice memo',,b'2004',b'Discontinued',b'109 x 44 x 14 mm (4.29 x 1.73 x 0.55 in)',b'78 g (2.75 oz)',,b'Mini-SIM',b'65K colors',b'',b'128 x 160 pixels',,,,,,b'No',b'4MB',,b'LED flash',b'Yes',b'VGA',,,b'No',b'No',b'No',b'No',b'No',,b'No',b'',b'',b'Removable Li-Ion 900 mAh battery',,b'',,,,,,,,,,,,,,,,b'Class 10',b'No',b'Up to 300 h',b'Up to 5 h',,,,b'Yes',b'',"b'SMS, MMS'",b'Yes',b'No',b'WAP 1.2.1',,b'Vibration; Downloadable polyphonic ringtones',,,
b'haier',b'Haier V190',b'https://fdn2.gsmarena.com/vv/bigpic/hav190.gif',b'GSM',b'GSM 900 / 1800',b'Screensaver Downloadable logos',,b'No',,,b'Predictive text input Calculator',,b'2004',b'Discontinued',b'106 x 46 x 18.8 mm (4.17 x 1.81 x 0.74 in)',b'90 g (3.17 oz)',,b'Mini-SIM',b'65K colors',b'',"b'128 x 128 pixels, 1:1 ratio'",,,,,,b'No',b'2MB',,,b'No',b'CIF',,,b'No',b'No',b'No',b'No',b'No',,b'No',b'',b'',b'Removable Li-Ion 720 mAh battery',,b'',,,,,,,,,,,,,,,,b'Class 10',b'No',b'Up to 200 h',b'Up to 3 h 20 min',,,,b'Yes',b'',"b'SMS, MMS'",b'Yes',b'No',b'WAP 1.2.1',,b'Vibration; Downloadable polyphonic ringtones',,,
b'haier',b'Haier V160',b'https://fdn2.gsmarena.com/vv/bigpic/hav160.gif',b'GSM',b'GSM 900 / 1800',b'Screensaver Downloadable logos',,b'No',,,b'Predictive text input Organizer Voice memo',,b'2004',b'Discontinued',b'105 x 43 x 20 mm (4.13 x 1.69 x 0.79 in)',b'90 g (3.17 oz)',,b'Mini-SIM',b'65K colors',b'',"b'128 x 128 pixels, 1:1 ratio'",,,,,,b'No',b'1.5MB',,,b'No',b'CIF',,,b'No',b'No',b'No',b'No',b'No',,b'No',b'',b'',b'Removable Li-Ion 720 mAh battery',,b'Silver',,,,,,,,,,,,,,,,b'Class 10',b'No',b'Up to 200 h',b'Up to 3 h 20 min',,,,b'500',b'',"b'SMS, MMS, EMail'",b'Yes',b'Yes',b'WAP 2.0/xHTML',,b'Vibration; Downloadable polyphonic ringtones',,,
b'haier',b'Haier V100',b'https://fdn2.gsmarena.com/vv/bigpic/hav100.gif',b'GSM',b'GSM 900 / 1800',b'Screensaver Downloadable logos',,b'',,,b'Predictive text input Calculator Voice memo',,b'2004',b'Discontinued',b'106 x 46 x 18.8 mm (4.17 x 1.81 x 0.74 in)',b'90 g (3.17 oz)',,b'Mini-SIM',b'65K colors',b'',"b'128 x 128 pixels, 1:1 ratio'",,,,,,b'No',b'2MB',,,b'No',b'CIF',,,b'No',b'No',b'No',b'No',b'No',,b'No',b'',b'',b'Removable Li-Ion 600 mAh battery',,b'',,,,,,,,,,,,,,,,b'Class 10',b'No',b'Up to 200 h',b'Up to 3 h',,,,b'500',b'',"b'SMS, MMS'",b'Yes',b'No',b'WAP 1.2.1',,b'Vibration; Downloadable polyphonic ringtones',,,
b'haier',b'Haier Z300',b'https://fdn2.gsmarena.com/vv/bigpic/haz300.gif',b'GSM',b'GSM 900 / 1800',b'Screensaver',,b'250 short messagies',,,b'Predictive text input Organizer',,b'2004',b'Discontinued',b'86 x 46 x 23 mm (3.39 x 1.81 x 0.91 in)',b'85 g (3.00 oz)',,b'Mini-SIM',b'4096 colors',b'',b'101 x 80 pixels',,,,,,b'No',,,,,,,,b'No',b'No',b'No',b'No',b'No',,b'No',b'',b'',b'Removable Li-Ion 720 mAh battery',,b'Silver',,,,,,,,,,,,,,,,b'No',b'No',b'Up to 270 h',b'Up to 4 h',,,,b'Yes',b'',"b'SMS, EMS'",b'Yes',b'No',b'WAP 1.2.1',,b'Vibration; Polyphonic(16) ringtones',,,
b'haier',b'Haier Z100',b'https://fdn2.gsmarena.com/vv/bigpic/haz100.gif',b'GSM',b'GSM 900 / 1800',b'Screensaver',,b'250 short messagies',,,b'Predictive text input Voice memo',,b'2004',b'Discontinued',b'83 x 44 x 20 mm (3.27 x 1.73 x 0.79 in)',b'85 g (3.00 oz)',,b'Mini-SIM',b'-',b'',b'',,,,,,b'No',,,,,,,,b'No',b'No',b'No',b'No',b'No',,b'No',b'',b'',b'Removable Li-Ion 720 mAh battery',,b'Silver',,,,,,,,,,,,,,,,b'No',b'No',b'Up to 360 h',b'Up to 6 h',,,,b'Yes',b'',"b'SMS, EMS'",b'',b'No',b'WAP 1.2.1',,b'Vibration; Polyphonic(16) ringtones',,,
b'haier',b'Haier V1000',b'https://fdn2.gsmarena.com/vv/bigpic/hav1000.gif',b'GSM',b'GSM 850 / 900 / 1800 / 1900',b'Second external B/W display (96 x 48 pixels) Screensaver Downloadable logos',,b'No',,,b'Predictive text input Calculator',,b'2004',b'Discontinued',b'87 x 47 x 21 mm (3.43 x 1.85 x 0.83 in)',b'95 g (3.35 oz)',,b'Mini-SIM',b'65K colors',b'',b'128 x 160 pixels',,,,,,b'No',,,,b'No',b'VGA',,,b'No',b'No',b'No',b'No',b'No',,b'No',b'',b'',b'Removable Li-Ion 720 mAh battery',,b'',,,,,,,,,,,,,,,,b'Class 10',b'No',b'Up to 200 h',b'Up to 4 h',,,,b'500',b'',"b'SMS, MMS'",b'Yes',b'No',b'WAP 1.2.1',,b'Vibration; Downloadable polyphonic ringtones',,,
b'haier',b'Haier P5',b'https://fdn2.gsmarena.com/vv/bigpic/hap5.gif',b'GSM',b'GSM 900 / 1800',b'Screensaver',,b'No',,,b'Predictive text input Voice memo Voice dial',,b'2003',b'Discontinued',b'135 x 28 x 18 mm (5.31 x 1.10 x 0.71 in)',b'75 g (2.65 oz)',,b'Mini-SIM',b'Monochrome',b'',"b'64 x 102 pixels, 16:10 ratio'",,,,,,b'No',,,,,,,,b'No',b'No',b'No',b'No',b'No',,b'No',b'',b'',b'Removable Li-Ion 520 mAh battery',,b'',,,,,,,,,,,,,,,,b'No',b'No',b'Up to 150 h',b'Up to 2 h 30 min',,,,b'',b'',b'',b'Yes',b'No',b'',,b'Vibration; Polyphonic ringtones',,,
b'haier',b'Haier Z7100',b'https://fdn2.gsmarena.com/vv/bigpic/haz7100.gif',b'GSM',b'GSM 900 / 1800 / 1900',b'Second external mono display Double mirror surface  Screensaver',,b'250 short messagies',,,b'Predictive text input Voice memo',,b'2004',b'Discontinued',b'76 x 40 x 20 mm (2.99 x 1.57 x 0.79 in)',b'73 g (2.57 oz)',,b'Mini-SIM',b'65K colors',b'',"b'128 x 128 pixels, 1:1 ratio'",,,,,,b'No',,,,,,,,b'No',b'No',b'No',b'No',b'No',,b'No',b'',b'',b'Removable Li-Ion 600 mAh battery',,"b'Silver, Red, Blue'",,,,,,,,,,,,,,,,b'Yes',b'No',b'Up to 130 h',b'Up to 3 h',,,,b'500 entries',b'',"b'SMS, MMS'",b'',b'No',b'WAP 1.2.1',,b'Vibration; Downloadable polyphonic ringtones',,,
b'haier',b'Haier Z7000',b'https://fdn2.gsmarena.com/vv/bigpic/haz7000.gif',b'GSM',b'GSM 900 / 1800 / 1900',b'Second external mono display Double mirror surface  Screensaver',,b'250 short messagies',,,b'Predictive text input Voice memo',,b'2004',b'Discontinued',b'76 x 40 x 20 mm (2.99 x 1.57 x 0.79 in)',b'73 g (2.57 oz)',,b'Mini-SIM',b'65K colors',b'',"b'128 x 128 pixels, 1:1 ratio'",,,,,,b'No',,,,,,,,b'No',b'No',b'No',b'No',b'No',,b'No',b'',b'',b'Removable Li-Ion 600 mAh battery',,"b'Silver, Red, Blue'",,,,,,,,,,,,,,,,b'Yes',b'No',b'Up to 130 h',b'Up to 3 h',,,,b'500 entries',b'',"b'SMS, MMS'",b'',b'No',b'WAP 1.2.1',,b'Vibration; Downloadable polyphonic ringtones',,,
b'haier',b'Haier Z3000',b'https://fdn2.gsmarena.com/vv/bigpic/haz3000.gif',b'GSM',b'GSM 900 / 1800 / 1900',b'Screensaver',,b'100 short messagies',,,b'Predictive text input External VGA camera',,b'2004',b'Discontinued',b'76 x 40 x 20 mm (2.99 x 1.57 x 0.79 in)',b'73 g (2.57 oz)',,b'Mini-SIM',b'4096 colors',b'',"b'128 x 128 pixels, 1:1 ratio'",,,,,,b'No',,,,,,,,b'No',b'No',b'No',b'No',b'No',,b'FM radio',b'',b'',b'Removable Li-Ion 530 mAh battery',,"b'Silver, Red, Black'",,,,,,,,,,,,,,,,b'Class 10',b'No',b'Up to 120 h',b'Up to 3 h',,,,b'500 entries',b'',b'SMS',b'3',b'No',b'WAP 1.2.1',,b'Vibration; Polyphonic(32) ringtones',,,
b'haier',b'Haier Z8000',b'https://fdn2.gsmarena.com/vv/bigpic/haz8000.gif',b'GSM',b'GSM 900 / 1800',b'Second external B/W display (80 x 48 pixels) Screensaver',,b'',,,b'MP3 player Predictive text input',,b'2004',b'Discontinued',b'83 x 44 x 23.8 mm (3.27 x 1.73 x 0.94 in)',b'90 g (3.17 oz)',,b'Mini-SIM',b'4096 colors',b'',"b'128 x 128 pixels, 1:1 ratio'",,,,,,b'No',b'32MB',,,,,,,b'No',b'No',b'No',b'No',b'No',,b'No',b'',b'',b'Removable Li-Ion 600 mAh battery',,b'',,,,,,,,,,,,,,,,b'Class 10',b'No',b'Up to 270 h',b'Up to 3 h',,,,b'',b'',"b'SMS, MMS'",b'Yes',b'No',b'WAP 1.2.1',,b'Vibration; Polyphonic(32) ringtones',,,
b'haier',b'Haier D6000',b'https://fdn2.gsmarena.com/vv/bigpic/had6000.gif',b'GSM',b'GSM 900 / 1800 / 1900',b'7 background colors Downloadable pictures',,b'No',,,b'Predictive text input',,b'2003',b'Discontinued',b'98 x 44 x 16 mm (3.86 x 1.73 x 0.63 in)',b'63 g (2.22 oz)',,b'Mini-SIM',b'Monochrome',b'',"b'64 x 112 pixels, 16:9 ratio'",,,,,,b'No',,,,,,,,b'No',b'No',b'No',b'No',b'No',,b'No',b'',b'',b'Removable Li-Ion 600 mAh battery',,"b'2 - Blue, Silver'",,,,,,,,,,,,,,,,b'Yes',b'No',b'Up to 200 h',b'Up to 4 h',,,,b'100',"b'10 dialed, 10 received, 10 missed calls'","b'SMS, EMS'","b'3 -  Ping Pong, Bingo, Tank Destroyer'",b'No',b'WAP 2.0/xHTML',,b'Vibration; Downloadable polyphonic ringtones',,,
