Brand,Model Name,Model Image,Technology,2G bands,3G bands,Speed,Announced,Status,Dimensions,Weight,Build,SIM,Type,Size,Resolution,Protection,OS,CPU,Card slot,Internal,Single,Features,Video,Single_1,Video_1,Loudspeaker,3.5mm jack,WLAN,Bluetooth,GPS,NFC,Radio,USB,Sensors,Type_1,Colors,Price,Stand-by,Talk time,Chipset,GPU,SAR EU,GPRS,EDGE,,_1,Phonebook,Call records,Messaging,Games,Java,SAR,_1_1
b'karbonn',b'Karbonn Titanium Mach Two S360',b'https://fdn2.gsmarena.com/vv/bigpic/karbonn-titanium-mach-two.jpg',b'GSM / HSPA',b'GSM 900 / 1800 / 1900 - SIM 1 & SIM 2',b'HSDPA 2100',b'HSPA',"b'2015, March. Released 2015, March'",b'Discontinued',b'138 x 70.5 x 6.3 mm (5.43 x 2.78 x 0.25 in)',b'112 g (3.95 oz)',"b'Glass front (Asahi Dragontrail Glass), glass back (Gorilla Glass 3), aluminum frame'",b'Dual SIM',b'IPS LCD',"b'5.0 inches, 68.9 cm2 (~70.8% screen-to-body ratio)'","b'720 x 1280 pixels, 16:9 ratio (~294 ppi density)'",b'Corning Gorilla Glass 3',"b'Android 4.4.2 (KitKat), upgradable to 5.0 (Lollipop)'",b'Octa-core 1.4 GHz Cortex-A7',b'microSDHC',b'8GB 1GB RAM',"b'8 MP, AF'","b'LED flash, HDR'",b'Yes',b'8 MP',b'',b'Yes',b'Yes',"b'Wi-Fi 802.11 b/g/n, hotspot'","b'4.0, A2DP'","b'Yes, with A-GPS'",b'No',b'FM radio',b'microUSB 2.0',"b'Accelerometer, proximity'","b'Li-Ion 1900 mAh, non-removable'",b'Deep Blue',b'About 140 EUR',,,,,,,,,,,,,,,,
b'karbonn',b'Karbonn Titanium Wind W4',b'https://fdn2.gsmarena.com/vv/bigpic/karbonn-w4.jpg',b'GSM / HSPA',b'GSM 900 / 1800 / 1900 - SIM 1 & SIM 2',b'HSDPA 2100',b'HSPA',"b'2014, September. Released 2014, September'",b'Discontinued',b'125.1 x 64.3 x 11 mm (4.93 x 2.53 x 0.43 in)',b'-',,b'Dual SIM',"b'TFT, 256K colors'","b'4.0 inches, 45.5 cm2 (~56.6% screen-to-body ratio)'","b'480 x 800 pixels, 5:3 ratio (~233 ppi density)'",,b'Microsoft Windows Phone 8.1',b'Quad-core 1.2 GHz',b'microSDHC',b'4GB 512MB RAM',"b'5 MP, AF'",b'LED flash',b'Yes',b'VGA',b'',b'Yes',b'Yes',"b'Wi-Fi 802.11 b/g/n, hotspot'",b'2.0',"b'Yes, with A-GPS'",b'No',b'FM radio',b'microUSB 2.0',b'Yes',"b'Li-Ion 1950 mAh, removable'","b'Black,White, Red'",,b'Up to 240 h',b'Up to 8 h',,,,,,,,,,,,,,
b'karbonn',b'Karbonn Titanium S99',b'https://fdn2.gsmarena.com/vv/bigpic/karbonn-s99.jpg',b'GSM / HSPA',b'GSM 900 / 1800 / 1900 - SIM 1 & SIM 2',b'HSDPA 2100',b'HSPA',"b'2014, June. Released 2014, June'",b'Discontinued',b'133 x 66 x 9.7 mm (5.24 x 2.60 x 0.38 in)',b'-',,b'Dual SIM',b'IPS LCD',"b'4.0 inches, 45.5 cm2 (~51.9% screen-to-body ratio)'","b'480 x 800 pixels, 5:3 ratio (~233 ppi density)'",,b'Android 4.4 (KitKat)',b'Quad-core 1.3 GHz',b'microSDHC',b'4GB 512MB RAM',b'5 MP',b'LED flash',b'Yes',b'VGA',b'',b'Yes',b'Yes',"b'Wi-Fi 802.11 b/g/n, hotspot'",b'2.0',"b'Yes, with A-GPS'",b'No',b'FM radio',b'microUSB 2.0',b'Yes',b'Li-Ion 1400 mAh battery',"b'Black,White'",,b'Up to 168 h',b'Up to 5 h',,,,,,,,,,,,,,
b'karbonn',b'Karbonn Sparkle V',b'https://fdn2.gsmarena.com/vv/bigpic/karbonn-sparkle-v.jpg',b'GSM / HSPA',b'GSM 850 / 900 / 1800 / 1900 - SIM 1 & SIM 2',b'HSDPA 850 / 2100',b'HSPA',"b'2014, September. Released 2014, September'",b'Discontinued',b'132 x 67 x 9.2 mm (5.20 x 2.64 x 0.36 in)',b'138 g (4.87 oz)',,b'Dual SIM',b'IPS LCD',"b'4.5 inches, 55.8 cm2 (~63.1% screen-to-body ratio)'","b'480 x 854 pixels, 16:9 ratio (~218 ppi density)'",,"b'Android 4.4.4 (KitKat), upgradable to 6.0 (Marshmallow), Android One'",b'Quad-core 1.3 GHz Cortex-A7',b'microSDHC',b'4GB 1GB RAM',"b'5 MP, AF'",b'LED flash',b'720p',b'2 MP',b'',b'Yes',b'Yes',"b'Wi-Fi 802.11 b/g/n, hotspot'","b'4.0, A2DP'","b'Yes, with A-GPS'",b'No',b'FM radio',b'microUSB 2.0',"b'Accelerometer, proximity'","b'Li-Ion 1700 mAh, removable'",b'Red',b'About 80 EUR',b'Up to 160 h',b'Up to 8 h',b'Mediatek MT6582 (28 nm)',b'Mali-400MP2',,,,,,,,,,,,
b'karbonn',b'Karbonn Titanium S19',b'https://fdn2.gsmarena.com/vv/bigpic/karbonn-titanium-s19.jpg',b'GSM / HSPA',b'GSM 900 / 1800 - SIM 1 & SIM 2',b'HSDPA 2100',b'HSPA',"b'2014, August. Released 2014, August'",b'Discontinued',b'-',b'-',,b'Dual SIM',b'IPS LCD',"b'5.0 inches, 68.9 cm2'","b'720 x 1280 pixels, 16:9 ratio (~294 ppi density)'",,b'Android 4.4.2 (KitKat)',b'Quad-core 1.3 GHz',b'microSDHC',b'8GB 1GB RAM',"b'13 MP, AF'",b'LED flash',b'Yes',b'5 MP',b'',b'Yes',b'Yes',"b'Wi-Fi 802.11 b/g/n, hotspot'","b'4.0, A2DP'","b'Yes, with A-GPS'",b'No',b'FM radio',b'microUSB 2.0',"b'Accelerometer, proximity'",b'Li-Ion 2000 mAh battery',"b'Black, White'",b'About 110 EUR',,,,,,,,,,,,,,,,
b'karbonn',b'Karbonn Smart A12 Star',b'https://fdn2.gsmarena.com/vv/bigpic/karbonn-smart-a12-star.jpg',b'GSM / HSPA',b'GSM 900 / 1800 - SIM 1 & SIM 2',b'HSDPA 2100',b'HSPA',"b'2014, July. Released 2014, July'",b'Discontinued',b'124.2 x 64.2 x 10.1 mm (4.89 x 2.53 x 0.40 in)',b'130 g (4.59 oz)',,"b'Dual SIM (Micro-SIM, dual stand-by)'",b'IPS LCD',"b'4.0 inches, 45.5 cm2 (~57.1% screen-to-body ratio)'","b'480 x 800 pixels, 5:3 ratio (~233 ppi density)'",,b'Android 4.4.2 (KitKat)',b'Dual-core 1.2 GHz',b'microSDHC',b'4GB 512MB RAM',b'5 MP',b'LED flash',b'Yes',b'VGA',b'',b'Yes',b'Yes',"b'Wi-Fi 802.11 b/g/n, hotspot'",b'2.0',"b'Yes, with A-GPS'",b'No',b'FM radio',b'microUSB 2.0',"b'Accelerometer, proximity'",b'Li-Ion 1400 mAh battery',b'Black',b'About 50 EUR',b'Up to 300 h',,,,b'0.79 W/kg (head)',,,,,,,,,,,
b'karbonn',b'Karbonn Titanium S1 Plus',b'https://fdn2.gsmarena.com/vv/bigpic/karbonn-titanium-s1-plus.jpg',b'GSM / HSPA',b'GSM 900 / 1800 - SIM 1 & SIM 2',b'HSDPA 2100',b'HSPA',"b'2014, May. Released 2014, May'",b'Discontinued',b'124 x 64 x 10.3 mm (4.88 x 2.52 x 0.41 in)',b'129 g (4.55 oz)',,b'Dual SIM',b'TFT',"b'4.0 inches, 45.5 cm2 (~57.4% screen-to-body ratio)'","b'480 x 800 pixels, 5:3 ratio (~233 ppi density)'",,b'Android 4.3 (Jelly Bean)',b'Quad-core 1.2 GHz',b'microSDHC',b'4GB 1GB RAM',"b'5 MP, AF'",b'LED flash',b'Yes',b'VGA',b'',b'Yes',b'Yes',"b'Wi-Fi 802.11 b/g/n, hotspot'",b'2.0',"b'Yes, with A-GPS'",b'No',b'FM radio',b'microUSB 2.0',"b'Accelerometer, proximity'",b'Li-Ion 1500 mAh battery',b'White',b'About 80 EUR',,,,b'Adreno 302',,,,,,,,,,,,
b'karbonn',b'Karbonn Titanium Hexa',b'https://fdn2.gsmarena.com/vv/bigpic/karbonn-titanium-hexa.jpg',b'GSM / HSPA',b'GSM 850 / 900 / 1800 / 1900 - SIM 1 & SIM 2',b'HSDPA',b'HSPA 42.2/5.76 Mbps',"b'2014, March. Released 2014, April'",b'Discontinued',b'154 x 76.8 x 6.9 mm (6.06 x 3.02 x 0.27 in)',b'-',,b'Dual SIM',b'IPS LCD',"b'5.5 inches, 83.4 cm2 (~70.5% screen-to-body ratio)'","b'1080 x 1920 pixels, 16:9 ratio (~401 ppi density)'",,b'Android 4.4.2 (KitKat)',b'Hexa-core 1.5 GHz Cortex-A7',b'microSDHC',b'16GB 2GB RAM',"b'13 MP, AF'","b'LED flash, panorama'",b'Yes',b'5 MP',b'',b'Yes',b'Yes',"b'Wi-Fi 802.11 b/g/n, hotspot'","b'4.0, A2DP'","b'Yes, with A-GPS'",b'No',b'No',"b'microUSB 2.0, USB On-The-Go'","b'Accelerometer, proximity'",b'Li-Po 2050 mAh battery',"b'Black, White'",b'About 200 EUR',,,b'Mediatek MT6591',b'Mali-450MP4',,b'Yes',b'Yes',,,,,,,,,
b'karbonn',b'Karbonn Titanium Octane Plus',b'https://fdn2.gsmarena.com/vv/bigpic/karbonn-titanium-octane-plus.jpg',b'GSM / HSPA',b'GSM 850 / 900 / 1800 / 1900 - SIM 1 & SIM 2',b'HSDPA',b'HSPA 42.2/5.76 Mbps',"b'2014, March. Released 2014, April'",b'Discontinued',b'147.3 x 72.6 x 7.6 mm (5.80 x 2.86 x 0.30 in)',b'-',,b'Dual SIM',b'IPS LCD',"b'5.0 inches, 68.9 cm2 (~64.4% screen-to-body ratio)'","b'1080 x 1920 pixels, 16:9 ratio (~441 ppi density)'",,b'Android 4.4.2 (KitKat)',b'Octa-core 1.7 GHz Cortex-A7',b'microSDHC',b'16GB 2GB RAM',"b'16 MP, AF'","b'LED flash, panorama'",b'Yes',b'8 MP',b'',b'Yes',b'Yes',"b'Wi-Fi 802.11 b/g/n, hotspot'","b'4.0, A2DP'","b'Yes, with A-GPS'",b'No',b'No',b'microUSB 2.0',"b'Accelerometer, gyro, proximity, compass'","b'Li-Ion 2000 mAh, removable'","b'Black, White'",b'About 220 EUR',,,b'Mediatek MT6592 (28 nm)',b'Mali-450MP4',,b'Yes',b'Yes',,,,,,,,,
b'karbonn',b'Karbonn Titanium Octane',b'https://fdn2.gsmarena.com/vv/bigpic/karbonn-titanium-octane-plus.jpg',b'GSM / HSPA',b'GSM 850 / 900 / 1800 / 1900 - SIM 1 & SIM 2',b'HSDPA',b'HSPA 42.2/5.76 Mbps',"b'2014, March. Released 2014, April'",b'Discontinued',b'145.7 x 71.2 x 7.9 mm (5.74 x 2.80 x 0.31 in)',b'-',,b'Dual SIM',b'IPS LCD',"b'5.0 inches, 68.9 cm2 (~66.4% screen-to-body ratio)'","b'720 x 1280 pixels, 16:9 ratio (~294 ppi density)'",,b'Android 4.4.2 (KitKat)',b'Octa-core 1.7 GHz Cortex-A7',b'microSDHC',b'16GB 1GB RAM',"b'13 MP, AF'","b'LED flash, panorama'",b'Yes',b'5 MP',b'',b'Yes',b'Yes',"b'Wi-Fi 802.11 b/g/n, hotspot'","b'4.0, A2DP'","b'Yes, with A-GPS'",b'No',b'FM radio',b'microUSB 2.0',"b'Accelerometer, gyro, proximity, compass'","b'Li-Ion 2000 mAh, removable'","b'Black, White'",b'About 170 EUR',,,b'Mediatek MT6592 (28 nm)',b'Mali-450MP4',,b'Yes',b'Yes',,,,,,,,,
b'karbonn',b'Karbonn Titanium X',b'https://fdn2.gsmarena.com/vv/bigpic/karbonn-titanium-x.jpg',b'GSM / HSPA',b'GSM 900 / 1800',b'HSDPA 2100',b'HSPA',"b'2014, January. Released 2014, January'",b'Discontinued',b'143.9 x 70.5 x 9.9 mm (5.67 x 2.78 x 0.39 in)',b'143 g (5.04 oz)',,b'Micro-SIM',b'IPS LCD',"b'5.0 inches, 68.9 cm2 (~67.9% screen-to-body ratio)'","b'1080 x 1920 pixels, 16:9 ratio (~441 ppi density)'",,b'Android 4.2.2 (Jelly Bean)',b'Quad-core 1.5 GHz Cortex-A7',b'microSDHC (dedicated slot)',b'16GB 1GB RAM',"b'13 MP, AF'","b'Dual-LED flash, HDR, panorama'",b'Yes',b'5 MP',b'',b'Yes',b'Yes',b'Wi-Fi 802.11 b/g/n',"b'4.0, A2DP'","b'Yes, with A-GPS'",b'Yes',b'FM radio',"b'microUSB 2.0, USB On-The-Go'","b'Accelerometer, proximity'","b'Li-Ion 2300 mAh, non-removable'",b'Black',b'About 200 EUR',b'Up to 240 h',b'Up to 6 h',b'Mediatek MT6589T (28 nm)',b'PowerVR SGX544MP2',,,,,,,,,,,,
b'karbonn',b'Karbonn A16',b'https://fdn2.gsmarena.com/vv/bigpic/karbonn-a16.jpg',b'GSM / HSPA',b'GSM 900 / 1800 - SIM 1 & SIM 2',b'HSDPA 2100',b'HSPA',"b'2014, January. Released 2014, January'",b'Discontinued',b'-',b'-',,b'Dual SIM',b'TFT',"b'3.9 inches, 43.3 cm2'","b'480 x 800 pixels, 5:3 ratio (~239 ppi density)'",,b'Android 4.2 (Jelly Bean)',b'Dual-core 1.3 GHz',b'microSDHC',b'4GB 512MB RAM',b'5 MP',,b'Yes',b'Yes',b'',b'Yes',b'Yes',"b'Wi-Fi 802.11 b/g/n, hotspot'",b'2.0',"b'Yes, with A-GPS'",b'No',b'FM radio',b'microUSB 2.0',"b'Accelerometer, proximity'","b'Li-Ion 1350 mAh, removable'",b'Black',b'About 60 EUR',,,,,,,,,,,,,,,,
b'karbonn',b'Karbonn A12+',b'https://fdn2.gsmarena.com/vv/bigpic/karbonn-a12-plus.jpg',b'GSM / HSPA',b'GSM 900 / 1800 - SIM 1 & SIM 2',b'HSDPA 2100',b'HSPA',"b'2013, October. Released 2013, October'",b'Discontinued',b'-',b'-',,b'Dual SIM',b'IPS LCD',"b'4.0 inches, 45.5 cm2'","b'480 x 800 pixels, 5:3 ratio (~233 ppi density)'",,b'Android 4.2 (Jelly Bean)',b'Dual-core 1.3 GHz',b'microSDHC (dedicated slot)',b'4GB 512MB RAM',"b'5 MP, AF'",b'LED flash',b'Yes',b'VGA',b'',b'Yes',b'Yes',"b'Wi-Fi 802.11 b/g/n, hotspot'",b'Yes',"b'Yes, with A-GPS'",b'No',b'FM radio',b'microUSB 2.0',"b'Accelerometer, proximity'",b'Li-Ion 1400 mAh battery',b'Black/White',b'About 60 EUR',,,,,,,,,,,,,,,,
b'karbonn',b'Karbonn Titanium S5 Plus',b'https://fdn2.gsmarena.com/vv/bigpic/karbonn-titanium-s5-plus.jpg',b'GSM / HSPA',b'GSM 900 / 1800 - SIM 1 & SIM 2',b'HSDPA 2100',b'HSPA 21.1/5.76 Mbps',"b'2013, December. Released 2013, December'",b'Discontinued',b'138 x 70.5 x 7.9 mm (5.43 x 2.78 x 0.31 in)',b'104.5 g (3.70 oz)',,b'Dual SIM (Mini-SIM)',b'IPS LCD',"b'5.0 inches, 68.9 cm2 (~70.8% screen-to-body ratio)'","b'540 x 960 pixels, 16:9 ratio (~220 ppi density)'",,b'Android 4.2.2 (Jelly Bean)',b'Quad-core 1.3 GHz',b'microSDHC (dedicated slot)',b'4GB 1GB RAM',"b'8 MP, AF'",b'LED flash',b'Yes',b'Yes',b'',b'Yes',b'Yes',"b'Wi-Fi 802.11 b/g/n, hotspot'",b'Yes',"b'Yes, with A-GPS'",b'No',b'FM radio',b'microUSB 2.0',"b'Accelerometer, proximity'","b'Li-Ion 1800 mAh, removable'","b'Black, White'",b'About 120 EUR',,,,,,,,,,,,,,,,
b'karbonn',b'Karbonn S7 Titanium',b'https://fdn2.gsmarena.com/vv/bigpic/karbonn-titanium-s7.jpg',b'GSM / HSPA',b'GSM 850 / 900 / 1800 / 1900 - SIM 1 & SIM 2',b'HSDPA 2100',b'HSPA',"b'2013, November. Released 2013, December'",b'Discontinued',b'143.5 x 72 x 9.3 mm (5.65 x 2.83 x 0.37 in)',b'-',,b'Dual SIM',b'IPS LCD',"b'5.0 inches, 68.9 cm2 (~66.7% screen-to-body ratio)'","b'1080 x 1920 pixels, 16:9 ratio (~441 ppi density)'",,b'Android 4.2 (Jelly Bean)',b'Quad-core 1.5 GHz',b'microSDHC (dedicated slot)',b'16GB 1GB RAM',"b'13 MP, AF'",b'LED flash',b'Yes',b'2 MP',b'',b'Yes',b'Yes',"b'Wi-Fi 802.11 b/g/n, hotspot'",b'Yes',"b'Yes, with A-GPS'",b'No',b'FM radio',b'Proprietary',"b'Accelerometer, gyro, proximity, compass'",b'Li-Ion 2000 mAh battery',b'Black',b'About 180 EUR',b'Up to 200 h',b'Up to 4 h',,,,,,,,,,,,,,
b'karbonn',b'Karbonn S9 Titanium',b'https://fdn2.gsmarena.com/vv/bigpic/karbonn-s9.jpg',b'GSM / HSPA',b'GSM 900 / 1800 / 1900 - SIM 1 & SIM 2',b'HSDPA 2100',b'HSPA',"b'2013, July. Released 2013, July'",b'Discontinued',b'-',b'176.5 (6.21 oz)',,b'Dual SIM',b'IPS LCD',"b'5.5 inches, 83.4 cm2'","b'720 x 1280 pixels, 16:9 ratio (~267 ppi density)'",,b'Android 4.2 (Jelly Bean)',b'Quad-core 1.2 GHz Cortex-A7',b'microSDHC (dedicated slot)',b'16GB 1GB RAM',"b'13 MP, AF'",b'LED flash',b'Yes',b'5 MP',b'',b'Yes',b'Yes',"b'Wi-Fi 802.11 b/g/n, hotspot, DLNA'",b'Yes',"b'Yes, with A-GPS'",b'No',b'FM radio',b'Proprietary',"b'Accelerometer, proximity'",b'Li-Ion 2600 mAh battery',b'White',b'About 170 EUR',,,b'Mediatek MT6589 (28 nm)',b'PowerVR SGX544',,,,,,,,,,,,
b'karbonn',b'Karbonn A10',b'https://fdn2.gsmarena.com/vv/bigpic/karbonn-a10.jpg',b'GSM / HSPA',b'GSM 900 / 1800 - SIM 1 & SIM 2',b'HSDPA 2100',b'HSPA',"b'2013, July. Released 2013, July'",b'Discontinued',b'-',b'-',,b'Dual SIM',b'IPS LCD',"b'3.9 inches, 43.3 cm2'","b'480 x 800 pixels, 5:3 ratio (~239 ppi density)'",,b'Android 4.1 (Jelly Bean)',b'Dual-core 1.0 GHz Cortex-A9',b'microSDHC (dedicated slot)',b'512MB 512MB RAM',"b'5 MP, AF'",b'LED flash',b'Yes',b'VGA',b'',b'Yes',b'Yes',"b'Wi-Fi 802.11 b/g/n, hotspot'",b'Yes',"b'Yes, with A-GPS'",b'No',b'FM radio',b'Proprietary',"b'Accelerometer, proximity'",b'Li-Ion 1400 mAh battery',b'Black',b'About 70 EUR',,,b'Mediatek MT6577 (40 nm)',b'PowerVR SGX531u',,,,,,,,,,,,
b'karbonn',b'Karbonn A5',b'https://fdn2.gsmarena.com/vv/bigpic/karbonn-a5.jpg',b'GSM / HSPA',b'GSM 900 / 1800 - SIM 1 & SIM 2',b'HSDPA 2100',b'HSPA',"b'2013, July. Released 2013, July'",b'Discontinued',b'-',b'-',,b'Dual SIM',"b'TFT, 256K colors'","b'3.2 inches, 30.5 cm2'","b'320 x 480 pixels, 3:2 ratio (~180 ppi density)'",,b'Android 2.3 (Gingerbread)',b'1.0 GHz',b'microSDHC (dedicated slot)',b'512MB 256MB RAM',b'3.15 MP',,b'Yes',b'VGA',b'',b'Yes',b'Yes',b'Wi-Fi 802.11 b/g/n',b'Yes',"b'Yes, with A-GPS'",b'No',b'FM radio',b'Proprietary',b'Accelerometer',b'Li-Ion 1200 mAh battery',b'Black',b'About 50 EUR',,,,,,,,,,,,,,,,
b'karbonn',b'Karbonn A37',b'https://fdn2.gsmarena.com/vv/bigpic/karbonn-a37.jpg',b'GSM / HSPA',b'GSM 900 / 1800 / 1900 - SIM 1 & SIM 2',b'HSDPA 2100',b'HSPA 7.2/0.384 Mbps',b'2013. Released 2013',b'Discontinued',b'197 x 124 x 12.3 mm (7.76 x 4.88 x 0.48 in)',b'335 g (11.82 oz)',,b'Dual SIM',b'TFT',"b'7.0 inches, 139.5 cm2 (~57.1% screen-to-body ratio)'","b'480 x 800 pixels, 5:3 ratio (~133 ppi density)'",,b'Android 4.1 (Ice Cream Sandwich)',b'Dual-core 1.0 GHz',b'microSDHC (dedicated slot)',b'4GB 512MB RAM',b'2 MP',,b'Yes',b'Yes',b'',b'Yes',b'Yes',"b'Wi-Fi 802.11 b/g/n, hotspot'",b'Yes',"b'Yes, with A-GPS'",b'No',b'FM radio',b'Proprietary',b'Accelerometer',b'Li-Ion 3000 mAh battery',b'Black/White',b'About 100 EUR',b'Up to 240 h',b'Up to 8 h',,,,,,,,,,,,,,
b'karbonn',b'Karbonn A34',b'https://fdn2.gsmarena.com/vv/bigpic/karbonn-a34.jpg',b'GSM',b'GSM 900 / 1800 / 1900 - SIM 1 & SIM 2',,,b'2013. Released 2013',b'Discontinued',b'197 x 124 x 12.3 mm (7.76 x 4.88 x 0.48 in)',b'335 g (11.82 oz)',,b'Dual SIM',b'TFT',"b'7.0 inches, 139.5 cm2 (~57.1% screen-to-body ratio)'","b'480 x 800 pixels, 5:3 ratio (~133 ppi density)'",,b'Android 4.0 (Ice Cream Sandwich)',b'1.0 GHz Cortex-A9',b'microSDHC (dedicated slot)',b'4GB 512MB RAM',b'2 MP',,b'Yes',b'Yes',b'',b'Yes',b'Yes',"b'Wi-Fi 802.11 b/g/n, hotspot'",b'Yes',"b'Yes, with A-GPS'",b'No',b'FM radio',b'Proprietary',b'Accelerometer',b'Li-Ion 3000 mAh battery',b'Gray/White',b'About 90 EUR',b'Up to 240 h',b'Up to 8 h',b'Mediatek MT6515',b'PowerVR SGX531',,b'Yes',b'Yes',,,,,,,,,
b'karbonn',b'Karbonn A25',b'https://fdn2.gsmarena.com/vv/bigpic/karbonn-a25.jpg',b'GSM',b'GSM 900 / 1800 / 1900 - SIM 1 & SIM 2',,,b'2013. Released 2013',b'Discontinued',b'146 x 78.6 x 10.5 mm (5.75 x 3.09 x 0.41 in)',b'150 g (5.29 oz)',,b'Dual SIM',b'TFT',"b'5.0 inches, 71.2 cm2 (~62.0% screen-to-body ratio)'","b'480 x 800 pixels, 5:3 ratio (~187 ppi density)'",,b'Android 4.0 (Ice Cream Sandwich)',b'Dual-core 1.0 GHz',b'microSDHC (dedicated slot)',b'114MB',b'5 MP',b'LED flash',b'Yes',b'Yes',b'',b'Yes',b'Yes',b'Wi-Fi 802.11 b/g/n',b'Yes',b'No',b'No',b'FM radio',b'Proprietary',"b'Accelerometer, proximity'",b'Li-Ion 2000 mAh battery',b'White/Black',b'About 80 EUR',b'Up to 300 h',b'Up to 6 h',,,b'0.50 W/kg (head)',b'Yes',b'Yes',,,,,,,,,
b'karbonn',b'Karbonn A7 Star',b'https://fdn2.gsmarena.com/vv/bigpic/karbonn-a7.jpg',b'GSM',b'GSM 900 / 1800 / 1900 - SIM 1 & SIM 2',,,b'2013. Released 2013',b'Discontinued',b'113 x 66 x 10.4 mm (4.45 x 2.60 x 0.41 in)',b'-',,b'Dual SIM',b'TFT',"b'4.5 inches, 55.8 cm2 (~74.8% screen-to-body ratio)'","b'480 x 854 pixels, 16:9 ratio (~218 ppi density)'",,b'Android 4.0 (Ice Cream Sandwich)',b'Dual-core 1.0 GHz Cortex-A9',b'microSDHC (dedicated slot)',b'164MB',b'5 MP',b'LED flash',b'Yes',b'Yes',b'',b'Yes',b'Yes',b'Wi-Fi 802.11 b/g/n',b'Yes',b'No',b'No',b'FM radio',b'Proprietary',"b'Accelerometer, proximity'","b'Li-Ion 1400 mAh, removable'",b'White/Black',b'About 70 EUR',b'Up to 135 h',b'Up to 5 h',b'Mediatek MT6517',b'PowerVR SGX531u',b'0.99 W/kg (head)',b'Yes',b'Yes',,,,,,,,,
b'karbonn',b'Karbonn A4+',b'https://fdn2.gsmarena.com/vv/bigpic/karbonn-a4plus.jpg',b'GSM',b'GSM 900 / 1800 / 1900 - SIM 1 & SIM 2',,,b'2013. Released 2013',b'Discontinued',b'123 x 63 x 10.5 mm (4.84 x 2.48 x 0.41 in)',b'87.5 g without battery (3.07 oz)',,b'Dual SIM',b'IPS LCD',"b'4.0 inches, 45.5 cm2 (~58.8% screen-to-body ratio)'","b'480 x 800 pixels, 5:3 ratio (~233 ppi density)'",,b'Android 4.0 (Ice Cream Sandwich)',b'Dual-core 1.0 GHz',b'microSDHC (dedicated slot)',b'90MB',b'3.15 MP',,b'Yes',,,b'Yes',b'Yes',b'Wi-Fi 802.11 b/g/n',b'Yes',b'No',b'No',b'FM radio',b'Proprietary',"b'Accelerometer, proximity'",b'Li-Ion 1250 mAh battery',b'White/Black',b'About 50 EUR',b'Up to 125 h',b'Up to 5 h',,,b'0.94 W/kg (head)',b'Yes',b'Yes',b'No',,,,,,,,
b'karbonn',b'Karbonn A2+',b'https://fdn2.gsmarena.com/vv/bigpic/karbonn-a2plus.jpg',b'GSM',b'GSM 900 / 1800 / 1900 - SIM 1 & SIM 2',,,b'2013. Released 2013',b'Discontinued',b'124 x 63.6 x 12.4 mm (4.88 x 2.50 x 0.49 in)',b'110 g (3.88 oz)',,b'Dual SIM',b'TFT',"b'4.0 inches, 45.5 cm2 (~57.7% screen-to-body ratio)'","b'480 x 800 pixels, 5:3 ratio (~233 ppi density)'",,b'Android 4.0 (Ice Cream Sandwich)',,b'microSDHC (dedicated slot)',b'180MB',b'3.15 MP',,b'Yes',b'Yes',b'',b'Yes',b'Yes',b'Wi-Fi 802.11 b/g/n',b'Yes',b'No',b'No',b'FM radio',b'Proprietary',"b'Accelerometer, proximity'",b'Li-Ion 1750 mAh battery',b'White/Black',b'About 50 EUR',b'Up to 120 h',b'Up to 3 h 30 min',,,b'0.63 W/kg (head)',b'Yes',b'Yes',,,,,,,,,
b'karbonn',b'Karbonn A27 Retina',b'https://fdn2.gsmarena.com/vv/bigpic/karbonn-a27-retina.jpg',b'GSM / HSPA',b'GSM 900 / 1800 / 1900 - SIM 1 & SIM 2',b'HSDPA 2100',b'HSPA 7.2/0.384 Mbps',"b'2013, March. Released 2013, March'",b'Discontinued',b'133.6 x 66 x 9.1 mm (5.26 x 2.60 x 0.36 in)',b'126.5 g (4.44 oz)',,b'Dual SIM (Mini-SIM)',b'IPS LCD',"b'4.3 inches, 51.0 cm2 (~57.8% screen-to-body ratio)'","b'540 x 960 pixels, 16:9 ratio (~256 ppi density)'",,b'Android 4.1 (Jelly Bean)',b'Dual-core 1.2 GHz',b'microSDHC (dedicated slot)',b'4GB 512MB RAM',"b'8 MP, AF'",b'LED flash',b'Yes',b'2 MP',b'',b'Yes',b'Yes',"b'Wi-Fi 802.11 b/g/n, Wi-Fi Direct, hotspot'",b'Yes',"b'Yes, with A-GPS'",b'No',b'FM radio',b'Proprietary',b'Accelerometer',b'Li-Ion 1800 mAh battery',b'Black',b'About 160 EUR',b'Up to 180 h',b'Up to 4 h',,,b'1.00 W/kg (head)',,,,,,,,,,,
b'karbonn',b'Karbonn A111',b'https://fdn2.gsmarena.com/vv/bigpic/karbonn-a111.jpg',b'GSM / HSPA',b'GSM 900 / 1800 / 1900 - SIM 1 & SIM 2',b'HSDPA 900 / 2100',b'HSPA',"b'2013, March. Released 2013, March'",b'Discontinued',b'148 x 80 x 12 mm (5.83 x 3.15 x 0.47 in)',b'-',,b'Dual SIM (Mini-SIM)',b'TFT',"b'5.0 inches, 71.2 cm2 (~60.1% screen-to-body ratio)'","b'480 x 800 pixels, 5:3 ratio (~187 ppi density)'",,b'Android 4.0 (Ice Cream Sandwich)',b'Dual-core 1.2 GHz',b'microSDHC (dedicated slot)',b'4GB 512MB RAM',"b'5 MP, AF'",b'LED flash',b'Yes',b'Yes',b'',b'Yes',b'Yes',"b'Wi-Fi 802.11 b/g/n, hotspot'",b'Yes',"b'Yes, with A-GPS'",b'No',b'FM radio',b'Proprietary',b'Accelerometer',b'Li-Ion 2150 mAh battery',b'White/Black',b'About 150 EUR',,,,,b'0.87 W/kg (head)',,,,,,,,,,,
b'karbonn',b'Karbonn A6',b'https://fdn2.gsmarena.com/vv/bigpic/karbonn-a6.jpg',b'GSM',b'GSM 900 / 1800 / 1900 - SIM 1 & SIM 2',,,"b'2013, March. Released 2013, March'",b'Discontinued',b'128 x 65.7 x 11.6 mm (5.04 x 2.59 x 0.46 in)',b'114.5 g (4.02 oz)',,b'Dual SIM (Mini-SIM)',"b'IPS LCD, 256K colors'","b'4.0 inches, 45.5 cm2 (~54.2% screen-to-body ratio)'","b'480 x 800 pixels, 5:3 ratio (~233 ppi density)'",,b'Android 4.0 (Ice Cream Sandwich)',b'1.0 GHz',b'microSDHC (dedicated slot)',b'104MB 512MB RAM',b'5 MP',b'LED flash',b'Yes',b'Yes',b'',b'Yes',b'Yes',"b'Wi-Fi 802.11 b/g/n, hotspot'",b'Yes',b'No',b'No',b'FM radio',b'Proprietary',b'Accelerometer',"b'Li-Ion 1450 mAh, removable'",b'White/Black',b'About 80 EUR',b'Up to 250 h',b'Up to 3 h 30 min',,,b'0.87 W/kg (head)',b'Yes',b'Yes',,,,,,,,,
b'karbonn',b'Karbonn A4',b'https://fdn2.gsmarena.com/vv/bigpic/karbonn-a4.jpg',b'GSM / HSPA',b'GSM 850 / 1900 - SIM 1 & SIM 2',b'HSDPA 900 / 2100',b'HSPA',"b'2013, March. Released 2013, March'",b'Discontinued',b'124.8 x 66 x 9.5 mm (4.91 x 2.60 x 0.37 in)',b'75 g (2.65 oz)',,b'Dual SIM (Mini-SIM)',"b'TFT, 256K colors'","b'4.0 inches, 47.6 cm2 (~57.8% screen-to-body ratio)'","b'320 x 480 pixels, 3:2 ratio (~144 ppi density)'",,b'Android 2.3.6 (Gingerbread)',,b'microSDHC (dedicated slot)',b'256MB 512MB',b'3.15 MP',,b'Yes',b'Yes',b'',b'Yes',b'Yes',"b'Wi-Fi 802.11 b/g/n, hotspot'",b'Yes',b'No',b'No',b'FM radio',b'Proprietary',b'Accelerometer',b'Li-Ion 1400 mAh battery',b'White/Black',b'About 70 EUR',b'Up to 250 h',b'Up to 4 h 20 min',,,,,,b'GSM 900 / 1800 - SIM 1 & SIM 2',b'HSDPA 850 / 1900',,,,,,,
b'karbonn',b'Karbonn A3',b'https://fdn2.gsmarena.com/vv/bigpic/karbonn-a3.jpg',b'GSM',b'GSM 850 / 1900 - SIM 1 & SIM 2',,,"b'2013, March. Released 2013, March'",b'Discontinued',b'113 x 61 x 13.5 mm (4.45 x 2.40 x 0.53 in)',b'90 g (3.17 oz)',,b'Dual SIM (Mini-SIM)',b'TFT',"b'4.0 inches, 47.6 cm2 (~69.1% screen-to-body ratio)'","b'320 x 480 pixels, 3:2 ratio (~144 ppi density)'",,b'Android 2.3.6 (Gingerbread)',b'1.0 GHz',b'microSDHC (dedicated slot)',"b'256MB RAM, 512MB'",b'3.15 MP',,b'Yes',b'VGA',b'',b'Yes',b'Yes',"b'Wi-Fi 802.11 b/g/n, hotspot'",b'Yes',b'No',b'No',b'FM radio',b'Proprietary',b'Accelerometer',b'Li-Ion 1400 mAh battery',b'White/Black',b'About 70 EUR',b'Up to 250 h',b'Up to 4 h 20 min',,,,b'Yes',b'Yes',b'GSM 900 / 1800 - SIM 1 & SIM 2',,,,,,,,
b'karbonn',b'Karbonn A2',b'https://fdn2.gsmarena.com/vv/bigpic/karbonn-a2.jpg',b'GSM',b'GSM 900 / 1800 / 1900 - SIM 1 & SIM 2',,,"b'2013, March. Released 2013, March'",b'Discontinued',b'124 x 63.6 x 12.4 mm (4.88 x 2.50 x 0.49 in)',b'110 g (3.88 oz)',,b'Dual SIM (Mini-SIM)',b'TFT',"b'4.0 inches, 45.5 cm2 (~57.7% screen-to-body ratio)'","b'480 x 800 pixels, 5:3 ratio (~233 ppi density)'",,b'Android 2.3.6 (Gingerbread)',,b'microSDHC (dedicated slot)',b'200MB',b'3.15 MP',,b'Yes',b'Yes',b'',b'Yes',b'Yes',b'No',b'Yes',b'No',b'No',b'FM radio',b'Proprietary',b'Accelerometer',b'Li-Ion 1750 mAh battery',b'White/Black',b'About 70 EUR',b'Up to 120 h',b'Up to 3 h 30 min',,,,b'Yes',b'Yes',,,,,,,,,
b'karbonn',b'Karbonn S5 Titanium',b'https://fdn2.gsmarena.com/vv/bigpic/karbonn-s5-titanium.jpg',b'GSM / HSPA',b'GSM 900 / 1800 - SIM 1 & SIM 2',b'HSDPA 2100',b'HSPA 7.2/0.384 Mbps',"b'2013, March. Released 2013, May'",b'Discontinued',b'144 x 72 x 9 mm (5.67 x 2.83 x 0.35 in)',b'200 g (7.05 oz)',,b'Dual SIM (Mini-SIM)',b'IPS LCD',"b'5.0 inches, 68.9 cm2 (~66.5% screen-to-body ratio)'","b'540 x 960 pixels, 16:9 ratio (~220 ppi density)'",,b'Android 4.1 (Jelly Bean)',b'Quad-core 1.2 GHz Cortex-A5',b'microSDHC (dedicated slot)',b'4GB 1GB RAM',"b'8 MP, AF'",b'LED flash',b'Yes',b'2 MP',b'',b'Yes',b'Yes',"b'Wi-Fi 802.11 b/g/n, hotspot'","b'2.1, A2DP'","b'Yes, with A-GPS'",b'No',b'FM radio',b'microUSB 2.0',"b'Accelerometer, proximity'","b'Li-Ion 2000 mAh, removable'",b'Blue',b'About 160 EUR',b'Up to 200 h (2G) / Up to 200 h (3G)',b'Up to 13 h (2G) / Up to 11 h (3G)',b'Qualcomm MSM8225Q Snapdragon S4 Play',b'Adreno 203',,,,,,,,,,,,
b'karbonn',b'Karbonn S1 Titanium',b'https://fdn2.gsmarena.com/vv/bigpic/karbonn-s1.jpg',b'GSM / HSPA',b'GSM 900 / 1800 / 1900 - SIM 1 & SIM 2',b'HSDPA 2100',b'HSPA',"b'2013, January. Released 2013, January'",b'Discontinued',b'134.6 x 66 x 9.3 mm (5.30 x 2.60 x 0.37 in)',b'-',,b'Dual SIM (Mini-SIM)',b'IPS LCD',"b'4.5 inches, 55.8 cm2 (~62.8% screen-to-body ratio)'","b'540 x 960 pixels, 16:9 ratio (~245 ppi density)'",,b'Android 4.1 (Jelly Bean)',b'Quad-core 1.2 GHz',b'microSDHC (dedicated slot)',b'4GB 1GB RAM',"b'5 MP, AF'",b'LED flash',b'Yes',b'Yes',b'',b'Yes',b'Yes',"b'Wi-Fi 802.11 b/g/n, hotspot'",b'Yes',"b'Yes, with A-GPS'",b'No',b'FM radio',b'microUSB 2.0',"b'Accelerometer, proximity'",b'Li-Ion 1600 mAh battery',"b'Black, White'",b'About 150 EUR',b'Up to 200 h',b'Up to 4 h',,,,,,,,,,,,,,
b'karbonn',b'Karbonn Smart Tab 9',b'https://fdn2.gsmarena.com/vv/bigpic/karbonn-st9.jpg',b'No cellular connectivity',b'N/A',,,b'2012. Released 2012',b'Discontinued',b'-',b'-',,b'No',b'TFT',"b'9.0 inches, 230.5 cm2'","b'480 x 800 pixels, 5:3 ratio (~104 ppi density)'",,b'Android 4.0.4 (Ice Cream Sandwich)',b'1.2 GHz',b'microSDHC (dedicated slot)',b'2GB 512MB RAM',b'1.3 MP',,b'Yes',,,b'Yes',b'Yes',b'Wi-Fi 802.11 b/g/n',b'Yes',b'No',b'No',b'No',b'Proprietary',b'Accelerometer',"b'Li-Ion 4000 mAh, non-removable'",b'Black/White',b'About 90 EUR',,b'Up to 6 h (multimedia)',,,,b'No',b'No',b'No',,,,,,,,
b'karbonn',b'Karbonn Smart Tab 8',b'https://fdn2.gsmarena.com/vv/bigpic/karbonn-st8.jpg',b'No cellular connectivity',b'N/A',,,b'2012. Released 2012',b'Discontinued',b'-',b'-',,b'No',b'TFT',"b'8.0 inches, 198.2 cm2'","b'1024 x 768 pixels, 4:3 ratio (~160 ppi density)'",,b'Android 4.1.1 (Jelly Bean)',b'Dual-core 1.5 GHz Cortex-A9',b'microSDHC (dedicated slot)',b'1.5GB 1GB RAM',b'3.15 MP',,b'Yes',b'Yes',b'',b'Yes',b'Yes',b'Wi-Fi 802.11 b/g/n',b'Yes',b'No',b'No',b'No',b'Proprietary',b'Accelerometer',"b'Li-Ion 4500 mAh, non-removable'",b'Black/White',b'About 100 EUR',,,,,,b'No',b'No',b'HDMI port',,,,,,,,
b'karbonn',b'Karbonn Smart Tab 10',b'https://fdn2.gsmarena.com/vv/bigpic/karbonn-st10.jpg',b'No cellular connectivity',b'N/A',,,b'2012. Released 2012',b'Discontinued',b'-',b'-',,b'No',b'TFT',"b'9.7 inches, 291.4 cm2'","b'1024 x 768 pixels, 4:3 ratio (~132 ppi density)'",,b'Android 4.1.1 (Jelly Bean)',b'Dual-core 1.5 GHz Cortex-A9',b'microSDHC (dedicated slot)',b'1.5GB 1GB RAM',b'2 MP',,b'Yes',b'Yes',b'',b'Yes',b'Yes',b'Wi-Fi 802.11 b/g/n',b'Yes',b'No',b'No',b'No',b'Proprietary',b'Accelerometer',"b'Li-Ion 6000 mAh, non-removable'",b'Black/White',b'About 140 EUR',,,,b'Mali-400',,b'No',b'No',b'HDMI port',,,,,,,,
b'karbonn',b'Karbonn Smart Tab2',b'https://fdn2.gsmarena.com/vv/bigpic/karbonn-st72.jpg',b'No cellular connectivity',b'N/A',,,b'2012. Released 2012',b'Discontinued',b'-',b'-',,b'No',b'TFT',"b'7.0 inches, 139.5 cm2'","b'480 x 800 pixels, 5:3 ratio (~133 ppi density)'",b'Corning Gorilla Glass',b'Android 4.1 (Jelly Bean)',b'1.2 GHz',b'microSDHC (dedicated slot)',b'1GB 512MB RAM',b'2 MP',,b'Yes',,,b'Yes',b'Yes',"b'Wi-Fi 802.11 b/g/n, Wi-Fi Direct'","b'4.0, A2DP'",b'No',b'No',b'No',b'Proprietary',b'Accelerometer',"b'Li-Ion 3700 mAh, non-removable'",b'Black/White',b'About 70 EUR',,b'Up to 7 h (multimedia)',,,,b'No',b'No',b'No',b'HDMI port',,,,,,,
b'karbonn',b'Karbonn Smart Tab 7',b'https://fdn2.gsmarena.com/vv/bigpic/karbonn-st7.jpg',b'No cellular connectivity',b'N/A',,,b'2012. Released 2012',b'Discontinued',b'-',b'-',,b'No',b'TFT',"b'8.0 inches, 182.2 cm2'","b'480 x 800 pixels, 5:3 ratio (~117 ppi density)'",,"b'Android 4.0 (Ice Cream Sandwich), upgradable to 4.1 (Jelly Bean)'",b'1.2 GHz',b'microSDHC (dedicated slot)',b'1GB 512MB RAM',b'2 MP',,b'Yes',,,b'Yes',b'Yes',b'Wi-Fi 802.11 b/g/n',"b'4.0, A2DP'",b'No',b'No',b'No',b'Proprietary',b'Accelerometer',"b'Li-Ion 3700 mAh, non-removable'",b'Black/White',b'About 80 EUR',,b'Up to 7 h (multimedia)',b'Vivante GC860',b'Mali-400',,b'No',b'No',b'No',b'HDMI port',,,,,,,
b'karbonn',b'Karbonn KT21 Express',b'https://fdn2.gsmarena.com/vv/bigpic/karbonn-kt21.jpg',b'No cellular connectivity',b'GSM - SIM 1 & SIM 2',,,b'2012',b'Discontinued',b'-',b'-',,b'Dual SIM (Mini-SIM)',b'TFT',"b'2.8 inches, 24.3 cm2'","b'240 x 320 pixels, 4:3 ratio'",,,,b'microSDHC (dedicated slot)',,b'3.15 MP',b'LED flash',b'Yes',,,b'Yes',b'Yes',b'No',b'2.0',b'No',b'No',"b'FM radio, recording'",b'microUSB',b'Proximity',"b'Li-Ion 1000 mAh, removable'",b'Black',b'About 40 EUR',,,,,,b'Yes',b'Yes',b'No',b'Audio/video player Photo viewer Organizer',b'2000 entries',b'Yes',"b'SMS, MMS, Email'",b'Yes',b'Yes',,
b'karbonn',b'Karbonn K65 Buzz',b'https://fdn2.gsmarena.com/vv/bigpic/karbonn-k65-buzz.jpg',b'GSM',b'GSM 900 / 1800 - SIM 1 & SIM 2',,,b'2012',b'Discontinued',b'-',b'-',,b'Dual SIM (Mini-SIM)',b'TFT',"b'3.5 inches, 37.9 cm2'","b'320 x 480 pixels, 4:3 ratio'",,,,b'microSDHC (dedicated slot)',,b'2 MP',,b'Yes',,,b'Yes',b'Yes',b'No',b'2.0',b'No',b'No',"b'FM radio, recording'",b'microUSB',b'',"b'Li-Ion 1200 mAh, removable'",b'White',b'About 40 EUR',,,,,b'1.08 W/kg (head)',b'Yes',b'Yes',b'No',b'Audio/video player Photo viewer Organizer',b'Yes',b'Yes',"b'SMS, MMS'",b'Yes',b'Yes',,
b'karbonn',b'Karbonn K9 Jumbo',b'https://fdn2.gsmarena.com/vv/bigpic/karbonn-k9.jpg',b'GSM',b'GSM 900 / 1800 - SIM 1 & SIM 2',,,b'2012',b'Discontinued',b'115 x 50 x 15.5 mm (4.53 x 1.97 x 0.61 in)',b'112 g (3.95 oz)',,b'Dual SIM (Mini-SIM)',"b'TFT, 256K colors'","b'2.4 inches, 17.8 cm2 (~31.0% screen-to-body ratio)'","b'240 x 320 pixels, 4:3 ratio (~167 ppi density)'",,,,b'microSDHC (dedicated slot)',,b'1.3 MP',,b'480p',,,b'Yes',b'Yes',b'No',b'2.0',b'No',b'No',"b'FM radio, recording'",b'microUSB',b'',"b'Li-Ion 1800 mAh, removable'","b'Black, Red'",b'About 30 EUR',b'Up to 300 h',b'Up to 6 h',,,,b'Yes',b'Yes',b'No',b'Audio/video player Photo viewer Organizer Voice memo',b'1000 entries',b'Yes',"b'SMS, MMS'",b'Yes',b'Yes',,
b'karbonn',b'Karbonn A9',b'https://fdn2.gsmarena.com/vv/bigpic/karbonn-a9.jpg',b'GSM / HSPA',b'GSM 900 / 1800 / 1900 - SIM 1 & SIM 2',b'HSDPA',b'HSPA',b'2012',b'Discontinued',b'120 x 60.5 x 11.3 mm (4.72 x 2.38 x 0.44 in)',b'-',,b'Dual SIM (Mini-SIM)',"b'TFT, 256K colors'","b'3.8 inches, 41.1 cm2 (~56.6% screen-to-body ratio)'","b'480 x 800 pixels, 5:3 ratio (~246 ppi density)'",,b'Android 2.3.6 (Gingerbread)',b'1.0 GHz',b'microSDHC (dedicated slot)',b'512MB',"b'5 MP, AF'",b'LED flash',b'Yes',b'Yes',b'',b'Yes',b'Yes',b'Wi-Fi 802.11 b/g/n',"b'2.1, A2DP'",b'Yes',b'No',b'FM radio',b'microUSB 2.0',"b'Accelerometer, proximity'","b'Li-Ion 1600 mAh, removable'","b'Black, White'",b'About 110 EUR',b'Up to 200 h',b'Up to 4 h',,,,b'Yes',b'Yes',,,,,,,,b'0.68 W/kg (head)',
b'karbonn',b'Karbonn KT62',b'https://fdn2.gsmarena.com/vv/bigpic/karbonn-kt62.jpg',b'GSM',b'GSM 900 / 1800 - SIM 1 & SIM 2',,,b'2012',b'Discontinued',b'100 x 55 x 13 mm (3.94 x 2.17 x 0.51 in)',b'85 g (3.00 oz)',,b'Dual SIM (Mini-SIM)',b'TFT',"b'2.8 inches, 24.3 cm2 (~44.1% screen-to-body ratio)'","b'240 x 320 pixels, 4:3 ratio (~143 ppi density)'",,,,b'microSDHC (dedicated slot)',,b'Yes',,b'Yes',,,b'Yes',b'Yes',b'No',b'2.0',b'No',b'No',b'FM radio',b'microUSB',b'',"b'Li-Ion 1000 mAh, removable'",b'Black/Red',b'About 30 EUR',b'Up to 200 h',b'Up to 3 h',,,b'1.04 W/kg (head)',b'Yes',b'No',b'No',b'Audio/video player Photo viewer Organizer',b'500 entries',b'Yes',"b'SMS, MMS'",b'Yes',b'Yes',,
b'karbonn',b'Karbonn K52 Groovster',b'https://fdn2.gsmarena.com/vv/bigpic/karbonn-k52.jpg',b'GSM',b'GSM 900 / 1800 - SIM 1 & SIM 2',,,b'2012',b'Discontinued',b'115 x 52 x 15.2 mm (4.53 x 2.05 x 0.60 in)',b'-',,b'Dual SIM (Mini-SIM)',b'TFT',"b'2.4 inches, 17.8 cm2 (~29.8% screen-to-body ratio)'","b'240 x 320 pixels, 4:3 ratio (~167 ppi density)'",,,,b'microSDHC (dedicated slot)',,b'1.3 MP',,b'Yes',,,b'Yes',b'No',b'No',b'2.0',b'No',b'No',"b'FM radio, recording'",b'microUSB',b'',b'Li-Ion 1800 mAh battery',"b'Black/Red, Silver/Black'",b'About 20 EUR',b'Up to 600 h',b'Up to 6 h',,,b'0.58 W/kg (head)',b'Yes',b'No',b'No',b'Audio/video player Photo viewer Organizer',b'500 entries',b'Yes',"b'SMS, MMS'",b'Yes',b'Yes',,
b'karbonn',b'Karbonn K309 Boombastic',b'https://fdn2.gsmarena.com/vv/bigpic/karbonn-k309.jpg',b'GSM',b'GSM 900 / 1800 - SIM 1 & SIM 2',,,b'2012',b'Discontinued',b'113 x 49 x 15.2 mm (4.45 x 1.93 x 0.60 in)',b'85 g (3.00 oz)',,b'Dual SIM (Mini-SIM)',"b'TFT, 65K colors'","b', -'",b'176 x 220 pixels',,,,b'microSDHC (dedicated slot)',,b'VGA',,b'',,,b'Yes',b'No',b'No',b'2.0',b'No',b'No',b'FM radio',b'microUSB',b'',"b'Li-Ion 1500 mAh, removable'",b'Black/Red',b'About 20 EUR',b'Up to 400 h',b'Up to 5 h',,,b'0.75 W/kg (head)',b'Yes',b'No',b'Dedicated music keys Flashlight',b'No',b'200 entries',b'Yes',b'SMS',b'Yes',b'Yes',,b'Audio/video player Photo viewer Organizer'
b'karbonn',b'Karbonn K4+ Titan',b'https://fdn2.gsmarena.com/vv/bigpic/karbonn-k4+.jpg',b'GSM',b'GSM 900 / 1800 - SIM 1 & SIM 2',,,b'2012',b'Discontinued',b'118.8 x 52.5 x 14.9 mm (4.68 x 2.07 x 0.59 in)',b'95 g (3.35 oz)',,b'Dual SIM (Mini-SIM)',"b'TFT, 65K colors'","b'2.6 inches, 20.9 cm2 (~33.6% screen-to-body ratio)'","b'240 x 320 pixels, 4:3 ratio (~154 ppi density)'",,,,b'microSDHC (dedicated slot)',,b'1.3 MP',,b'Yes',,,"b'Yes, with stereo speakers'",b'No',b'No',b'2.0',b'No',b'No',b'Wireless FM radio (no wired headphones required)',b'microUSB',b'',b'Li-Ion 2200 mAh battery',"b'Black/Silver, White/Black'",b'About 30 EUR',b'Up to 600 h',b'Up to 10 h',,,b'0.95 W/kg (head)',b'Yes',b'No',b'No',b'Audio/video player Photo viewer Organizer',b'500 entries',b'Yes',"b'SMS, MMS'",b'Yes',b'Yes',,
b'karbonn',b'Karbonn K707 Spy II',b'https://fdn2.gsmarena.com/vv/bigpic/karbonn-k707.jpg',b'GSM',b'GSM 900 / 1800 - SIM 1 & SIM 2',,,b'2012',b'Discontinued',b'118.9 x 49.8 x 15.7 mm (4.68 x 1.96 x 0.62 in)',b'100 g (3.53 oz)',,b'Dual SIM (Mini-SIM)',"b'TFT, 65K colors'","b'2.4 inches, 17.8 cm2 (~30.1% screen-to-body ratio)'","b'240 x 320 pixels, 4:3 ratio (~167 ppi density)'",,,,b'microSDHC (dedicated slot)',,b'1.3 MP',,b'Yes',,,b'Yes',b'Yes',b'No',b'2.0',b'No',b'No',"b'FM radio, recording'",b'microUSB',b'',b'Li-Ion 1800 mAh battery',"b'Black/Silver, Black/Red'",b'About 20 EUR',b'Up to 600 h',b'Up to 8 h',,,b'1.32 W/kg (head)',b'Yes',b'No',b'Flashlight',b'No',b'1000 entries',b'Yes',"b'SMS, MMS'",b'Yes',b'Yes',,b'Audio/video player Photo viewer Organizer'
b'karbonn',b'Karbonn K451+ Sound Wave',b'https://fdn2.gsmarena.com/vv/bigpic/karbonn-k451.jpg',b'GSM',b'GSM 900 / 1800 - SIM 1 & SIM 2',,,b'2012',b'Discontinued',b'116.5 x 51.9 x 14.6 mm (4.59 x 2.04 x 0.57 in)',b'-',,b'Dual SIM (Mini-SIM)',"b'TFT, 65K colors'","b'2.4 inches, 17.8 cm2 (~29.5% screen-to-body ratio)'","b'240 x 320 pixels, 4:3 ratio (~167 ppi density)'",,,,b'microSDHC (dedicated slot)',,b'1.3 MP',,b'Yes',,,b'Yes',b'Yes',b'No',b'2.0',b'No',b'No',"b'FM radio, recording'",b'microUSB',b'',b'Li-Ion 1800 mAh battery',b'Silver/Black',b'About 20 EUR',b'Up to 500 h',b'Up to 8 h',,,b'0.45 W/kg (head)',b'Yes',b'No',b'No',b'Audio/video player Photo viewer Organizer',b'500 entries',b'Yes',"b'SMS, MMS'",b'Yes',b'Yes',,
b'karbonn',b'Karbonn K102+ Flair',b'https://fdn2.gsmarena.com/vv/bigpic/karbonn-k102+.jpg',b'GSM',b'GSM 900 / 1800 - SIM 1 & SIM 2',,,b'2012',b'Discontinued',b'108.9 x 45.6 x 14.5 mm (4.29 x 1.80 x 0.57 in)',b'80 g (2.82 oz)',,b'Dual SIM (Mini-SIM)',"b'TFT, 65K colors'","b', -'",b'176 x 220 pixels',,,,b'microSDHC (dedicated slot)',,b'VGA',,b'Yes',,,b'Yes',b'No',b'No',b'2.0',b'No',b'No',b'FM radio',b'microUSB',b'',b'Li-Ion 1000 mAh battery',"b'Golden/White, Black/Red'",b'About 20 EUR',b'Up to 250 h',b'Up to 4 h',,,b'0.94 W/kg (head)',b'Yes',b'No',b'No',b'Audio/video player Photo viewer Organizer',b'500 entries',b'Yes',"b'SMS, MMS'",b'Yes',b'Yes',,
b'karbonn',b'Karbonn KC540 Blaze',b'https://fdn2.gsmarena.com/vv/bigpic/karbonn-kc540.jpg',b'GSM',b'GSM 900 / 1800 - SIM 1 & SIM 2',,,b'2012',b'Discontinued',b'111.2 x 46.8 x 13.9 mm (4.38 x 1.84 x 0.55 in)',b'80 g (2.82 oz)',,b'Dual SIM (Mini-SIM)',"b'TFT, 65K colors'","b'2.2 inches, 15.0 cm2 (~28.8% screen-to-body ratio)'","b'240 x 320 pixels, 4:3 ratio (~182 ppi density)'",,,,b'microSDHC (dedicated slot)',,b'1.3 MP',,b'Yes',,,b'Yes',b'No',b'No',b'2.0',b'No',b'No',"b'FM radio, recording'",b'microUSB',b'',"b'Li-Ion 1000 mAh, removable'",b'White',b'About 40 EUR',b'Up to 150 h',b'Up to 4 h',,,b'0.70 W/kg (head)',b'Yes',b'No',b'No',b'Audio/video player Photo viewer Organizer',b'500 entries',b'Yes',"b'SMS, MMS'",b'Yes',b'Yes',,
b'karbonn',b'Karbonn K1+ Stereo',b'https://fdn2.gsmarena.com/vv/bigpic/karbonn-k1+.jpg',b'GSM',b'GSM 900 / 1800 - SIM 1 & SIM 2',,,b'2012',b'Discontinued',b'109 x 44 x 14.4 mm (4.29 x 1.73 x 0.57 in)',b'78 g (2.75 oz)',,b'Dual SIM (Mini-SIM)',"b'TFT, 65K colors'","b'1.77 inches, 9.9 cm2 (~20.6% screen-to-body ratio)'",b'128 x 160 pixels (~116 ppi density)',,,,b'microSDHC (dedicated slot)',,b'VGA',,b'Yes',,,b'Yes',b'No',b'No',b'2.0',b'No',b'No',b'FM radio',b'microUSB',b'',"b'Li-Ion 1000 mAh, removable'","b'White/Black, Black/Red'",b'About 30 EUR',b'Up to 250 h',b'Up to 5 h',,,b'0.85 W/kg (head)',b'Yes',b'No',b'No',b'Audio/video player Photo viewer Organizer',b'250 entries',b'Yes',b'SMS',b'Yes',b'Yes',,
b'karbonn',b'Karbonn A1+',b'https://fdn2.gsmarena.com/vv/bigpic/karbonn-a1+.jpg',b'GSM',b'GSM 900 / 1800 / 1900 - SIM 1 & SIM 2',,,b'2012',b'Discontinued',b'114.5 x 60.6 x 13.8 mm (4.51 x 2.39 x 0.54 in)',b'130 g (4.59 oz)',,b'Dual SIM (Mini-SIM)',"b'TFT, 256K colors'","b'3.5 inches, 36.5 cm2 (~52.6% screen-to-body ratio)'","b'320 x 480 pixels, 3:2 ratio (~165 ppi density)'",,b'Android 2.3.6 (Gingerbread)',b'1.0 GHz',b'microSDHC (dedicated slot)',b'256MB RAM',b'3 MP',,b'Yes',b'VGA',b'',b'Yes',b'Yes',b'Wi-Fi 802.11 b/g',"b'2.1, A2DP'",b'No',b'No',b'FM radio',b'microUSB 2.0',"b'Accelerometer, proximity'","b'Li-Ion 1500 mAh, removable'",b'Ivory White',b'About 50 EUR',b'Up to 240 h',b'Up to 4 h',,,,b'Yes',b'Yes',b'Mobile TV',,,,,,,b'0.66 W/kg (head)',
b'karbonn',b'Karbonn A21',b'https://fdn2.gsmarena.com/vv/bigpic/karbonn-a21.jpg',b'GSM / HSPA',b'GSM 900 / 1800 / 1900 - SIM 1 & SIM 2',b'HSDPA 2100',b'HSPA 7.2/0.384 Mbps',b'2012',b'Discontinued',b'-',b'-',,b'Dual SIM (Mini-SIM)',"b'TFT, 256K colors'","b'4.5 inches, 57.6 cm2'","b'480 x 800 pixels, 5:3 ratio (~207 ppi density)'",,b'Android 4.0 (Ice Cream Sandwich)',b'Dual-core 1.2 GHz',b'microSDHC (dedicated slot)',b'4GB 512MB RAM',"b'5 MP, AF'",b'LED flash',b'Yes',b'1.3 MP',b'',b'Yes',b'Yes',b'Wi-Fi 802.11 b/g/n',"b'2.1, A2DP'","b'Yes, with A-GPS'",b'No',b'No',b'microUSB 2.0',"b'Accelerometer, proximity'","b'Li-Ion 1800 mAh, removable'",b'Pearl White',b'About 130 EUR',b'Up to 200 h',b'Up to 5 h',,,b'0.44 W/kg (head)',,,,,,,,,,,
b'karbonn',b'Karbonn A11',b'https://fdn2.gsmarena.com/vv/bigpic/karbonn-a11.jpg',b'GSM / HSPA',b'GSM 900 / 1800 / 1900 - SIM 1 & SIM 2',b'HSDPA 2100',b'HSPA 7.2/0.384 Mbps',b'2012',b'Discontinued',b'-',b'-',,b'Dual SIM (Mini-SIM)',"b'TFT, 256K colors'","b'4.0 inches, 45.5 cm2'","b'480 x 800 pixels, 5:3 ratio (~233 ppi density)'",,b'Android 4.0.4 (Ice Cream Sandwich)',b'1.0 GHz',b'microSDHC (dedicated slot)',b'4GB 512MB RAM',"b'5 MP, AF'",b'LED flash',b'Yes',b'1.3 MP',b'',b'Yes',b'Yes',b'Wi-Fi 802.11 b/g/n',"b'4.0, A2DP'","b'Yes, with A-GPS'",b'No',b'No',b'microUSB 2.0',"b'Accelerometer, proximity'",b'Li-Ion 1500 mAh battery',b'Black/White',b'About 100 EUR',b'Up to 200 h',b'Up to 5 h',,,b'1.12 W/kg (head)',,,,,,,,,,,
b'karbonn',b'Karbonn K36+ Jumbo Mini',b'https://fdn2.gsmarena.com/vv/bigpic/karbonn-k36+.jpg',b'GSM',b'GSM 900 / 1800 - SIM 1 & SIM 2',,,b'2012',b'Discontinued',b'111 x 47 x 16.5 mm (4.37 x 1.85 x 0.65 in)',b'92 g (3.25 oz)',,b'Dual SIM (Mini-SIM)',"b'TFT, 65K colors'","b'1.8 inches, 10.2 cm2 (~19.5% screen-to-body ratio)'",b'128 x 160 pixels (~114 ppi density)',,,,b'microSDHC (dedicated slot)',,b'VGA',,b'Yes',,,b'Yes',b'No',b'No',b'2.0',b'No',b'No',"b'FM radio, recording'",b'microUSB',b'',b'Li-Ion 1800 mAh battery',b'Black',b'About 20 EUR',b'Up to 400 h',b'Up to 8 h',,,,b'No',b'No',b'No',b'Audio/video player Photo viewer Organizer',b'500 entries',b'Yes',b'SMS',b'Yes',b'Yes',,
b'karbonn',b'Karbonn K101+ Media Champ',b'https://fdn2.gsmarena.com/vv/bigpic/karbonn-k101+.jpg',b'GSM',b'GSM 900 / 1800 - SIM 1 & SIM 2',,,b'2012',b'Discontinued',b'104 x 44.7 x 15.3 mm (4.09 x 1.76 x 0.60 in)',b'69 g (2.43 oz)',,b'Dual SIM (Mini-SIM)',"b'TFT, 65K colors'","b'1.8 inches, 10.2 cm2 (~21.9% screen-to-body ratio)'",b'128 x 160 pixels (~114 ppi density)',,,,b'microSDHC (dedicated slot)',,b'VGA',,b'Yes',,,b'Yes',b'No',b'No',b'2.0',b'No',b'No',"b'FM radio, recording'",b'microUSB',b'',b'Li-Ion 800 mAh battery',"b'Black, Black/Red'",b'About 10 EUR',b'Up to 240 h',b'Up to 5 h',,,b'0.95 W/kg (head)',b'No',b'No',b'No',b'Audio/video player Photo viewer Organizer',b'500 entries',b'Yes',b'SMS',b'Yes',b'Yes',,
b'karbonn',b'Karbonn K440',b'https://fdn2.gsmarena.com/vv/bigpic/karbonn-k440.jpg',b'GSM',b'GSM 900 / 1800 - SIM 1 & SIM 2',,,b'2012',b'Discontinued',b'119.5 x 54 x 13.5 mm (4.70 x 2.13 x 0.53 in)',b'-',,b'Dual SIM (Mini-SIM)',"b'TFT, 256K colors'","b'2.6 inches, 20.9 cm2 (~32.4% screen-to-body ratio)'","b'240 x 320 pixels, 4:3 ratio (~154 ppi density)'",,,,b'microSDHC (dedicated slot)',,b'1.3 MP',,b'Yes',,,b'Yes',b'No',b'No',b'2.0',b'No',b'No',"b'FM radio, recording'",b'microUSB',b'',b'Li-Ion 2100 mAh battery',"b'Black/White, Black/Red'",b'About 30 EUR',b'Up to 800 h',b'Up to 12 h',,,,b'Yes',b'No',b'No',b'Audio/video player Photo viewer Organizer',b'1000 entries',b'Yes',"b'SMS, MMS'",b'Yes',b'Yes',,
b'karbonn',b'Karbonn A9+',b'https://fdn2.gsmarena.com/vv/bigpic/karbonn-A9+.jpg',b'GSM / HSPA',b'GSM 900 / 1800 / 1900 - SIM 1 & SIM 2',b'HSDPA 2100',b'HSPA 7.2/0.384 Mbps',b'2012',b'Discontinued',b'120 x 60.5 x 11.3 mm (4.72 x 2.38 x 0.44 in)',b'-',,b'Dual SIM (Mini-SIM)',b'IPS LCD',"b'4.0 inches, 45.5 cm2 (~62.7% screen-to-body ratio)'","b'480 x 800 pixels, 5:3 ratio (~233 ppi density)'",,b'Android 4.0 (Ice Cream Sandwich)',b'Dual-core 1.2 GHz',b'microSDHC (dedicated slot)',b'4GB 512MB RAM',"b'5 MP, AF'",b'LED flash',b'Yes',b'1.3 MP',b'',b'Yes',b'Yes',"b'Wi-Fi 802.11 b/g/n, Wi-Fi Direct, hotspot'",b'2.0',"b'Yes, with A-GPS'",b'No',b'FM radio',b'microUSB 2.0',"b'Accelerometer, proximity'","b'Li-Ion 1420 mAh, removable'",b'Pearl White',b'About 120 EUR',b'Up to 200 h',b'Up to 4 h',,,,,,,,,,,,,b'0.66 W/kg (head)',
b'karbonn',b'Karbonn K11+',b'https://fdn2.gsmarena.com/vv/bigpic/karbonn-k11+.jpg',b'GSM',b'GSM 900 / 1800 - SIM 1 & SIM 2',,,b'2012',b'Discontinued',b'-',b'61 g (2.15 oz)',,b'Dual SIM (Mini-SIM)',"b'TFT, 65K colors'","b'2.4 inches, 17.8 cm2'","b'240 x 320 pixels, 4:3 ratio (~167 ppi density)'",,,,b'microSDHC (dedicated slot)',,b'VGA',,b'Yes',,,b'Yes',b'No',b'No',b'2.0',b'No',b'No',b'FM radio',b'microUSB',b'',"b'Li-Ion 1000 mAh, removable'","b'Black/Red, White/Black'",b'About 30 EUR',b'Up to 280 h',b'Up to 3 h',,,,b'No',b'No',b'No',b'Audio/video player Photo viewer Organizer',b'300 entries',b'Yes',b'SMS',b'Yes',b'Yes',,
b'karbonn',b'Karbonn A15',b'https://fdn2.gsmarena.com/vv/bigpic/karbonn-a15.jpg',b'GSM / HSPA',b'GSM 900 / 1800 / 1900 - SIM 1 & SIM 2',b'HSDPA 2100',b'HSPA 7.2/0.384 Mbps',b'2012',b'Discontinued',b'-',b'-',,b'Dual SIM (Mini-SIM)',b'TFT',"b'4.0 inches, 45.5 cm2'","b'480 x 800 pixels, 5:3 ratio (~233 ppi density)'",,b'Android 4.0.4 (Ice Cream Sandwich)',b'1.0 GHz',b'microSDHC (dedicated slot)',"b'4GB (2.5GB user available), 512MB RAM'",b'3.15 MP',,b'Yes',,,b'Yes',b'Yes',b'Wi-Fi 802.11 b/g/n',b'2.0',"b'Yes, with A-GPS'",b'No',b'FM radio',b'microUSB 2.0',b'Accelerometer',"b'Li-Ion 1420 mAh, removable'",b'Black',b'About 80 EUR',b'Up to 150 h',,,,,,,b'No',,,,,,,b'0.59 W/kg (head)',
b'karbonn',b'Karbonn A30',b'https://fdn2.gsmarena.com/vv/bigpic/karbonn-a30.jpg',b'GSM / HSPA',b'GSM 900 / 1800 / 1900 - SIM 1 & SIM 2',b'HSDPA 2100',b'HSPA 7.2/0.384 Mbps',b'2012',b'Discontinued',b'166 x 91 x 10.7 mm (6.54 x 3.58 x 0.42 in)',b'280 g (9.88 oz)',,b'Dual SIM (Mini-SIM)',"b'TFT, 256K colors'","b'5.9 inches, 99.1 cm2 (~65.6% screen-to-body ratio)'","b'480 x 800 pixels, 5:3 ratio (~158 ppi density)'",,b'Android 4.0.4 (Ice Cream Sandwich)',b'Dual-core 1.0 GHz',b'microSDHC (dedicated slot)',b'4GB 512MB RAM',"b'8 MP, AF'",b'LED flash',b'Yes',b'1.3 MP',b'',b'Yes',b'Yes',"b'Wi-Fi 802.11 b/g/n, hotspot'",b'2.0',"b'Yes, with A-GPS'",b'No',b'FM radio',b'microUSB 2.0',b'Accelerometer',b'Li-Ion 2500 mAh battery',b'Black/White',b'About 160 EUR',b'Up to 600 h',b'Up to 10 h',,,b'0.46 W/kg (head)',,,,,,,,,,,
