Brand,Model Name,Model Image,Technology,2G bands,3G bands,Speed,Announced,Status,Dimensions,Weight,Build,SIM,Type,Size,Resolution,Protection,OS,CPU,Card slot,Internal,Single,Features,Video,Single_1,Video_1,Loudspeaker,3.5mm jack,WLAN,Bluetooth,GPS,NFC,Radio,USB,Sensors,Type_1,Colors,Price,Stand-by,Talk time,Chipset,GPU,SAR EU,GPRS,EDGE,,_1,Phonebook,Call records,Messaging,Games,Java,SAR,_1_1,4G bands,Charging,Models,Keyboard,Browser,Alert types,Clock,Alarm
b'kyocera',b'Kyocera DuraForce Pro 2',b'https://fdn2.gsmarena.com/vv/bigpic/kyocera-duraforce-pro2.jpg',b'GSM / HSPA / LTE',b'GSM 850 / 900 / 1800 / 1900',b'HSDPA 850 / 900 / 1900 / 2100',"b'HSPA 42.2/5.76 Mbps, LTE-A (3CA) Cat9 450/50 Mbps'","b'2018, November'","b'Available. Released 2018, November'",b'150.2 x 73.4 x 13.5 mm (5.91 x 2.89 x 0.53 in)',b'243 g (8.25 oz)',,b'Nano-SIM',b'IPS LCD',"b'5.0 inches, 68.9 cm2 (~62.5% screen-to-body ratio)'","b'1080 x 1920 pixels, 16:9 ratio (~441 ppi density)'",b'Sapphire crystal glass',b'Android 8.0 (Oreo)',b'Octa-core 2.2 GHz Cortex-A53',b'microSDXC (dedicated slot)',b'64GB 4GB RAM',"b'13 MP, AF 8 MP (ultra wide; dedicated video camera)'","b'LED flash, HDR, panorama'","b'4K@30fps, 1080p@30fps'",b'5 MP',b'',"b'Yes, with stereo speakers'",b'Yes',"b'Wi-Fi 802.11 a/b/g/n/ac/i/r/k, dual-band, Wi-Fi Direct, hotspot'","b'5.0, A2DP, LE'","b'Yes, with A-GPS'",b'Yes',b'No',b'USB Type-C 3.1',"b'Fingerprint (side-mounted), accelerometer, gyro, proximity, compass, barometer'","b'Li-Ion 3240 mAh, non-removable'",b'Black',b'About 444 USD',b'Up to 312 h (3G)',b'Up to 21 h (3G)',b'Qualcomm SDM630 Snapdragon 630 (14 nm)',b'Adreno 508',,,,b'IP68 dust/water resistant (up to 2m for 30 mins) MIL-STD-810G compliant Push-to-talk button',,,,,,,,,"b'1, 2, 3, 4, 5, 7, 13, 66'",b'Qi wireless charging Charging 10W',,,,,,
b'kyocera',b'Kyocera DuraForce Pro',b'https://fdn2.gsmarena.com/vv/bigpic/kyocera-duraforce-pro.jpg',b'GSM / HSPA / LTE',b'GSM 850 / 900 / 1800 / 1900',b'HSDPA 850 / 900 / 1700(AWS) / 1900 / 2100',"b'HSPA 42.2/5.76 Mbps, LTE-A (2CA) Cat6 300/50 Mbps'","b'2016, August'","b'Available. Released 2016, October'",b'148.4 x 73.4 x 12.9 mm (5.84 x 2.89 x 0.51 in)',b'230 g (8.11 oz)',,b'Nano-SIM',b'IPS LCD',"b'5.0 inches, 68.9 cm2 (~63.3% screen-to-body ratio)'","b'1080 x 1920 pixels, 16:9 ratio (~441 ppi density)'",b'Yes',b'Android 6.0 (Marshmallow)',b'Octa-core (4x1.5 GHz Cortex-A53 & 4x1.2 GHz Cortex-A53)',b'microSDXC (dedicated slot)',b'32GB 3GB RAM',"b'13 MP, AF 2 MP'","b'LED flash, HDR, panorama'",b'1080p@30fps',b'5 MP',b'',"b'Yes, with stereo speakers'",b'Yes',"b'Wi-Fi 802.11 a/b/g/n/ac/i/r/k, dual-band, Wi-Fi Direct, hotspot'","b'4.2, A2DP, LE'","b'Yes, with A-GPS'",b'Yes',b'No',b'microUSB 2.0',"b'Fingerprint (front-mounted), accelerometer, gyro, proximity, compass, barometer'","b'Li-Ion 3240 mAh, non-removable'",b'Black',,b'Up to 480 h (3G)',b'Up to 19 h (3G)',b'Qualcomm MSM8952 Snapdragon 617 (28 nm)',b'Adreno 405',,,,b'IP68 dust/water resistant (up to 1.5m for 30 mins) MIL-STD-810G compliant Push-to-talk button',b'eMMC 5.1',,,,,,,,"b'2, 4, 5, 12, 25, 26, 41'",b'Fast charging 18W Quick Charge 2.0',b'E6810',,,,,
b'kyocera',b'Kyocera DuraForce XD',b'https://fdn2.gsmarena.com/vv/bigpic/kyocera-duraforce-xd.jpg',b'GSM / HSPA / LTE',b'GSM 850 / 900 / 1800 / 1900',"b'HSDPA 850 / 900 / 1900 / 2100 - AT&T, T-Mobile'","b'HSPA, LTE'","b'2015, October. Released 2015, November'",b'Discontinued',b'166.8 x 86.4 x 13.9 mm (6.57 x 3.40 x 0.55 in)',b'307 g (10.83 oz)',,b'Nano-SIM',b'IPS LCD',"b'5.7 inches, 89.6 cm2 (~62.1% screen-to-body ratio)'","b'720 x 1280 pixels, 16:9 ratio (~258 ppi density)'",b'Yes',b'Android 5.1 (Lollipop)',b'Quad-core 1.6 GHz Cortex-A7',b'microSDXC (dedicated slot)',b'16GB 2GB RAM',"b'8 MP, AF'","b'LED flash, HDR, panorama'",b'1080p@30fps',b'2 MP',b'',b'Yes',b'Yes',"b'Wi-Fi 802.11 a/b/g/n/ac//r/k, dual-band, Wi-Fi Direct, hotspot'","b'4.1, A2DP, EDR, LE'","b'Yes, with A-GPS'",b'Yes',b'No',b'microUSB 2.0',"b'Accelerometer, gyro, proximity, compass, barometer'","b'Li-Ion 3700 mAh, removable'",b'Black',,b'Up to 816 h (3G)',b'Up to 23 h (3G)',b'Qualcomm MSM8928 Snapdragon 400 (28 nm)',b'Adreno 305',,,,"b'1, 2, 3, 4, 5, 7, 12, 20, 29 - T-Mobile'",b'IP68 dust/water resistant (up to 1.5m for 30 mins) MIL-STD-810G compliant',,,,,,,b'eMMC 4.5',"b'1, 2, 3, 4, 5, 7, 17, 20, 29 - AT&T'",b'Charging 10W',,,,,,
b'kyocera',b'Kyocera DuraForce',b'https://fdn2.gsmarena.com/vv/bigpic/Kyocera-DuraForce2.jpg',b'GSM / HSPA / LTE',b'GSM 850 / 900 / 1800 / 1900',b'HSDPA 850 / 900 / 1900 / 2100',"b'HSPA 42.2/5.76 Mbps, LTE Cat4 150/50 Mbps'","b'2014, November. Released 2014, November'",b'Discontinued',b'136.9 x 70.6 x 14 mm (5.39 x 2.78 x 0.55 in)',b'200 g (7.05 oz)',,b'Nano-SIM',b'IPS LCD',"b'4.5 inches, 55.8 cm2 (~57.8% screen-to-body ratio)'","b'720 x 1280 pixels, 16:9 ratio (~326 ppi density)'",b'Yes',b'Android 4.4.2 (KitKat)',b'Quad-core 1.4 GHz Cortex-A7',b'microSDHC (dedicated slot)',b'16GB 2GB RAM',"b'8 MP, AF'","b'LED flash, HDR, panorama'",b'1080p@30fps',b'2 MP',b'',"b'Yes, with stereo speakers'",b'Yes',"b'Wi-Fi 802.11 a/b/g/n/ac, dual-band, hotspot'","b'4.0, A2DP, EDR, LE'","b'Yes, with A-GPS'",b'Yes',b'No',b'microUSB 2.0',"b'Accelerometer, proximity, compass, barometer'","b'Li-Ion 3100 mAh, non-removable'",b'Black',b'About 320 EUR',b'Up to 504 h',b'Up to 17 h',b'Qualcomm MSM8928 Snapdragon 400 (28 nm)',b'Adreno 305',,,,b'IP68 dust/water resistant (up to 1.5m for 30 mins) MIL-STD-810G compliant',b'eMMC 4.5',,,,,,,b'Smart Sonic Receiver',"b'1, 2, 4, 5, 7, 17'",,,,,,,
b'kyocera',b'Kyocera Hydro Life',b'https://fdn2.gsmarena.com/vv/bigpic/kyocera-hydro-life.jpg',b'GSM / HSPA',b'GSM 850 / 900 / 1800 / 1900',b'HSDPA 850 / 1700 / 1900 / 2100',b'HSPA 21.1/5.76 Mbps',"b'2014, August. Released 2014, August'",b'Discontinued',b'131.8 x 65.4 x 10.9 mm (5.19 x 2.57 x 0.43 in)',b'136 g (4.80 oz)',,b'Micro-SIM',b'IPS LCD',"b'4.5 inches, 55.8 cm2 (~64.8% screen-to-body ratio)'","b'540 x 960 pixels, 16:9 ratio (~245 ppi density)'",b'Yes',b'Android 4.3 (Jelly Bean)',b'Quad-core 1.2 GHz Cortex-A7',b'microSDHC (dedicated slot)',b'8GB 1.5GB RAM',b'5 MP',"b'LED flash, HDR, panorama'",b'720p@30fps',b'2 MP',b'',b'Yes',b'Yes',"b'Wi-Fi 802.11 b/g/n, Wi-Fi Direct, hotspot'","b'4.0, A2DP, EDR, LE'","b'Yes, with A-GPS'",b'No',b'No',b'microUSB 2.0',"b'Accelerometer, proximity, compass'","b'Li-Ion 2000 mAh, removable'",b'Black',,b'Up to 418 h',b'Up to 13 h 30 min',b'Qualcomm MSM8212 Snapdragon 200 (28 nm)',b'Adreno 302',,,,"b'IP57 dust/water resistant (up to 1m. and 30 mins) MIL-STD-810G compliant salt, dust, humidity, rain, vibration, solar radiation, transport and thermal shock resistant'",b'eMMC 4.5',,,,,,,b'Smart Sonic Receiver',,,,,,,,
b'kyocera',b'Kyocera Brigadier',b'https://fdn2.gsmarena.com/vv/bigpic/Kyocera-Brigadier.jpg',b'GSM / HSPA / EVDO / LTE',b'GSM 850 / 900 / 1800 / 1900',b'CDMA2000 1xEV-DO',"b'HSPA, LTE, EV-DO Rev.A 3.1 Mbps'","b'2014, July. Released 2014, July'",b'Discontinued',b'136.4 x 68.3 x 13.2 mm (5.37 x 2.69 x 0.52 in)',b'187.1 g (6.60 oz)',,b'Nano-SIM',b'IPS LCD',"b'4.5 inches, 55.8 cm2 (~59.9% screen-to-body ratio)'","b'720 x 1280 pixels, 16:9 ratio (~326 ppi density)'",b'Sapphire crystal glass',b'Android 4.4.2 (KitKat)',b'Quad-core 1.4 GHz Cortex-A7',b'microSDHC (dedicated slot)',b'16GB 2GB RAM',"b'8 MP, AF'","b'LED flash, panorama'",b'1080p@30fps',b'2 MP',b'',"b'Yes, dual speakers'",b'Yes',"b'Wi-Fi 802.11 a/b/g/n/ac, Wi-Fi Direct, DLNA, hotspot'","b'4.0, A2DP, EDR, LE'","b'Yes, with A-GPS'",b'Yes',b'No',b'microUSB 2.0',"b'Accelerometer, proximity, compass, barometer'","b'Li-Ion 3100 mAh, non-removable'",b'Black',b'About 300 EUR',b'Up to 370 h',b'Up to 26 h',b'Qualcomm Snapdragon 400 (28 nm)',b'Adreno 305',,,,b'HSDPA 850 / 900 / 1900 / 2100',b'IP68 dust/water resistant (up to 1.5m for 30 mins) MIL-STD-810G compliant Flashlight',,,,,,b'0.79 W/kg (head) \xc2\xa0 \xc2\xa0 0.72 W/kg (body)',b'Smart Sonic Receiver',"b'4, 13'",b'Qi wireless charging',b'E6782',,,,,
b'kyocera',b'Kyocera Hydro Elite',b'https://fdn2.gsmarena.com/vv/bigpic/kyocera-hydro-elite.jpg',b'GSM / CDMA / EVDO / LTE',b'CDMA 800 / 1900',b'CDMA2000 1xEV-DO',"b'HSPA, LTE Cat3 100/50 Mbps, EV-DO Rev.A 3.1 Mbps'","b'2013, Q3. Released 2013, Q3'",b'Discontinued',b'122.4 x 60.4 x 10.8 mm (4.82 x 2.38 x 0.43 in)',b'128 g (4.52 oz)',,b'Yes',b'IPS LCD',"b'4.3 inches, 51.0 cm2 (~68.9% screen-to-body ratio)'","b'720 x 1280 pixels, 16:9 ratio (~342 ppi density)'",b'Yes',b'Android 4.1.2 (Jelly Bean)',b'Dual-core 1.5 GHz Krait',b'microSDHC (dedicated slot)',b'16GB 1.5GB RAM',"b'8 MP, AF'","b'LED flash, HDR, panorama'",b'1080p@30fps',b'1.3 MP',b'',b'Yes',b'Yes',"b'Wi-Fi 802.11 a/b/g/n, dual-band, Wi-Fi Direct, DLNA'","b'4.0, A2DP, EDR, LE'","b'Yes, with A-GPS'",b'Yes',b'No',b'microUSB 2.0 (MHL TV-out)',"b'Accelerometer, proximity, compass'","b'Li-Ion 2100 mAh, removable'",b'Black',,b'Up to 236 h',b'Up to 13 h',b'Qualcomm MSM8960 Snapdragon S4 Plus',b'Adreno 225',,,,b'GSM 850 / 900 / 1800 / 1900',b'HSDPA',,,,,,,"b'IP57 dust/water resistant (up to 1m. and 30 mins) MIL-STD-810G compliant salt, dust, humidity, rain, vibration, solar radiation, transport and thermal shock resistant.'",b'LTE (unspecified)',,,,,,,
b'kyocera',b'Kyocera Hydro Xtrm',b'https://fdn2.gsmarena.com/vv/bigpic/kyocera-hydro-xtrm.jpg',b'CDMA / EVDO / LTE',b'CDMA 800 / 1900',b'CDMA2000 1xEV-DO',"b'LTE Cat3 100/50 Mbps, EV-DO Rev.A 3.1 Mbps'","b'2013, May. Released 2013, June'",b'Discontinued',b'124 x 64 x 10.7 mm (4.88 x 2.52 x 0.42 in)',b'139 g (4.90 oz)',,"b'Yes, preinstalled'",b'IPS LCD',"b'4.0 inches, 45.5 cm2 (~57.4% screen-to-body ratio)'","b'480 x 800 pixels, 5:3 ratio (~233 ppi density)'",b'Yes',b'Android 4.1.2 (Jelly Bean)',b'Dual-core 1.2 GHz Krait',b'microSDHC (dedicated slot)',b'4GB 1GB RAM',"b'5 MP, AF'",b'LED flash',b'Yes',b'1.3 MP',b'',b'Yes',b'Yes',"b'Wi-Fi 802.11 b/g/n, hotspot'","b'4.0, A2DP, EDR, LE'","b'Yes, with A-GPS'",b'No',b'No',b'microUSB 2.0',"b'Accelerometer, proximity, compass'","b'Li-Ion 2000 mAh, removable'",b'Black',,b'Up to 408 h',b'Up to 12 h 30 min',b'Qualcomm MSM8960 Snapdragon S4 Plus',b'Adreno 225',,,,"b'IP57 dust/water resistant (up to 1m. and 30 mins) MIL-STD-810G compliant salt, dust, humidity, rain, vibration, solar radiation, transport and thermal shock resistant.'",,,,,,,,,"b'2, 4, 5, 12'",,,,,,,
b'kyocera',b'Kyocera Torque E6710',b'https://fdn2.gsmarena.com/vv/bigpic/kyocera-torque-e6710.jpg',b'CDMA / EVDO / LTE',b'CDMA 800 / 1900',b'CDMA2000 1xEV-DO',"b'LTE Cat3 100/50 Mbps, EV-DO Rev.A 3.1 Mbps'","b'2013, January. Released 2013, March'",b'Discontinued',b'128.5 x 68.4 x 12.9 mm (5.06 x 2.69 x 0.51 in)',b'168.5 g (5.93 oz)',,b'Non-removable',b'IPS LCD',"b'4.0 inches, 45.5 cm2 (~51.8% screen-to-body ratio)'","b'480 x 800 pixels, 5:3 ratio (~233 ppi density)'",b'- Corning Gorilla Glass 2',b'Android 4.0.4 (Ice Cream Sandwich)',b'Dual-core 1.2 GHz Krait',b'microSDHC (dedicated slot)',"b'4GB (1GB user available), 1GB RAM'","b'5 MP, AF'","b'LED flash, HDR'",b'1080p@30fps',b'1.3 MP',b'',b'Yes',b'Yes',"b'Wi-Fi 802.11 b/g/n, hotspot'","b'4.0, A2DP, EDR, LE'","b'Yes, with A-GPS'",b'Yes',b'No',b'microUSB 2.0',"b'Accelerometer, proximity, compass'","b'Li-Ion 2500 mAh, removable'",b'Black',b'About 270 EUR',,b'Up to 19 h',b'Qualcomm MSM8960 Snapdragon S4 Plus',b'Adreno 225',,,,"b'IP67 dust/water resistant (up to 1m for 30 mins) MIL-STD-810G compliant IPX5, IPX7 certified Flashlight'",,,,,,,,,b'25',,,,,,,
b'kyocera',b'Kyocera Hydro C5170',b'https://fdn2.gsmarena.com/vv/bigpic/huawei-hydro-c5170.jpg',b'CDMA / EVDO',b'CDMA 800 / 1900',b'CDMA2000 1xEV-DO',b'EV-DO Rev.A 3.1 Mbps',"b'2012, May. Released 2012, Q3'",b'Discontinued',b'115 x 62 x 12.8 mm (4.53 x 2.44 x 0.50 in)',b'120 g (4.23 oz)',,b'Mini-SIM',b'IPS LCD',"b'3.5 inches, 36.5 cm2 (~51.2% screen-to-body ratio)'","b'320 x 480 pixels, 3:2 ratio (~165 ppi density)'",,b'Android 4.0 (Ice Cream Sandwich)',b'1.0 GHz',"b'microSDHC (dedicated slot), 2 GB included'",b'2GB 512MB RAM',"b'3.15 MP, AF'",,b'Yes',,,b'Yes',b'Yes',"b'Wi-Fi 802.11 b/g/n, hotspot'","b'2.1, A2DP, EDR'","b'Yes, with A-GPS'",,b'No',b'microUSB 2.0',"b'Accelerometer, proximity, compass'",b'Removable Li-Ion 1500 mAh battery',b'Black',,,b'Up to 8 h 20 min',b'Qualcomm MSM8655 Snapdragon S2',b'Adreno 205',,,,"b'IP67 dust/water resistant (up to 1m for 30 mins) IPX5, IPX7 certified'",b'No',,,,,,,b'MP4/WMV/H.264 player MP3/WAV/eAAC+ player Organizer Photo/video editor Document viewer Voice memo/dial/commands Predictive text input (Swype)',,,,,,,,
b'kyocera',b'Kyocera Rise C5155',b'https://fdn2.gsmarena.com/vv/bigpic/kyocera-rise-c5155.jpg',b'CDMA / EVDO',b'CDMA 800 / 1900',b'CDMA2000 1xEV-DO',b'EV-DO Rev.A 3.1 Mbps',"b'2012, May. Released 2012, August'",b'Discontinued',b'113 x 60.5 x 14.3 mm (4.45 x 2.38 x 0.56 in)',b'158 g (5.57 oz)',,b'Mini-SIM',b'IPS LCD',"b'3.5 inches, 36.5 cm2 (~53.4% screen-to-body ratio)'","b'320 x 480 pixels, 3:2 ratio (~165 ppi density)'",,b'Android 4.0 (Ice Cream Sandwich)',b'1.0 GHz',"b'microSDHC (dedicated slot), 2 GB included'",b'2GB 512MB RAM',"b'3.15 MP, AF'",,b'Yes',,,b'Yes',b'Yes',"b'Wi-Fi 802.11 b/g/n, hotspot'","b'2.1, A2DP, EDR'","b'Yes, with A-GPS'",,b'No',b'microUSB 2.0',"b'Accelerometer, proximity, compass'",b'Removable Li-Ion 1500 mAh battery',b'Black',,,b'Up to 8 h 40 min',b'Qualcomm MSM8655 Snapdragon S2',b'Adreno 205',,,,b'No',b'MP4/WMV/H.264 player MP3/WAV/eAAC+ player Organizer Photo/video editor Document viewer Voice memo/dial/commands Predictive text input (Swype)',,,,,,,,,,,b'QWERTY',,,,
b'kyocera',b'Kyocera Milano C5121',b'https://fdn2.gsmarena.com/vv/bigpic/kyocera-milano-c5121.jpg',b'CDMA / EVDO',b'CDMA 800 / 1900 / 1700',b'CDMA2000 1xEV-DO',b'EV-DO Rev.A 3.1 Mbps',"b'2011, September. Released 2011, September'",b'Discontinued',b'105 x 61 x 17.1 mm (4.13 x 2.40 x 0.67 in)',b'158 g (5.57 oz)',,b'Mini-SIM',"b'TFT, 256K colors'","b'3.0 inches, 27.9 cm2 (~43.5% screen-to-body ratio)'","b'240 x 320 pixels, 4:3 ratio (~133 ppi density)'",,b'Android 2.3 (Gingerbread)',b'800 MHz',"b'microSDHC (dedicated slot), 2 GB included'",b'512MB 512MB RAM',"b'3.15 MP, AF'",,b'Yes',,,b'Yes',b'Yes',"b'Wi-Fi 802.11 b/g/n, hotspot (charges may apply)'","b'2.1, A2DP, EDR'","b'Yes, with A-GPS'",,b'No',b'microUSB 2.0',"b'Accelerometer, proximity, compass'",b'Removable Li-Ion 1490 mAh battery',"b'Pink, Black'",,,b'Up to 7 h 40 min',b'Qualcomm MSM7627T',,,,,b'',b'No',,,,,,,b'MP3/WAV/AAC+ player MP4/H.263 player Organizer Voice memo Predictive text input (Swype)',,,,b'QWERTY',,,,
b'kyocera',b'Kyocera Milano C5120',b'https://fdn2.gsmarena.com/vv/bigpic/Kyocera-Milano.jpg',b'CDMA / EVDO',b'CDMA 800 / 1900',b'CDMA2000 1xEV-DO',"b'EV-DO Rev.0, 153.2 Kbps'","b'2011, September. Released 2011, September'",b'Discontinued',b'105 x 61 x 17.1 mm (4.13 x 2.40 x 0.67 in)',b'158 g (5.57 oz)',,b'Mini-SIM',"b'TFT, 256K colors'","b'3.0 inches, 27.9 cm2 (~43.5% screen-to-body ratio)'","b'240 x 320 pixels, 4:3 ratio (~133 ppi density)'",,b'Android 2.3 (Gingerbread)',b'800 MHz',"b'microSDHC (dedicated slot), 2 GB included'",b'512MB 512MB RAM',"b'3.15 MP, AF'",,b'Yes',,,b'Yes',b'Yes',"b'Wi-Fi 802.11 b/g/n, hotspot (charges may apply)'","b'2.1, A2DP, EDR'","b'Yes, with A-GPS'",,b'No',b'microUSB 2.0',"b'Accelerometer, proximity, compass'",b'Removable Li-Ion 1490 mAh battery',b'Black',,,b'Up to 7 h 40 min',b'Qualcomm MSM7627T',,,,,b'No',b'MP3/WAV/AAC+ player MP4/H.263 player Organizer Voice memo Predictive text input (Swype)',,,,,,,,,,,b'QWERTY',,,,
b'kyocera',b'Kyocera Presto S1350',b'https://fdn2.gsmarena.com/vv/bigpic/kyocera-presto-s1350.jpg',b'CDMA / CDMA2000',b'CDMA 800 / 1900 / 1700',b'CDMA2000 1x',"b'CDMA2000 1x, 153 Kbps'","b'2011, October. Released 2011, October'",b'Discontinued',b'114 x 45.5 x 13.7 mm (4.49 x 1.79 x 0.54 in)',b'76 g (2.68 oz)',,b'Mini-SIM',"b'TFT, 256K colors'","b'1.8 inches, 10.2 cm2 (~19.7% screen-to-body ratio)'",b'128 x 160 pixels (~114 ppi density)',,,,b'No',b'67MB',b'VGA',,b'No',,,b'Yes',b'No',b'No',"b'2.1, A2DP, EDR'",b'No',,b'No',b'microUSB 2.0',b'',b'Removable Li-Ion 920 mAh battery',b'Black',,b'Up to 200 h',b'Up to 3 h 20 min',,,,,,b'No',b'2.5 mm audio jack',b'Yes',b'Yes',"b'SMS, MMS, Email'",b'Yes',b'No',,b'Player Organizer',,,,,,,,
b'kyocera',b'Kyocera Brio',b'https://fdn2.gsmarena.com/vv/bigpic/kyocera-brio.jpg',b'CDMA / CDMA2000',b'CDMA 800 / 1900',b'CDMA2000 1x',"b'CDMA2000 1x, 153 Kbps'","b'2011, September. Released 2011, September'",b'Discontinued',b'113.5 x 60 x 14.5 mm (4.47 x 2.36 x 0.57 in)',b'105 g (3.70 oz)',,b'Mini-SIM',"b'TFT, 256K colors'","b'2.2 inches, 15.0 cm2 (~22.0% screen-to-body ratio)'","b'320 x 240 pixels, 4:3 ratio (~182 ppi density)'",,,,b'microSD (dedicated slot)',b'128MB',b'1.3 MP',,b'Yes',,,b'Yes',b'No',b'No',"b'2.0, A2DP, EDR'","b'Yes, with A-GPS'",,b'No',b'microUSB 2.0',b'Compass',b'Removable Li-Ion 870 mAh battery',b'Black',,,b'Up to 4 h 40 min',b'Qualcomm QSC6055',,,,,b'No',b'2.5 mm audio jack',"b'600 entries, Photocall'",b'Yes',"b'SMS, MMS, Email'",b'Yes',b'No',,b'MP3/WAV/AAC+ player MP4/H.263 player Organizer Voice memo Predictive text input',,,,b'QWERTY',,,,
b'kyocera',b'Kyocera Echo',b'https://fdn2.gsmarena.com/vv/bigpic/kyocera-echo.jpg',b'CDMA / EVDO',b'CDMA 800 / 1900',b'CDMA2000 1xEV-DO',b'EV-DO Rev.A 3.1 Mbps',"b'2011, March. Released 2011, April'",b'Discontinued',b'115 x 56.5 x 17.2 mm (4.53 x 2.22 x 0.68 in)',b'193 g (6.81 oz)',,b'Mini-SIM',"b'Two TFTs, 256K colors'","b'3.5 inches, 34.9 cm2 (~53.7% screen-to-body ratio)'","b'480 x 800 pixels, 5:3 ratio (~267 ppi density)'",,"b'Android 2.2 (Froyo), upgradable to 2.3 (Gingerbread)'",b'1.0 GHz Scorpion',"b'microSDHC (dedicated slot), 8 GB included'",b'1GB 512MB RAM',"b'5 MP, AF'",b'LED flash',b'720p',b'Yes',b'',b'Yes',b'Yes',"b'Wi-Fi 802.11 b/g, hotspot (charges may apply)'","b'2.1, A2DP, EDR'","b'Yes, with A-GPS'",,b'No',b'microUSB 2.0',"b'Accelerometer, proximity, compass'",b'Removable Li-Ion 1370 mAh battery',b'Black',b'About 350 EUR',b'Up to 200 h',b'Up to 7 h',b'Qualcomm QSD8650 Snapdragon S1',b'Adreno 200',,,,"b'Simul-Task Mode \xe2\x80\x93 choose 2 of the Echos 7 core apps and run one on each display simultaneously Optimized Mode \xe2\x80\x93 apps let the dual displays complement each other, like email on one and a full virtual keypad on the other Tablet Mode \xe2\x80\x93 dual displays act as a single (4.7 inches diagonally, 800 x 960 pixels) display'",b'MP3/WAV/AAC+ player MP4/H.263 player Organizer Voice memo Predictive text input',,,,,,,,,,,,"b'HTML, Adobe Flash'",,,
b'kyocera',b'Kyocera DuraCore E4210',b'https://fdn2.gsmarena.com/vv/bigpic/kyocera-duracore-e4210.jpg',b'CDMA / EVDO',b'CDMA 800 / 1900',b'CDMA2000 1xEV-DO',b'EV-DO Rev.A 3.1 Mbps',"b'2011, July'",b'Discontinued',b'98.5 x 49.8 x 23.9 mm (3.88 x 1.96 x 0.94 in)',b'126 g (4.44 oz)',,b'Mini-SIM',"b'TFT, 256K colors'","b'2.0 inches, 12.4 cm2 (~25.3% screen-to-body ratio)'","b'240 x 320 pixels, 4:3 ratio (~200 ppi density)'",,,,b'No',,,,,,,b'Yes',b'No',b'No',"b'2.0, A2DP, EDR'","b'Yes, with A-GPS'",,b'No',b'microUSB 2.0',b'',b'Removable Li-Ion 1360 mAh battery',b'Black',,,b'Up to 8 h',b'Qualcomm QSC6055',,,,,"b'MIL-STD 810G-grade salt, fog, humidity, transport shock and thermal shock resistant'","b'External 1"" monochrome display, 96 x 64 pixels'","b'Yes, Photocall'",b'Yes',"b'SMS(threaded view), MMS, Email'",b'Yes',b'No',,b'MP3 player Organizer Voice memo/dial/commands',,,,,,,,
b'kyocera',b'Kyocera DuraMax',b'https://fdn2.gsmarena.com/vv/bigpic/kyocera-duramax.jpg',b'CDMA / EVDO',b'CDMA 800 / 1900',b'CDMA2000 1xEV-DO',b'EV-DO Rev.A 3.1 Mbps',"b'2011, July. Released 2011, October'",b'Discontinued',b'101.5 x 53.5 x 25.5 mm (4.00 x 2.11 x 1.00 in)',b'144 g (5.08 oz)',,b'Mini-SIM',"b'TFT, 256K colors'","b'2.0 inches, 12.4 cm2 (~22.8% screen-to-body ratio)'","b'240 x 320 pixels, 4:3 ratio (~200 ppi density)'",,,,"b'microSDHC (dedicated slot), 1 GB included'",,b'3.2 MP',b'LED flash',b'Yes',,,b'Yes',b'Yes',b'No',"b'2.0, A2DP, EDR'","b'Yes, with A-GPS'",,b'No',b'microUSB 2.0',b'',b'Removable Li-Ion 1360 mAh battery',b'Black',,,b'Up to 8 h',b'Qualcomm QSC6055',,,,,"b'Flashlight MIL-STD 810G-grade salt, fog, humidity, transport shock and thermal shock resistant Water submersible (up to 1m for 30 mins)'","b'External 1"" monochrome display, 96 x 64 pixels'","b'Yes, Photocall'",b'Yes',"b'SMS(threaded view), MMS, Email'",b'Yes',b'No',,b'MP3/WAV/WMA/eAAC+ player MP4/H.264/WMV player Organizer Voice memo/dial/commands',,,,,,,,
b'kyocera',b'Kyocera E4600',b'https://fdn2.gsmarena.com/vv/bigpic/kyocera-e4600.jpg',b'GSM',b'GSM 850 / 900 / 1800 / 1900',,,"b'2008, August. Released 2008, August'",b'Discontinued',b'103 x 51 x 15 mm (4.06 x 2.01 x 0.59 in)',b'85 g (3.00 oz)',,b'Mini-SIM',"b'TFT, 65K colors'","b'2.2 inches, 15.2 cm2 (~29.0% screen-to-body ratio)'",b'176 x 220 pixels (~128 ppi density)',,,,b'microSD (dedicated slot)',,b'2 MP',b'LED flash',b'Yes',,,b'Yes',b'No',b'No',"b'2.0, A2DP'",b'Yes',,b'No',b'miniUSB 2.0',b'',b'Removable Li-Ion 780 mAh battery',b'Black',,b'Up to 300 h',b'Up to 4 h',,,,b'Class 10',b'Class 10',b'Flashlight',b'No',b'Yes',b'Yes',"b'SMS, MMS, Email, IM'",b'Yes',"b'Yes, MIDP 2.0'",,b'MP3/WAV/AAC+ player MP4/H.263 player Organizer Voice memo Predictive text input',,,,,b'WAP 2.0/xHTML',,,
b'kyocera',b'Kyocera Solo E4000',b'https://fdn2.gsmarena.com/vv/bigpic/Kyocera-Solo-E4000.jpg',b'GSM',b'GSM 850 / 900 / 1800 / 1900',,,"b'2008, August. Released 2008, August'",b'Discontinued',b'108 x 46.3 x 13.8 mm (4.25 x 1.82 x 0.54 in)',b'90 g (3.17 oz)',,b'Mini-SIM',"b'TFT, 65K colors'",b'',"b'240 x 320 pixels, 4:3 ratio'",,b'Microsoft Windows Mobile 6.0 Standard',,b'microSD (dedicated slot)',,b'2 MP',,b'Yes',,,b'Yes',b'No',b'Wi-Fi 802.11 b/g',"b'2.0, A2DP'",b'Yes',,b'No',b'microUSB 2.0',b'',b'Removable Li-Ion 900 mAh battery',b'Black',,b'Up to 150 h',b'Up to 5 h',,,,b'Class 10',b'Class 10',b'No',b'MP3/WAV/WMA/eAAC+ player MP4/WMV/H.263 player Office document viewer Organizer Voice memo/dial Predictive text input',,,,,,,,,,,,"b'WAP 2.0/xHTML, HTML (IE Mobile)'",,,
b'kyocera',b'Kyocera E3500',b'https://fdn2.gsmarena.com/vv/bigpic/Kyocera-E3500.jpg',b'GSM',b'GSM 850 / 900 / 1800 / 1900',,,"b'2008, April. Released 2008, April'",b'Discontinued',b'103 x 50.5 x 16.5 mm (4.06 x 1.99 x 0.65 in)',b'84 g (2.96 oz)',,b'Mini-SIM',"b'TFT, 256K colors'","b'2.0 inches, 12.6 cm2 (~24.2% screen-to-body ratio)'",b'176 x 220 pixels (~141 ppi density)',,,,b'microSD (dedicated slot)',,b'1.3 MP',b'LED flash',b'Yes',,,b'Yes',b'No',b'No',"b'2.0, A2DP'",b'Yes',,b'No',b'miniUSB',b'',b'Removable Li-Ion 920 mAh battery',b'Black',,b'Up to 400 h',b'Up to 5 h',,,,b'Class 10',b'Class 10',b'Flashlight',"b'Dedicated music keys External 1"" 56K STN, 96 x 96 pixels'","b'Yes, Photocall'",b'Yes',"b'SMS, MMS, Email, IM'",b'Yes',"b'Yes, MIDP 2.0'",,b'MP3/WAV/WMA/eAAC+ player MP4/H.263 player Organizer Voice memo/dial Predictive text input',,,,,b'WAP 2.0/xHTML',,,
b'kyocera',b'Kyocera E2500',b'https://fdn2.gsmarena.com/vv/bigpic/Kyocera-E2500.jpg',b'GSM',b'GSM 850 / 900 / 1800 / 1900',,,"b'2008, April. Released 2008, April'",b'Discontinued',b'105 x 48 x 12 mm (4.13 x 1.89 x 0.47 in)',b'69 g (2.43 oz)',,b'Mini-SIM',"b'CSTN, 65K colors'","b'2.0 inches, 12.9 cm2 (~25.6% screen-to-body ratio)'","b'128 x 128 pixels, 1:1 ratio (~91 ppi density)'",,,,b'microSD (dedicated slot)',,b'1.3 MP',,b'No',,,b'Yes',b'No',b'No',"b'1.2, A2DP'",b'No',,b'No',b'microUSB',b'',b'Removable Li-Ion 920 mAh battery',b'Black',b'About 70 EUR',b'Up to 400 h',b'Up to 5 h',,,,b'Class 10',b'Class 10',b'No',b'MP3/WAV/WMA/eAAC+ player MP4/H.263 player Organizer Voice memo Predictive text input',b'Yes',b'Yes',"b'SMS, MMS, Email'",b'Yes',"b'Yes, MIDP 2.0'",,,,,,,b'WAP 2.0/xHTML',,,
b'kyocera',b'Kyocera S1600',b'https://fdn2.gsmarena.com/vv/bigpic/kyocera-s1600.jpg',b'GSM',b'GSM 850 / 1900',,,"b'2008, April. Released 2008, April'",b'Discontinued',b'104 x 48 x 11.5 mm (4.09 x 1.89 x 0.45 in)',b'59 g (2.08 oz)',,b'Mini-SIM',"b'CSTN, 65K colors'","b'1.5 inches, 7.3 cm2 (~14.5% screen-to-body ratio)'","b'128 x 128 pixels, 1:1 ratio (~121 ppi density)'",,,,b'No',,b'VGA',,b'up to 15 sec',,,b'Yes',b'No',b'No',b'No',b'No',,b'No',b'microUSB',b'',b'Removable Li-Ion 650 mAh battery',b'Black',,b'Up to 300 h',b'Up to 4 h',,,,b'Class 10',b'No',b'GSM 900 / 1800',b'No',b'Yes',b'Yes',"b'SMS, MMS'",b'Yes',"b'Yes, MIDP 2.0'",,b'MP3/eAAC+ player MP4/H.263 player Organizer Voice memo Predictive text input',,,,,b'WAP 2.0/xHTML',,,
b'kyocera',b'Kyocera TG 200',b'https://fdn2.gsmarena.com/vv/bigpic/kytg200b.gif',b'GSM',b'GSM 900 / 1800',,,b'2000',b'Discontinued',b'120 x 40 x 16 mm (4.72 x 1.57 x 0.63 in)',b'75 g (2.65 oz)',,b'Mini-SIM',b'Monochrome graphic',b'',b'5 lines',,,,b'No',,,,,,,b'No',b'No',b'No',b'No',b'No',,b'No',b'',b'',b'Removable Li-Ion battery',b'',,b'110 h',b'3 h',,,,b'No',b'No',b'No',,b'',b'',b'SMS',b'',b'No',,,,,,,b'',b'Monophonic ringtones',b'Yes',b'Yes'
