Brand,Model Name,Model Image,Technology,2G bands,3G bands,4G bands,Speed,Announced,Status,Dimensions,Weight,SIM,Type,Size,Resolution,Protection,OS,Chipset,CPU,GPU,Card slot,Internal,,Quad,Features,Video,Single,Video_1,Loudspeaker,3.5mm jack,WLAN,Bluetooth,GPS,NFC,Radio,USB,Sensors,Type_1,Charging,Colors,Models,SAR,Price,Dual,Features_1,Single_1,Build,Talk time,Stand-by,Infrared port,Music play,SAR EU,GPRS,EDGE,Phonebook,Call records,Messaging,Games,Java,_1,_1_1,Keyboard,Browser,Display,Camera,Battery life,Performance,Loudspeaker_1,Audio quality
b'microsoft',b'Microsoft Surface Duo',b'https://fdn2.gsmarena.com/vv/bigpic/microsoft-surface-duo.jpg',b'GSM / HSPA / LTE',b'GSM 850 / 900 / 1800 / 1900',b'HSDPA 850 / 900 / 1900 / 2100',"b'1, 2, 3, 4, 5, 7, 8, 12, 13, 14, 19 20, 25, 26, 28, 29, 30, 38, 39, 40, 41, 46, 66'","b'HSPA 42.2/5.76 Mbps, LTE-A (CA) Cat18 1200/100 Mbps'","b'2020, August 12'","b'Available. Released 2020, September 10'",b'Unfolded: 186.9 x 145.2 x 4.8 mm Folded: 145.2 x 93.3 x 9.9 mm',b'250 g (8.82 oz)',"b'Nano-SIM, eSIM'",b'AMOLED',"b'8.1 inches, 195.4 cm2 (~144.2% screen-to-body ratio)'","b'1800 x 2700 pixels, 3:2 ratio (~401 ppi density)'",b'Corning Gorilla Glass 5',b'Android 10',b'Qualcomm SM8150 Snapdragon 855 (7 nm)',b'Octa-core (1x2.84 GHz Kryo 485 & 3x2.42 GHz Kryo 485 & 4x1.78 GHz Kryo 485)',b'Adreno 640',b'No',"b'128GB 6GB RAM, 256GB 6GB RAM'",b'Stylus support',,,"b'4K@30/60fps, 1080p@30/60fps, gyro-EIS'","b'11 MP, f/2.0, 23mm (wide), 1.0\xc2\xb5m, PDAF'","b'4K@30/60fps, 1080p@30/60fps, gyro-EIS'",b'Yes',b'Unspecified',"b'Wi-Fi 802.11 a/b/g/n/ac, dual-band, Wi-Fi Direct, hotspot'","b'5.0, A2DP, LE, aptX Adaptive'","b'Yes, with A-GPS'",b'No',b'No',b'USB Type-C 3.1',"b'Fingerprint (side-mounted), accelerometer, proximity'","b'Li-Po 3577 mAh, non-removable'",b'Fast charging 18W',b'White',,,b'About 1200 EUR',,,b'Uses main camera',"b'Glass front (Gorilla Glass 5), glass back (Gorilla Glass 5)'",,,,,,,,,,,,,"b'Folded position display: 5.6 inches, AMOLED, 1350 x 1800 pixels (4:3)'",b'UFS 3.0',,,,,,,,
b'microsoft',b'Microsoft Lumia 650',b'https://fdn2.gsmarena.com/vv/bigpic/microsoft-lumia-650-s.jpg',b'GSM / HSPA / LTE',b'GSM 850 / 900 / 1800 / 1900 - SIM 1 & SIM 2 (dual-SIM model only)',b'HSDPA 850 / 900 / 2100',"b'1, 3, 7, 8, 20'","b'HSPA 42.2/5.76 Mbps, LTE Cat4 150/50 Mbps'","b'2016, February'","b'Available. Released 2016, February'",b'142 x 70.9 x 6.9 mm (5.59 x 2.79 x 0.27 in)',b'122 g (4.30 oz)',"b'Single SIM (Nano-SIM) or Dual SIM (Nano-SIM, dual stand-by)'",b'OLED',"b'5.0 inches, 67.5 cm2 (~67.1% screen-to-body ratio)'","b'720 x 1280 pixels, 16:9 ratio (~297 ppi density)'",b'Corning Gorilla Glass 3',b'Microsoft Windows 10',b'Qualcomm MSM8909v2 Snapdragon 212 (28 nm)',b'Quad-core 1.3 GHz Cortex-A7',b'Adreno 304',b'microSDXC (dedicated slot)',b'16GB 1GB RAM',b'ClearBlack display',,b'LED flash',b'720p@30fps',"b'8 MP, f/2.2, 28mm (wide), 1/4.0"", AF'",b'720p',b'Yes',b'Yes',"b'Wi-Fi 802.11 b/g/n, DLNA, hotspot'","b'4.1, A2DP, LE'","b'Yes, with A-GPS, GLONASS, BDS'",b'Yes',b'FM radio',b'microUSB 2.0',"b'Accelerometer, proximity'","b'Li-Ion 2000 mAh, removable'",,"b'Black, White'",,,b'About 150 EUR',,,"b'5 MP, f/2.2'","b'Glass front (Gorilla Glass 3), plastic back, aluminum frame'",b'Up to 16 h (2G) / Up to 13 h (3G)',b'Up to 624 h (3G)',,,,,,,,,,,b'eMMC 4.5',,,,"b'Contrast ratio: Infinite (nominal), 3.77(sunlight)'",b'Photo',b'Endurance rating 55h',,,
b'microsoft',b'Microsoft Lumia 950 XL Dual SIM',b'https://fdn2.gsmarena.com/vv/bigpic/microsoft-lumia-950-xl--.jpg',b'GSM / HSPA / LTE',b'GSM 850 / 900 / 1800 / 1900 - SIM 1 & SIM 2',b'HSDPA 850 / 900 / 1700(AWS) / 1900 / 2100',"b'1, 2, 3, 4, 5, 7, 8, 12, 17, 20, 28, 38, 40'","b'HSPA 42.2/5.76 Mbps, LTE Cat4 150/50 Mbps'","b'2015, October. Released 2015, December'",b'Discontinued',b'151.9 x 78.4 x 8.1 mm (5.98 x 3.09 x 0.32 in)',b'165 g (5.82 oz)',"b'Dual SIM (Nano-SIM, dual stand-by)'",b'AMOLED',"b'5.7 inches, 89.6 cm2 (~75.2% screen-to-body ratio)'","b'1440 x 2560 pixels, 16:9 ratio (~515 ppi density)'",b'Corning Gorilla Glass 4',b'Microsoft Windows 10',b'Qualcomm MSM8994 Snapdragon 810 (20 nm)',b'Octa-core (4x1.5 GHz Cortex-A53 & 4x2.0 GHz Cortex-A57)',b'Adreno 430',b'microSDXC (dedicated slot)',b'32GB 3GB RAM',b'ClearBlack display',,"b'Zeiss optics, triple-LED RGB flash, panorama, HDR'","b'4K@30fps,  stereo sound rec., 1080p@30/60fps (after SW update)'","b'20 MP, f/1.9, 26mm (wide), 1/2.4"", 1.12\xc2\xb5m, AF, OIS'",b'1080p@30fps',b'Yes',b'Yes',"b'Wi-Fi 802.11 a/b/g/n/ac, dual-band, hotspot'","b'4.1, A2DP'","b'Yes, with A-GPS, GLONASS, BDS'",b'Yes',b'FM radio',b'USB Type-C 3.1',"b'Iris scanner, accelerometer, gyro, proximity, compass, barometer, sensor core'","b'Li-Ion 3340 mAh, removable'",b'Fast charging 18W Qi wireless charging - market dependent',"b'Black, White'",,,b'About 350 EUR',,,"b'5 MP, f/2.4'",,b'Up to 25 h (2G) / Up to 19 h (3G)',b'Up to 288 h (2G) / Up to 288 h (3G)',,b'Up to 75 h',,,,,,,,,b'eMMC 5.0',b'Microsoft Continuum support',,,"b'Contrast ratio: Infinite (nominal), 3.837 (sunlight)'",,b'Endurance rating 47h',b'Basemark OS II 2.0: 1472Basemark X: 32178',b'Voice 74dB / Noise 75dB / Ring 84dB',b'Noise -91.6dB / Crosstalk -89.3dB'
b'microsoft',b'Microsoft Lumia 950 XL',b'https://fdn2.gsmarena.com/vv/bigpic/microsoft-lumia-950-xl--.jpg',b'GSM / HSPA / LTE',b'GSM 850 / 900 / 1800 / 1900',b'HSDPA 850 / 900 / 1700(AWS) / 1900 / 2100',"b'1, 2, 3, 4, 5, 7, 8, 12, 20, 28, 38, 40 - EMEA'","b'HSPA 42.2/5.76 Mbps, LTE-A Cat6 300/50 Mbps'","b'2015, October. Released 2015, November'",b'Discontinued',b'151.9 x 78.4 x 8.1 mm (5.98 x 3.09 x 0.32 in)',b'165 g (5.82 oz)',b'Nano-SIM',b'AMOLED',"b'5.7 inches, 88.5 cm2 (~74.3% screen-to-body ratio)'","b'1440 x 2560 pixels, 16:9 ratio (~518 ppi density)'",b'Corning Gorilla Glass 4',b'Microsoft Windows 10',b'Qualcomm MSM8994 Snapdragon 810 (20 nm)',b'Octa-core (4x1.5 GHz Cortex-A53 & 4x2.0 GHz Cortex-A57)',b'Adreno 430',b'microSDXC (dedicated slot)',b'32GB 3GB RAM',"b'1, 2, 3, 4, 5, 7, 8, 12, 17, 20, 28, 38, 40, 41 - USA'",,"b'Zeiss optics, triple-LED RGB flash, panorama, HDR'","b'4K@30fps,  stereo sound rec., 1080p@30/60fps (after SW update)'","b'20 MP, f/1.9, 26mm (wide), 1/2.4"", 1.12\xc2\xb5m, AF, OIS'",b'1080p@30fps',b'Yes',b'Yes',"b'Wi-Fi 802.11 a/b/g/n/ac, dual-band, hotspot'","b'4.1, A2DP'","b'Yes, with A-GPS, GLONASS, BDS'",b'Yes',b'FM radio',b'USB Type-C 3.1',"b'Iris scanner, accelerometer, gyro, proximity, compass, barometer, sensor core'","b'Li-Ion 3340 mAh, removable'",b'Fast charging 18W Qi wireless charging - market dependent',"b'Black, White'",,,b'About 350 EUR',,,"b'5 MP, f/2.4'",,b'Up to 25 h (2G) / Up to 19 h (3G)',b'Up to 288 h (2G) / Up to 288 h (3G)',,b'Up to 75 h',,,,,,,,,b'ClearBlack display',b'Microsoft Continuum support',,,"b'Contrast ratio: Infinite (nominal), 3.837 (sunlight)'",b'Photo / Video',b'Endurance rating 62h',b'Basemark OS II 2.0: 1472Basemark X: 32178',b'Voice 74dB / Noise 75dB / Ring 84dB',b'Noise -91.6dB / Crosstalk -89.3dB'
b'microsoft',b'Microsoft Lumia 950 Dual SIM',b'https://fdn2.gsmarena.com/vv/bigpic/microsoft-lumia-950-1.jpg',b'GSM / HSPA / LTE',b'GSM 850 / 900 / 1800 / 1900 - SIM 1 & SIM 2',b'HSDPA 850 / 900 / 1700(AWS) / 1900 / 2100',"b'1, 2, 3, 4, 5, 7, 8, 12, 17, 20, 28, 38, 40'","b'HSPA 42.2/5.76 Mbps, LTE Cat4 150/50 Mbps'","b'2015, October. Released 2015, December'",b'Discontinued',b'145 x 73.2 x 8.2 mm (5.71 x 2.88 x 0.32 in)',b'150 g (5.29 oz)',"b'Dual SIM (Nano-SIM, dual stand-by)'",b'AMOLED',"b'5.2 inches, 74.5 cm2 (~70.2% screen-to-body ratio)'","b'1440 x 2560 pixels, 16:9 ratio (~565 ppi density)'",b'Corning Gorilla Glass 3',b'Microsoft Windows 10',b'Qualcomm MSM8992 Snapdragon 808 (20 nm)',b'Hexa-core (4x1.4 GHz Cortex-A53 & 2x1.8 GHz Cortex-A57)',b'Adreno 418',b'microSDXC (dedicated slot)',b'32GB 3GB RAM',b'ClearBlack display',,"b'Zeiss optics, triple-LED RGB flash, panorama, HDR'","b'4K@30fps,  stereo sound rec., 1080p@30/60fps (after SW update)'","b'20 MP, f/1.9, 26mm (wide), 1/2.4"", 1.12\xc2\xb5m, AF, OIS'",b'1080p@30fps',b'Yes',b'Yes',"b'Wi-Fi 802.11 a/b/g/n/ac, dual-band, hotspot'","b'4.1, A2DP'","b'Yes, with A-GPS, GLONASS, BDS'",b'Yes',b'FM radio',b'USB Type-C 3.1',"b'Iris scanner, accelerometer, gyro, proximity, compass, barometer, sensor core'","b'Li-Ion 3000 mAh, removable'",b'Qi wireless charging - market dependent Fast charging 18W',"b'Black, White'",,,b'About 280 EUR',,,"b'5 MP, f/2.4'",,b'Up to 23 h (2G) / Up to 18 h (3G)',b'Up to 288 h (2G) / Up to 288 h (3G)',,b'Up to 67 h',,,,,,,,,b'eMMC 5.0',b'Microsoft Continuum support',,,,,,,,
b'microsoft',b'Microsoft Lumia 950',b'https://fdn2.gsmarena.com/vv/bigpic/microsoft-lumia-950-1.jpg',b'GSM / HSPA / LTE',b'GSM 850 / 900 / 1800 / 1900',b'HSDPA 850 / 900 / 1700(AWS) / 1900 / 2100',"b'1, 2, 3, 4, 5, 7, 8, 12, 17, 20, 28, 38, 40 - EMEA'","b'HSPA 42.2/5.76 Mbps, LTE-A Cat6 300/50 Mbps'","b'2015, October. Released 2015, November'",b'Discontinued',b'145 x 73.2 x 8.2 mm (5.71 x 2.88 x 0.32 in)',b'150 g (5.29 oz)',b'Nano-SIM',b'AMOLED',"b'5.2 inches, 74.8 cm2 (~70.5% screen-to-body ratio)'","b'1440 x 2560 pixels, 16:9 ratio (~564 ppi density)'",b'Corning Gorilla Glass 3',b'Microsoft Windows 10',b'Qualcomm MSM8992 Snapdragon 808 (20 nm)',b'Hexa-core (4x1.4 GHz Cortex-A53 & 2x1.8 GHz Cortex-A57)',b'Adreno 418',b'microSDXC (dedicated slot)',b'32GB 3GB RAM',"b'1, 2, 3, 4, 5, 7, 8, 12, 17, 20, 28, 38, 40, 41 - USA'",,"b'Zeiss optics, triple-LED RGB flash, panorama, HDR'","b'4K@30fps,  stereo sound rec., 1080p@30/60fps (after SW update)'","b'20 MP, f/1.9, 26mm (wide), 1/2.4"", 1.12\xc2\xb5m, AF, OIS'",b'1080p@30fps',b'Yes',b'Yes',"b'Wi-Fi 802.11 a/b/g/n/ac, dual-band, hotspot'","b'4.1, A2DP'","b'Yes, with A-GPS, GLONASS, BDS'",b'Yes',b'FM radio',b'USB Type-C 3.1',"b'Iris scanner, accelerometer, gyro, proximity, compass, barometer, sensor core'","b'Li-Ion 3000 mAh, removable'",b'Fast charging 18W Qi wireless charging - market dependent',"b'Black, White'",,,b'About 280 EUR',,,"b'5 MP, f/2.4'",,b'Up to 23 h (2G) / Up to 18 h (3G)',b'Up to 288 h (2G) / Up to 288 h (3G)',,b'Up to 67 h',,,,,,,,,b'ClearBlack display',b'Microsoft Continuum support',,,"b'Contrast ratio: Infinite (nominal), 3512 (sunlight)'",b'Photo / Video',b'Endurance rating 48h',b'Basemark OS II 2.0: 1281Basemark X: 26330',b'Voice 71dB / Noise 73dB / Ring 77dB',b'Noise -91.3dB / Crosstalk -91.6dB'
b'microsoft',b'Microsoft Lumia 550',b'https://fdn2.gsmarena.com/vv/bigpic/microsoft-lumia-550-.jpg',b'GSM / HSPA / LTE',b'GSM 850 / 900 / 1800 / 1900',b'HSDPA 850 / 900 / 2100',"b'1, 3, 7, 8, 20'","b'HSPA 42.2/5.76 Mbps, LTE Cat4 150/50 Mbps'","b'2015, October. Released 2015, December'",b'Discontinued',b'136.1 x 67.8 x 9.9 mm (5.36 x 2.67 x 0.39 in)',b'141.9 (5.01 oz)',b'Nano-SIM',"b'IPS LCD,'","b'4.7 inches, 59.7 cm2 (~64.7% screen-to-body ratio)'","b'720 x 1280 pixels, 16:9 ratio (~315 ppi density)'",,b'Microsoft Windows 10',b'Qualcomm MSM8909 Snapdragon 210 (28 nm)',b'Quad-core 1.1 GHz Cortex-A7',b'Adreno 304',b'microSDXC (dedicated slot)',b'8GB 1GB RAM',b'eMMC 4.5',,b'LED flash',b'720p@30fps',"b'5 MP, f/2.4, 1/4.0"", AF'",b'480p',b'Yes',b'Yes',"b'Wi-Fi 802.11 b/g/n, hotspot'","b'4.1, A2DP'","b'Yes, with A-GPS, GLONASS, BDS'",b'No',b'FM radio',b'microUSB 2.0',"b'Accelerometer, proximity'","b'Li-Ion 2100 mAh, removable'",,"b'Black, White'",,,b'About 90 EUR',,,"b'2 MP, f/2.8'",,b'Up to 16 h (2G) / Up to 14 h (3G)',b'Up to 672 h (2G) / Up to 672 h (3G)',,b'Up to 60 h',,,,,,,,,,,,,,b'Photo / Video',b'Endurance rating 42h',,,
b'microsoft',b'Microsoft Lumia 540 Dual SIM',b'https://fdn2.gsmarena.com/vv/bigpic/microsoft-lumia-540-ds1.jpg',b'GSM / HSPA',b'GSM 850 / 900 / 1800 / 1900 - SIM 1 & SIM 2',b'HSDPA 900 / 2100',,b'HSPA 42.2/5.76 Mbps',"b'2015, April. Released 2015, May'",b'Discontinued',b'144 x 73.7 x 8.6 mm (5.67 x 2.90 x 0.34 in)',b'152 g (5.36 oz)',"b'Dual SIM (Micro-SIM, dual stand-by)'",b'IPS LCD',"b'5.0 inches, 68.9 cm2 (~64.9% screen-to-body ratio)'","b'720 x 1280 pixels, 16:9 ratio (~294 ppi density)'",,b'Microsoft Windows Phone 8.1 with Lumia Denim',b'Qualcomm Snapdragon 200 (28 nm)',b'Quad-core 1.2 GHz Cortex-A7',b'Adreno 302',b'microSDXC (dedicated slot)',b'8GB 1GB RAM',b'ClearBlack display',,b'LED flash',b'480p@30fps',"b'8 MP, f/2.2, 28mm (wide), 1/4.0"", AF'",b'480p',b'Yes',b'Yes',"b'Wi-Fi 802.11 b/g/n, DLNA, hotspot'","b'4.0, A2DP'","b'Yes, with A-GPS, GLONASS'",b'No',b'FM radio',b'microUSB 2.0',"b'Accelerometer, proximity'","b'Li-Ion 2200 mAh, removable'",,"b'Orange, white, black, gray, blue'",,,b'About 100 EUR',,,b'5 MP',,b'Up to 26 h (2G) / Up to 15 h (3G)',b'Up to 576 h (2G) / Up to 576 h (3G)',,b'Up to 81 h',,,,,,,,,b'eMMC 4.5',,,,,,,,,
b'microsoft',b'Microsoft Lumia 430 Dual SIM',b'https://fdn2.gsmarena.com/vv/bigpic/microsoft-lumia-430.jpg',b'GSM / HSPA',b'GSM 850 / 900 / 1800 / 1900 - SIM 1 & SIM 2',b'HSDPA 900 / 2100',,b'HSPA 42.2/5.76 Mbps',"b'2015, March. Released 2015, May'",b'Discontinued',b'120.5 x 63.2 x 10.6 mm (4.74 x 2.49 x 0.42 in)',b'127.9 g (4.52 oz)',"b'Dual SIM (Micro-SIM, dual stand-by)'","b'IPS LCD,'","b'4.0 inches, 44.8 cm2 (~58.8% screen-to-body ratio)'","b'480 x 800 pixels, 5:3 ratio (~235 ppi density)'",,"b'Microsoft Windows Phone 8.1, upgradable to Windows 10'",b'Qualcomm MSM8210 Snapdragon 200 (28 nm)',b'Dual-core 1.2 GHz Cortex-A7',b'Adreno 302',b'microSDXC (dedicated slot)',b'8GB 1GB RAM',b'eMMC 4.5',,,b'480p@30fps',"b'2 MP, f/2.2, 1/5.0""'",b'480p',b'Yes',b'Yes',"b'Wi-Fi 802.11 b/g/n, hotspot'","b'4.0, A2DP'","b'A-GPS, GLONASS'",b'No',b'FM radio',b'microUSB 2.0',"b'Accelerometer, proximity'","b'Li-Ion 1500 mAh, removable'",,"b'Black, Orange'",,,b'About 70 EUR',,,b'VGA',,b'Up to 13 h (2G) / Up to 8 h 30 min (3G)',b'Up to 720 h (2G) / Up to 720 h (3G)',,b'Up to 47 h',,,,,,,,,,,,,,,,,,
b'microsoft',b'Microsoft Lumia 640 XL LTE Dual SIM',b'https://fdn2.gsmarena.com/vv/bigpic/nokia-lumia-640-xl-4g-ds.jpg',b'GSM / HSPA / LTE',b'GSM 850 / 900 / 1800 / 1900 - SIM 1 & SIM 2',b'HSDPA 850 / 900 / 1700 / 1900 / 2100',"b'1, 2, 3, 4, 5, 7, 8, 12, 17, 20, 28, 38, 40'","b'HSPA 42.2/5.76 Mbps, LTE Cat4 150/50 Mbps'","b'2015, March. Released 2015, April'",b'Discontinued',b'157.9 x 81.5 x 9 mm (6.22 x 3.21 x 0.35 in)',b'171 g (6.03 oz)',"b'Dual SIM (Micro-SIM, dual stand-by)'",b'IPS LCD',"b'5.7 inches, 88.9 cm2 (~69.1% screen-to-body ratio)'","b'720 x 1280 pixels, 16:9 ratio (~259 ppi density)'",b'Corning Gorilla Glass 3',"b'Microsoft Windows Phone 8.1, upgradable to Microsoft Windows 10'",b'Qualcomm MSM8226 Snapdragon 400 (28 nm)',b'Quad-core 1.2 GHz Cortex-A7',b'Adreno 305',b'microSDXC (dedicated slot)',b'8GB 1GB RAM',b'ClearBlack display',,"b'Zeiss optics, LED flash'",b'1080p@30fps',"b'13 MP, f/2.0, 28mm (wide), 1/3"", AF'",b'1080p@30fps',b'Yes',b'Yes',"b'Wi-Fi 802.11 b/g/n, DLNA, hotspot'","b'4.0, A2DP'","b'Yes, with A-GPS, GLONASS, BDS'",b'Yes',b'FM radio',b'microUSB 2.0',"b'Accelerometer, proximity, compass, sensor core'","b'Li-Ion 3000 mAh, removable'",,"b'Matte cyan, Orange, Black, Matte white, Glossy white'",,,b'About 200 EUR',,,b'5 MP',,b'Up to 31 h 20 min (2G) / Up to 23 h 40 min (3G)',b'Up to 936 h (2G) / Up to 936 h (3G)',,,,,,,,,,,b'eMMC 4.5',,,,"b'Contrast ratio: 1119:1 (nominal), 3.065 (sunlight)'",,b'Endurance rating 74h',,b'Voice 72dB / Noise 67dB / Ring 73dB',b'Noise -93.0dB / Crosstalk -94.4dB'
b'microsoft',b'Microsoft Lumia 640 XL LTE',b'https://fdn2.gsmarena.com/vv/bigpic/nokia-lumia-640-xl-4g.jpg',b'GSM / HSPA / LTE',b'GSM 850 / 900 / 1800 / 1900',b'HSDPA 850 / 900 / 2100',"b'1, 3, 7, 8, 20'","b'HSPA 42.2/5.76 Mbps, LTE Cat4 150/50 Mbps'","b'2015, March. Released 2015, April'",b'Discontinued',b'157.9 x 81.5 x 9 mm (6.22 x 3.21 x 0.35 in)',b'171 g (6.03 oz)',b'Micro-SIM',b'IPS LCD',"b'5.7 inches, 88.9 cm2 (~69.1% screen-to-body ratio)'","b'720 x 1280 pixels, 16:9 ratio (~259 ppi density)'",b'Corning Gorilla Glass 3',"b'Microsoft Windows Phone 8.1, upgradable to Microsoft Windows 10'",b'Qualcomm MSM8226 Snapdragon 400 (28 nm)',b'Quad-core 1.2 GHz Cortex-A7',b'Adreno 305',b'microSDXC (dedicated slot)',b'8GB 1GB RAM',b'ClearBlack display',,"b'Zeiss optics, LED flash'",b'1080p@30fps',"b'13 MP, f/2.0, 28mm (wide), 1/3"", AF'",b'1080p@30fps',b'Yes',b'Yes',"b'Wi-Fi 802.11 b/g/n, DLNA, hotspot'","b'4.0, A2DP'","b'Yes, with A-GPS, GLONASS, BDS'",b'Yes',b'FM radio',b'microUSB 2.0',"b'Accelerometer, proximity, compass, sensor core'","b'Li-Ion 3000 mAh, removable'",,"b'Matte cyan, Orange, Black, Matte white, Glossy white'",,,b'About 200 EUR',,,b'5 MP',,b'Up to 30 h 20 min (2G) / Up to 24 h (3G)',b'Up to 888 h (2G) / Up to 888 h (3G)',,,,,,,,,,,b'eMMC 4.5',,,,"b'Contrast ratio: 1119:1 (nominal), 3.065 (sunlight)'",,b'Endurance rating 74h',,b'Voice 72dB / Noise 67dB / Ring 73dB',b'Noise -93.0dB / Crosstalk -94.4dB'
b'microsoft',b'Microsoft Lumia 640 XL Dual SIM',b'https://fdn2.gsmarena.com/vv/bigpic/nokia-lumia-640-xl-3g-ds.jpg',b'GSM / HSPA',b'GSM 850 / 900 / 1800 / 1900 - SIM 1 & SIM 2',b'HSDPA 850 / 900 / 1900 / 2100',,b'HSPA 42.2/5.76 Mbps',"b'2015, March. Released 2015, April'",b'Discontinued',b'157.9 x 81.5 x 9 mm (6.22 x 3.21 x 0.35 in)',b'171 g (6.03 oz)',"b'Dual SIM (Micro-SIM, dual stand-by)'",b'IPS LCD',"b'5.7 inches, 88.9 cm2 (~69.1% screen-to-body ratio)'","b'720 x 1280 pixels, 16:9 ratio (~259 ppi density)'",b'Corning Gorilla Glass 3',"b'Microsoft Windows Phone 8.1, upgradable to Microsoft Windows 10'",b'Qualcomm MSM8226 Snapdragon 400 (28 nm)',b'Quad-core 1.2 GHz Cortex-A7',b'Adreno 305',b'microSDXC (dedicated slot)',b'8GB 1GB RAM',b'ClearBlack display',,"b'Zeiss optics, LED flash'",b'1080p@30fps',"b'13 MP, f/2.0, 28mm (wide), 1/3"", AF'",b'1080p@30fps',b'Yes',b'Yes',"b'Wi-Fi 802.11 b/g/n, DLNA, hotspot'","b'4.0, A2DP'","b'Yes, with A-GPS, GLONASS, BDS'",b'Yes',b'FM radio',b'microUSB 2.0',"b'Accelerometer, proximity, compass, sensor core'","b'Li-Ion 3000 mAh, removable'",,"b'Matte cyan, Orange, Black, Matte white, Glossy white'",,,b'About 170 EUR',,,b'5 MP',,b'Up to 31 h 20 min (2G) / Up to 23 h 40 min (3G)',b'Up to 936 h (2G) / Up to 936 h (3G)',,,,,,,,,,,b'eMMC 4.5',,,,"b'Contrast ratio: 1119:1 (nominal), 3.065 (sunlight)'",b'Photo / Video',b'Endurance rating 74h',,b'Voice 72dB / Noise 67dB / Ring 73dB',b'Noise -93.0dB / Crosstalk -94.4dB'
b'microsoft',b'Microsoft Lumia 640 XL',b'https://fdn2.gsmarena.com/vv/bigpic/nokia-lumia-640-xl-3g.jpg',b'GSM / HSPA',b'GSM 850 / 900 / 1800 / 1900',b'HSDPA 850 / 900 / 1900 / 2100',,b'HSPA 42.2/5.76 Mbps',"b'2015, March. Released 2015, April'",b'Discontinued',b'157.9 x 81.5 x 9 mm (6.22 x 3.21 x 0.35 in)',b'171 g (6.03 oz)',b'Micro-SIM',b'IPS LCD',"b'5.7 inches, 88.9 cm2 (~69.1% screen-to-body ratio)'","b'720 x 1280 pixels, 16:9 ratio (~259 ppi density)'",b'Corning Gorilla Glass 3',"b'Microsoft Windows Phone 8.1, upgradable to Microsoft Windows 10'",b'Qualcomm MSM8226 Snapdragon 400 (28 nm)',b'Quad-core 1.2 GHz Cortex-A7',b'Adreno 305',b'microSDXC (dedicated slot)',b'8GB 1GB RAM',b'ClearBlack display',,"b'Zeiss optics, LED flash'",b'1080p@30fps',"b'13 MP, f/2.0, 28mm (wide), 1/3"", AF'",b'1080p@30fps',b'Yes',b'Yes',"b'Wi-Fi 802.11 b/g/n, DLNA, hotspot'","b'4.0, A2DP'","b'Yes, with A-GPS, GLONASS, BDS'",b'Yes',b'FM radio',b'microUSB 2.0',"b'Accelerometer, proximity, compass, sensor core'","b'Li-Ion 3000 mAh, removable'",,"b'Matte cyan, Orange, Black, Matte white, Glossy white'",,,b'About 170 EUR',,,b'5 MP',,b'Up to 31 h 20 min (2G) / Up to 23 h 40 min (3G)',b'Up to 936 h (2G) / Up to 936 h (3G)',,,,,,,,,,,b'eMMC 4.5',,,,"b'Contrast ratio: 1119:1 (nominal), 3.065 (sunlight)'",,b'Endurance rating 74h',,,b'Noise -93.0dB / Crosstalk -94.4dB'
b'microsoft',b'Microsoft Lumia 640 LTE Dual SIM',b'https://fdn2.gsmarena.com/vv/bigpic/nokia-lumia-640-4g-ds.jpg',b'GSM / HSPA / LTE',b'GSM 850 / 900 / 1800 / 1900 - SIM 1 & SIM 2',b'HSDPA 850 / 900 / 1700 / 1900 / 2100',"b'1, 2, 3, 4, 5, 7, 8, 12, 17, 20, 28, 38, 40'","b'HSPA 42.2/5.76 Mbps, LTE Cat4 150/50 Mbps'","b'2015, March. Released 2015, April'",b'Discontinued',b'141.3 x 72.2 x 8.8 mm (5.56 x 2.84 x 0.35 in)',b'145 g (5.11 oz)',"b'Dual SIM (Micro-SIM, dual stand-by)'",b'IPS LCD',"b'5.0 inches, 68.9 cm2 (~67.6% screen-to-body ratio)'","b'720 x 1280 pixels, 16:9 ratio (~294 ppi density)'",b'Corning Gorilla Glass 3',"b'Microsoft Windows Phone 8.1, upgradable to Microsoft Windows 10'",b'Qualcomm MSM8926 Snapdragon 400 (28 nm)',b'Quad-core 1.2 GHz Cortex-A7',b'Adreno 305',b'microSDXC (dedicated slot)',b'8GB 1GB RAM',b'ClearBlack display',,b'LED flash',b'1080p@30fps',"b'8 MP, f/2.2, 28mm (wide), 1/4.0"", AF'",b'720p',b'Yes',b'Yes',"b'Wi-Fi 802.11 b/g/n, DLNA, hotspot'","b'4.0, A2DP'","b'Yes, with A-GPS, GLONASS, BDS'",b'Yes',b'FM radio',b'microUSB 2.0',"b'Accelerometer, proximity, compass'","b'Li-Ion 2500 mAh, removable'",,"b'Glossy cyan, Orange, White, Matte black'",,,b'About 150 EUR',,,b'1 MP',,b'Up to 26 h 30 min (2G) / Up to 17 h 30 min (3G)',b'Up to 864 h (2G) / Up to 864 h (3G)',,,,,,,,,,,b'eMMC 4.5',,,,"b'Contrast ratio: 1034 (nominal),  2.563 (sunlight)'",,b'Endurance rating 76h',,b'Voice 70dB / Noise 65dB / Ring 75dB',b'Noise -93.1dB / Crosstalk -93.2dB'
b'microsoft',b'Microsoft Lumia 640 LTE',b'https://fdn2.gsmarena.com/vv/bigpic/nokia-lumia-640-4g.jpg',b'GSM / HSPA / LTE',b'GSM 850 / 900 / 1800 / 1900',b'HSDPA 850 / 900 / 2100',"b'1, 3, 7, 8, 20'","b'HSPA 42.2/5.76 Mbps, LTE Cat4 150/50 Mbps'","b'2015, March. Released 2015, April'",b'Discontinued',b'141.3 x 72.2 x 8.8 mm (5.56 x 2.84 x 0.35 in)',b'145 g (5.11 oz)',b'Micro-SIM',b'IPS LCD',"b'5.0 inches, 68.9 cm2 (~67.6% screen-to-body ratio)'","b'720 x 1280 pixels, 16:9 ratio (~294 ppi density)'",b'Corning Gorilla Glass 3',"b'Microsoft Windows Phone 8.1, upgradable to Microsoft Windows 10'",b'Qualcomm MSM8926 Snapdragon 400 (28 nm)',b'Quad-core 1.2 GHz Cortex-A7',b'Adreno 305',b'microSDXC (dedicated slot)',b'8GB 1GB RAM',b'HSDPA 850 / 1700(AWS) / 1900 / 2100 - T-Mobile',,b'LED flash',b'1080p@30fps',"b'8 MP, f/2.2, 28mm (wide), 1/4.0"", AF'",b'720p',b'Yes',b'Yes',"b'Wi-Fi 802.11 b/g/n, DLNA, hotspot'","b'4.0, A2DP'","b'Yes, with A-GPS, GLONASS, BDS'",b'Yes',b'FM radio',b'microUSB 2.0',"b'Accelerometer, proximity, compass'","b'Li-Ion 2500 mAh, removable'",,"b'Glossy cyan, Orange, White, Matte black'",,,b'About 120 EUR',,,b'1 MP',,b'Up to 26 h 30 min (2G) / Up to 17 h 30 min (3G)',b'Up to 864 h (2G) / Up to 864 h (3G)',,,,,,,,,,,"b'1, 2, 4, 5, 7, 12, 17 - T-Mobile'",b'eMMC 4.5',,,"b'Contrast ratio: 1034 (nominal),  2.563 (sunlight)'",b'Photo / Video',b'Endurance rating 76h',,b'Voice 70dB / Noise 65dB / Ring 75dB',b'Noise -93.1dB / Crosstalk -93.2dB'
b'microsoft',b'Microsoft Lumia 640 Dual SIM',b'https://fdn2.gsmarena.com/vv/bigpic/nokia-lumia-640-3g-ds.jpg',b'GSM / HSPA',b'GSM 850 / 900 / 1800 / 1900 - SIM 1 & SIM 2',b'HSDPA 850 / 900 / 1900 / 2100',,b'HSPA 42.2/5.76 Mbps',"b'2015, March. Released 2015, April'",b'Discontinued',b'141.3 x 72.2 x 8.8 mm (5.56 x 2.84 x 0.35 in)',b'145 g (5.11 oz)',"b'Dual SIM (Micro-SIM, dual stand-by)'",b'IPS LCD',"b'5.0 inches, 68.9 cm2 (~67.6% screen-to-body ratio)'","b'720 x 1280 pixels, 16:9 ratio (~294 ppi density)'",b'Corning Gorilla Glass 3',"b'Microsoft Windows Phone 8.1, upgradable to Microsoft Windows 10'",b'Qualcomm MSM8926 Snapdragon 400 (28 nm)',b'Quad-core 1.2 GHz Cortex-A7',b'Adreno 305',b'microSDXC (dedicated slot)',b'8GB 1GB RAM',b'ClearBlack display',,b'LED flash',b'1080p@30fps',"b'8 MP, f/2.2, 28mm (wide), 1/4.0"", AF'",b'720p',b'Yes',b'Yes',"b'Wi-Fi 802.11 b/g/n, DLNA, hotspot'","b'4.0, A2DP'","b'Yes, with A-GPS, GLONASS, BDS'",b'No',b'FM radio',b'microUSB 2.0',"b'Accelerometer, proximity, compass'","b'Li-Ion 2500 mAh, removable'",,"b'Glossy cyan, Orange, White, Matte black'",,,b'About 170 EUR',,,b'1 MP',,b'Up to 27 h 30 min (2G) / Up to 20 h 30 min (3G)',b'Up to 840 h (2G) / Up to 840 h (3G)',,,,,,,,,,,b'eMMC 4.5',,,,"b'Contrast ratio: 1034 (nominal),  2.563 (sunlight)'",,b'Endurance rating 76h',,b'Voice 70dB / Noise 65dB / Ring 75dB',b'Noise -93.1dB / Crosstalk -93.2dB'
b'microsoft',b'Microsoft Lumia 532 Dual SIM',b'https://fdn2.gsmarena.com/vv/bigpic/microsoft-lumia-532.jpg',b'GSM / HSPA',b'GSM 850 / 900 / 1800 / 1900 - SIM 1 & SIM 2',b'HSDPA 900 / 2100',,b'HSPA 42.2/5.76 Mbps',"b'2015, January. Released 2015, February'",b'Discontinued',b'118.9 x 65.5 x 11.6 mm (4.68 x 2.58 x 0.46 in)',b'136.3 g (4.80 oz)',"b'Dual SIM (Micro-SIM, dual stand-by)'","b'IPS LCD,'","b'4.0 inches, 45.5 cm2 (~58.5% screen-to-body ratio)'","b'480 x 800 pixels, 5:3 ratio (~233 ppi density)'",,b'Microsoft Windows Phone 8.1',b'Qualcomm MSM8212 Snapdragon 200 (28 nm)',b'Quad-core 1.2 GHz Cortex-A7',b'Adreno 302',b'microSDXC (dedicated slot)',b'8GB 1GB RAM',b'eMMC 4.5',,,b'480p@30fps',"b'5 MP, f/2.4, 28mm (wide), 1/4.0""'",b'480p',b'Yes',b'Yes',"b'Wi-Fi 802.11 b/g/n, hotspot'","b'4.0, A2DP'","b'A-GPS, GLONASS'",b'No',"b'FM radio, RDS'",b'microUSB 2.0',"b'Accelerometer, proximity'","b'Li-Ion 1560 mAh, removable'",,"b'Black, White, Green, Orange'",,,b'About 90 EUR',,,b'VGA',,b'Up to 21 h (2G) / Up to 12 h (3G)',b'Up to 528 h (2G) / Up to 528 h (3G)',,b'Up to 61 h',,,,,,,,,,,,,,b'Photo',b'Endurance rating 60h',,,
b'microsoft',b'Microsoft Lumia 532',b'https://fdn2.gsmarena.com/vv/bigpic/microsoft-lumia-532.jpg',b'GSM / HSPA',b'GSM 850 / 900 / 1800 / 1900',b'HSDPA 850 / 900 / 1900 / 2100',,b'HSPA 42.2/5.76 Mbps',"b'2015, January. Released 2015, February'",b'Discontinued',b'118.9 x 65.5 x 11.6 mm (4.68 x 2.58 x 0.46 in)',b'136.3 g (4.80 oz)',b'Micro-SIM',"b'IPS LCD,'","b'4.0 inches, 45.5 cm2 (~58.5% screen-to-body ratio)'","b'480 x 800 pixels, 5:3 ratio (~233 ppi density)'",,b'Microsoft Windows Phone 8.1',b'Qualcomm MSM8212 Snapdragon 200 (28 nm)',b'Quad-core 1.2 GHz Cortex-A7',b'Adreno 302',b'microSDXC (dedicated slot)',b'8GB 1GB RAM',b'eMMC 4.5',,,b'480p@30fps',"b'5 MP, f/2.4, 28mm (wide)'",b'480p',b'Yes',b'Yes',"b'Wi-Fi 802.11 b/g/n, hotspot'","b'4.0, A2DP'","b'A-GPS, GLONASS'",b'No',"b'FM radio, RDS'",b'microUSB 2.0',"b'Accelerometer, proximity'","b'Li-Ion 1560 mAh, removable'",,"b'Black, White, Green, Orange'",,,b'About 90 EUR',,,b'VGA',,b'Up to 21 h (2G) / Up to 12 h (3G)',b'Up to 528 h (2G) / Up to 528 h (3G)',,b'Up to 61 h',,,,,,,,,,,,,,,b'Endurance rating 55h',,,
b'microsoft',b'Microsoft Lumia 435 Dual SIM',b'https://fdn2.gsmarena.com/vv/bigpic/microsoft-lumia-435.jpg',b'GSM / HSPA',b'GSM 850 / 900 / 1800 / 1900 - SIM 1 & SIM 2',b'HSDPA 900 / 2100',,b'HSPA 42.2/5.76 Mbps',"b'2015, January. Released 2015, February'",b'Discontinued',b'118.1 x 64.7 x 11.7 mm (4.65 x 2.55 x 0.46 in)',b'134.1 g (4.73 oz)',"b'Dual SIM (Micro-SIM, dual stand-by)'","b'IPS LCD,'","b'4.0 inches, 45.5 cm2 (~59.6% screen-to-body ratio)'","b'480 x 800 pixels, 5:3 ratio (~233 ppi density)'",,"b'Microsoft Windows Phone 8.1, upgradable to Windows 10'",b'Qualcomm MSM8210 Snapdragon 200 (28 nm)',b'Dual-core 1.2 GHz Cortex-A7',b'Adreno 302',b'microSDXC (dedicated slot)',b'8GB 1GB RAM',b'eMMC 4.5',,,b'480p@30fps',"b'2 MP, f/2.7, 36mm (standard), 1/5.0""'",b'480p',b'Yes',b'Yes',"b'Wi-Fi 802.11 b/g/n, hotspot'","b'4.0, A2DP'","b'A-GPS, GLONASS'",b'No',"b'FM radio, RDS'",b'microUSB 2.0',"b'Accelerometer, proximity'","b'Li-Ion 1560 mAh, removable'",,"b'Black, White, Green, Orange'",,b'1.05 W/kg (head) \xc2\xa0 \xc2\xa0 0.57 W/kg (body)',b'About 70 EUR',,,b'VGA',,b'Up to 21 h (2G) / Up to 11 h 45 min (3G)',b'Up to 504 h (2G) / Up to 504 h (3G)',,b'Up to 64 h',b'0.58 W/kg (head) \xc2\xa0 \xc2\xa0 0.54 W/kg (body)',,,,,,,,,,,,,,b'Endurance rating 64h',,,
b'microsoft',b'Microsoft Lumia 435',b'https://fdn2.gsmarena.com/vv/bigpic/microsoft-lumia-435.jpg',b'GSM / HSPA',b'GSM 850 / 900 / 1800 / 1900',b'HSDPA 900 / 2100',,b'HSPA 42.2/5.76 Mbps',"b'2015, January. Released 2015, March'",b'Discontinued',b'118.1 x 64.7 x 11.7 mm (4.65 x 2.55 x 0.46 in)',b'134.1 g (4.73 oz)',b'Micro-SIM',"b'IPS LCD,'","b'4.0 inches, 45.5 cm2 (~59.6% screen-to-body ratio)'","b'480 x 800 pixels, 5:3 ratio (~233 ppi density)'",,"b'Microsoft Windows Phone 8.1, upgradable to Windows 10'",b'Qualcomm MSM8210 Snapdragon 200 (28 nm)',b'Dual-core 1.2 GHz Cortex-A7',b'Adreno 302',b'microSDXC (dedicated slot)',b'8GB 1GB RAM',b'eMMC 4.5',,,b'480p@30fps',"b'2 MP, f/2.7, 36mm (standard), 1/5.0""'",b'480p',b'Yes',b'Yes',"b'Wi-Fi 802.11 b/g/n, hotspot'","b'4.0, A2DP'","b'A-GPS, GLONASS'",b'No',"b'FM radio, RDS'",b'microUSB 2.0',"b'Accelerometer, proximity'","b'Li-Ion 1560 mAh, removable'",,"b'Black, White, Green, Orange'",,b'0.81 W/kg (head) \xc2\xa0 \xc2\xa0 0.53 W/kg (body)',b'About 70 EUR',,,b'VGA',,b'Up to 21 h (2G) / Up to 11 h 45 min (3G)',b'Up to 504 h (2G) / Up to 504 h (3G)',,b'Up to 64 h',b'0.58 W/kg (head) \xc2\xa0 \xc2\xa0 0.54 W/kg (body)',,,,,,,,,,,,,,b'Endurance rating 58h',,,
b'microsoft',b'Microsoft Lumia 535 Dual SIM',b'https://fdn2.gsmarena.com/vv/bigpic/nokia-lumia-535-ds.jpg',b'GSM / HSPA',b'GSM 850 / 900 / 1800 / 1900',b'HSDPA 900 / 2100 - RM-1090',,b'HSPA 42.2/5.76 Mbps',"b'2014, November. Released 2014, December'",b'Discontinued',b'140.2 x 72.4 x 8.8 mm (5.52 x 2.85 x 0.35 in)',b'146 g (5.15 oz)',"b'Dual SIM (Micro-SIM, dual stand-by)'",b'IPS LCD',"b'5.0 inches, 68.9 cm2 (~67.9% screen-to-body ratio)'","b'540 x 960 pixels, 16:9 ratio (~220 ppi density)'",b'Corning Gorilla Glass 3',b'Microsoft Windows Phone 8.1',b'Qualcomm Snapdragon 200 (28 nm)',b'Quad-core 1.2 GHz Cortex-A7',b'Adreno 302',b'microSDXC (dedicated slot)',b'8GB 1GB RAM',b'HSDPA 850 / 900 / 1900 / 2100 - RM-1092',,b'LED flash',b'480p@30fps',"b'5 MP, f/2.4, 28mm (wide), 1/4.0"", AF'",b'',b'Yes',b'Yes',"b'Wi-Fi 802.11 b/g/n, DLNA, hotspot'","b'4.0, A2DP, LE, aptX'","b'Yes, with A-GPS, GLONASS'",b'No',b'FM radio',b'microUSB 2.0',"b'Accelerometer, proximity'","b'Li-Ion 1905 mAh, removable (BL-L4A)'",,"b'Orange, green, white, black, gray, blue'",,b'0.49 W/kg (head) \xc2\xa0 \xc2\xa0 0.44 W/kg (body)',b'About 80 EUR',,,b'5 MP',,b'Up to 11 h (2G) / Up to 13 h (3G)',b'Up to 336 h',,b'Up to 78 h',b'0.60 W/kg (head) \xc2\xa0 \xc2\xa0 0.55 W/kg (body)',,,,,,,,b'eMMC 4.5',,,,,b'Photo',b'Endurance rating 44h',,b'Voice 66dB / Noise 64dB / Ring 71dB',b'Noise -93.9dB / Crosstalk -94.2dB'
b'microsoft',b'Microsoft Lumia 535',b'https://fdn2.gsmarena.com/vv/bigpic/nokia-lumia-535.jpg',b'GSM / HSPA',b'GSM 850 / 900 / 1800 / 1900',b'HSDPA 900 / 2100',,b'HSPA 42.2/5.76 Mbps',"b'2014, November. Released 2014, December'",b'Discontinued',b'140.2 x 72.4 x 8.8 mm (5.52 x 2.85 x 0.35 in)',b'146 g (5.15 oz)',b'Micro-SIM',b'IPS LCD',"b'5.0 inches, 68.9 cm2 (~67.9% screen-to-body ratio)'","b'540 x 960 pixels, 16:9 ratio (~220 ppi density)'",b'Corning Gorilla Glass 3',"b'Microsoft Windows Phone 8.1, upgradable to Microsoft Windows 10'",b'Qualcomm Snapdragon 200 (28 nm)',b'Quad-core 1.2 GHz Cortex-A7',b'Adreno 302',b'microSDXC (dedicated slot)',b'8GB 1GB RAM',b'eMMC 4.5',,b'LED flash',b'480p@30fps',"b'5 MP, f/2.4, 28mm (wide), 1/4.0"", AF'",b'720p',b'Yes',b'Yes',"b'Wi-Fi 802.11 b/g/n, DLNA, hotspot'","b'4.0, A2DP, LE, aptX'","b'Yes, with A-GPS, GLONASS'",b'No',b'FM radio',b'microUSB 2.0',"b'Accelerometer, proximity'","b'Li-Ion 1905 mAh, removable (BL-L4A)'",,"b'Orange, green, white, black, gray, blue'",,b'0.46 W/kg (head) \xc2\xa0 \xc2\xa0 0.38 W/kg (body)',b'About 80 EUR',,,b'5 MP',,b'Up to 11 h (2G) / Up to 13 h (3G)',b'Up to 552 h',,b'Up to 78 h',b'0.62 W/kg (head) \xc2\xa0 \xc2\xa0 0.57 W/kg (body)',,,,,,,,,,,,,,,,,
b'microsoft',b'Microsoft Surface 2',b'https://fdn2.gsmarena.com/vv/bigpic/microsoft-surface-2.jpg',b'No cellular connectivity',b'N/A',,,,"b'2013, September. Released 2013, October'",b'Discontinued',b'274.6 x 172.5 x 8.9 mm (10.81 x 6.79 x 0.35 in)',b'675.9 g (1.49 lb)',b'No',b'TFT',"b'10.6 inches, 309.8 cm2 (~65.4% screen-to-body ratio)'","b'1920 x 1080 pixels, 16:9 ratio (~208 ppi density)'",,b'Microsoft Windows RT',b'Nvidia Tegra 4 T40',b'Quad-core 1.7 GHz Cortex-A15',b'ULP GeForce (72 cores)',b'microSDXC (dedicated slot)',"b'32GB 2GB RAM, 64GB 2GB RAM'",b'Built-in 2-stage kickstand',,b'LED flash',b'1080p@30fps',"b'5 MP, AF'",b'1080p@30fps',"b'Yes, with stereo speakers'",b'Yes',"b'Wi-Fi 802.11 a/b/g/n, dual-band, Wi-Fi Direct'","b'4.0, A2DP'",b'No',b'No',b'No',"b'USB 3.0, USB On-The-Go'","b'Accelerometer, gyro, compass'","b'Li-Ion, non-removable'",,b'Dark Titanium',,,b'About 330 EUR',,,b'3.5 MP',,,,,,,b'No',b'No',,,,,,b'ClearType technology',b'TV-out via HDMI port MP4/DivX/XviD/WMV/H.264 player MP3/WAV/eAAC+/FLAC player Photo viewer/editor Microsoft Office 2013 RT  SkyDrive (200 GB cloud storage) Skype free international calls and Wi-Fi for 1 year',,,,,,,,
b'microsoft',b'Microsoft Surface',b'https://fdn2.gsmarena.com/vv/bigpic/microsoft-surface.jpg',b'No cellular connectivity',b'N/A',,,,"b'2012, October. Released 2012, November'",b'Discontinued',b'274.6 x 172 x 9.4 mm (10.81 x 6.77 x 0.37 in)',b'680.4 g (1.50 lb)',b'No',b'TFT',"b'10.6 inches, 309.7 cm2 (~65.6% screen-to-body ratio)'","b'1366 x 768 pixels, 16:9 ratio (~148 ppi density)'",,b'Microsoft Windows RT',b'Nvidia Tegra 3 T30',b'Quad-core 1.3 GHz Cortex-A9',b'ULP GeForce',b'microSDXC (dedicated slot)',"b'32GB 2GB RAM, 64GB 2GB RAM'",b'Built-in kickstand',,,b'720p',b'1.2 MP',b'720p@30fps',"b'Yes, with stereo speakers'",b'Yes',"b'Wi-Fi 802.11 a/b/g/n, dual-band, Wi-Fi Direct'","b'4.0, A2DP'",b'No',b'No',b'No',"b'USB 2.0, USB On-The-Go'","b'Accelerometer, gyro, compass'","b'Li-Ion battery, non-removable (31.5 Wh)'",,b'Dark Titanium',,,b'About 260 EUR',,,b'1.2 MP',,b'Up to 8 h',b'Up to 360 h',,,,b'No',b'No',,,,,,b'ClearType technology',b'TV-out MP4/DivX/XviD/WMV/H.264 player MP3/WAV/eAAC+/FLAC player Photo viewer/editor Microsoft Office 2013 RT',,,b'Contrast ratio: 1324:1 (nominal)',,,,,b'Noise -82.6dB / Crosstalk -81.7dB'
b'microsoft',b'Microsoft Kin TWOm',b'https://fdn2.gsmarena.com/vv/bigpic/kin-twom.jpg',b'CDMA / EVDO',b'CDMA 800 / 1900',b'CDMA2000 1xEV-DO',,b'EV-DO Rev.A 3.1 Mbps',"b'2010, November. Released 2010, November'",b'Discontinued',b'111.3 x 59.9 x 16.3 mm (4.38 x 2.36 x 0.64 in)',b'133 g (4.69 oz)',b'Mini-SIM',b'TFT',"b'3.4 inches, 34.4 cm2 (~51.6% screen-to-body ratio)'","b'320 x 480 pixels, 3:2 ratio (~170 ppi density)'",,,b'Nvidia Tegra',b'600MHz ARM 11',,b'No',b'8GB 256MB RAM',b'No',,b'LED flash',b'720p',"b'8 MP, AF'",,"b'Yes, with stereo speakers'",b'Yes',b'Wi-Fi 802.11 b/g',"b'2.1, A2DP'",b'No',,"b'Stereo FM radio, RDS'",b'microUSB 2.0',"b'Accelerometer, proximity'",b'Removable Li-Ion battery',,b'Black',,b'1.29 W/kg (head) \xc2\xa0 \xc2\xa0 0.76 W/kg (body)',b'About 160 EUR',,,,,b'Up to 6 h',b'Up to 232 h',,,,,,"b'Practically unlimited entries and fields, Photocal'",b'Practically unlimited',"b'SMS(threaded view), MMS, Email, Push Email'",b'No',"b'Yes, MIDP 2.0'","b'SNS integration MP3/WAV/WMA/eAAC+ player MP4/WMV/H.264 player MS Office (Word, Excel, PowerPoint, OneNote, PDF viewer) Voice memo/dial/commands Predictive text input'",,b'QWERTY',"b'WAP 2.0/xHTML, HTML'",,,,,,
b'microsoft',b'Microsoft Kin ONEm',b'https://fdn2.gsmarena.com/vv/bigpic/kin-onem.jpg',b'CDMA / EVDO',b'CDMA 800 / 1900',b'CDMA2000 1xEV-DO',,b'EV-DO Rev.A 3.1 Mbps',"b'2010, November. Released 2010, November'",b'Discontinued',b'84.1 x 67.6 x 18.5 mm (3.31 x 2.66 x 0.73 in)',b'110.6 (3.88 oz)',b'Mini-SIM',b'TFT',"b'2.6 inches, 20.9 cm2 (~36.8% screen-to-body ratio)'","b'320 x 240 pixels, 4:3 ratio (~154 ppi density)'",,,b'Nvidia Tegra',b'600MHz ARM 11',,b'No',b'4GB 256MB RAM',b'No',,b'Dual-LED flash',b'480p@30fps',"b'5 MP, AF'",,b'Yes',b'Yes',b'Wi-Fi 802.11 b/g',"b'2.1, A2DP'","b'Yes, with A-GPS'",,"b'Stereo FM radio, RDS'",b'microUSB 2.0',"b'Accelerometer, proximity'",b'Removable Li-Ion 1240 mAh battery',,b'Black',,b'1.38 W/kg (head) \xc2\xa0 \xc2\xa0 0.49 W/kg (body)',b'About 90 EUR',,,,,b'Up to 5 h 40 min',b'Up to 210 h',,,,,,"b'Practically unlimited entries and fields, Photocal'",b'Practically unlimited',"b'SMS(threaded view), MMS, Email, Push Email'",b'Yes + downloadable',"b'Yes, MIDP 2.1'","b'MP3/WAV/WMA/eAAC+ player MP4/WMV/H.264 player Facebook and Twitter integration YouTube client MS Office (Word, Excel, PowerPoint, OneNote, PDF viewer) Voice memo Predictive text input'",,b'QWERTY',"b'WAP 2.0/xHTML, HTML'",,,,,,
b'microsoft',b'Microsoft Kin Two',b'https://fdn2.gsmarena.com/vv/bigpic/microsoft-kin-two-new.jpg',b'GSM / HSPA',b'GSM 850 / 900 / 1800 / 1900',b'HSDPA 900 / 2100',,b'HSPA 7.2/2 Mbps',"b'2010, April'",b'Cancelled',b'115.1 x 65.3 x TBC mm',b'-',b'Mini-SIM',b'TFT',"b'3.4 inches, 34.4 cm2 (~45.8% screen-to-body ratio)'","b'320 x 480 pixels, 3:2 ratio (~170 ppi density)'",,,b'Nvidia Tegra',b'600MHz ARM 11',,b'No',b'8GB 256MB RAM',b'',,b'LED flash',b'720p',"b'8 MP, AF'",,"b'Yes, with stereo speakers'",b'Yes',b'Wi-Fi 802.11 b/g',"b'2.1, A2DP'","b'Yes, with A-GPS'",,"b'Stereo FM radio, RDS'",b'microUSB 2.0',"b'Accelerometer, proximity'",b'Removable Li-Ion 1390 mAh battery',,b'Black',,,b'About 330 EUR',,,,,,b'Up to 232 h',,,,,,"b'Practically unlimited entries and fields, Photocal'",b'Practically unlimited',"b'SMS(threaded view), MMS, Email, Push Email'",b'Yes + downloadable',"b'Yes, MIDP 2.1'",b'No',"b'MP3/WAV/WMA/eAAC+ player MP4/WMV/H.264 player Facebook and Twitter integration YouTube client MS Office (Word, Excel, PowerPoint, OneNote, PDF viewer) Voice memo Predictive text input'",b'QWERTY',"b'WAP 2.0/xHTML, HTML'",,,,,,
b'microsoft',b'Microsoft Kin One',b'https://fdn2.gsmarena.com/vv/bigpic/microsoft-kin-one-new.jpg',b'GSM / HSPA',b'GSM 850 / 900 / 1800 / 1900',b'HSDPA 900 / 2100',,b'HSPA 7.2/2 Mbps',"b'2010, April'",b'Cancelled',b'82.6 x 63.5 x 19.1 mm (3.25 x 2.5 x 0.75 in)',b'110.6 (3.88 oz)',b'Mini-SIM',b'TFT',"b'2.6 inches, 20.9 cm2 (~39.9% screen-to-body ratio)'","b'320 x 240 pixels, 4:3 ratio (~154 ppi density)'",,,b'Nvidia Tegra',b'600MHz ARM 11',,b'No',b'4GB 256MB RAM',b'',,b'Dual-LED flash',b'480p@30fps',"b'5 MP, AF'",,b'Yes',b'Yes',b'Wi-Fi 802.11 b/g',"b'2.1, A2DP'","b'Yes, with A-GPS'",,"b'Stereo FM radio, RDS'",b'microUSB 2.0',"b'Accelerometer, proximity'",b'Removable Li-Ion 1240 mAh battery',,b'Black',,,b'About 290 EUR',,,,,,b'Up to 200 h',,,,,,"b'Practically unlimited entries and fields, Photocal'",b'Practically unlimited',"b'SMS(threaded view), MMS, Email, Push Email'",b'Yes + downloadable',"b'Yes, MIDP 2.1'",b'No',"b'MP3/WAV/WMA/eAAC+ player MP4/WMV/H.264 player Facebook and Twitter integration YouTube client MS Office (Word, Excel, PowerPoint, OneNote, PDF viewer) Voice memo Predictive text input'",b'QWERTY',"b'WAP 2.0/xHTML, HTML'",,,,,,
b'microsoft',b'Microsoft Lumia 850',b'https://fdn2.gsmarena.com/vv/bigpic/microsoft-lumia-850-.jpg',b'GSM / HSPA / LTE',b'GSM 850 / 900 / 1800 / 1900 - SIM 1 & SIM 2 (dual-SIM model only)',b'HSDPA 850 / 900 / 1900 / 2100',b'LTE (unspecified)',"b'HSPA 42.2/5.76 Mbps, LTE Cat4 150/50 Mbps'",b'Not announced yet',b'Cancelled',b'-',b'-',"b'Single SIM (Nano-SIM) or Dual SIM (Nano-SIM, dual stand-by)'",b'IPS LCD',"b'5.0 inches, 68.9 cm2'","b'720 x 1280 pixels, 16:9 ratio (~294 ppi density)'",b'(To be confirmed)',b'Microsoft Windows 10',b'Qualcomm MSM8916 Snapdragon 410 (28 nm)',b'Quad-core 1.2 GHz Cortex-A53',b'Adreno 306',b'microSDXC (dedicated slot)',b'16GB 1GB RAM',b'ClearBlack display',,"b'Carl Zeiss optics, LED flash, panorama'","b'1080p@30fps, stereo sound rec.'","b'10 MP, 1/3.4"", AF, OIS'",b'',b'Yes',b'Yes',"b'Wi-Fi 802.11 a/b/g/n, dual-band, DLNA, hotspot'","b'4.1, A2DP, EDR, LE, aptX'","b'Yes, with A-GPS, GLONASS, BDS'",b'Yes',b'FM radio',b'microUSB 2.0',"b'Accelerometer, gyro, proximity, compass'","b'Li-Ion, removable'",b'Qi wireless charging',b'Black',,,,,b'LED flash',b'2 MP',,,,,,,,,,,,,,b'eMMC 4.5',,,,,,,,,
b'microsoft',b'Microsoft Lumia 1030',b'https://fdn2.gsmarena.com/vv/bigpic/microsoft-lumia-1030r.jpg',b'GSM / HSPA / LTE',b'GSM 850 / 900 / 1800 / 1900 - all versions',b'HSDPA 850 / 900 / 1900 / 2100',"b'1, 3, 7, 8, 20'","b'HSPA 42.2/5.76 Mbps, LTE Cat4 150/50 Mbps'",b'Not announced yet',b'Cancelled',b'-',b'-',b'Nano-SIM',b'AMOLED',"b'5.5 inches, 83.4 cm2'","b'1080 x 1920 pixels, 16:9 ratio (~401 ppi density)'",b'Corning Gorilla Glass 4',b'Microsoft Windows 8.1',,b'Quad-core',,b'microSDXC (dedicated slot)',b'32GB 2GB RAM',b'HSDPA 850 / 900 / 1700 / 1900 / 2100',,"b'Carl Zeiss optics, dual-LED flash, panorama, HDR'","b'4K@30fps, 1080p@30fps, 4x lossless digital zoom'","b'20 MP, 1/1.2"", AF, OIS'",b'1080p@30fps',b'Yes',b'Yes',"b'Wi-Fi 802.11 a/b/g/n, dual-band, DLNA, hotspot'","b'4.0, A2DP, EDR, LE, aptX'","b'Yes, with A-GPS, GLONASS'",b'Yes',"b'Stereo FM radio, RDS'",b'microUSB 2.0',"b'Accelerometer, gyro, proximity, compass, barometer'",b'Li-Ion 2600 mAh battery',,"b'Black, Gray, Silver'",,,,,,b'2 MP',,,,,,,,,,,,,,"b'2, 4, 5, 17'",b'PureMotion HD+ ClearBlack display',,,,,,,,
b'microsoft',b'Microsoft Lumia 1330',b'https://fdn2.gsmarena.com/vv/bigpic/microsoft.jpg',b'GSM / HSPA / LTE',b'GSM 850 / 900 / 1800 / 1900',b'HSDPA 850 / 900 / 2100',"b'3, 7, 20'","b'HSPA 42.2/5.76 Mbps, LTE Cat4 150/50 Mbps'",b'Not announced yet',b'Cancelled',b'-',b'-',b'Micro-SIM',b'IPS LCD',"b'5.7 inches, 89.6 cm2 (~63.5% screen-to-body ratio)'","b'720 x 1280 pixels, 16:9 ratio (~258 ppi density)'",b'Corning Gorilla Glass 4',b'Microsoft Windows Phone 8.1',b'Qualcomm MSM8930AB Snapdragon 400 (28 nm)',b'Dual-core 1.7 GHz Krait 300',b'Adreno 305',b'To be confirmed',b'32GB 1GB RAM',b'ClearBlack display',,"b'LED flash, panorama'",b'1080p@30fps',"b'14 MP, AF'",b'1080p@30fps',b'Yes',b'Yes',"b'Wi-Fi 802.11 b/g/n, hotspot'","b'4.0, A2DP, EDR, LE, aptX'","b'Yes, with A-GPS, GLONASS'",b'No',b'FM radio',b'microUSB 2.0',"b'Accelerometer, proximity, compass'","b'Li-Ion, non-removable'",,"b'Yellow, white, black, red'",,,,,,b'5 MP',,,,,,,,,,,,,,b'eMMC 4.5',,,,,,,,,
