Brand,Model Name,Model Image,Technology,2G bands,,3G bands,_1,4G bands,5G bands,Speed,Announced,Status,Dimensions,Weight,SIM,_1_1,Type,Size,Resolution,OS,Chipset,CPU,GPU,Card slot,Internal,Quad,Features,Video,Dual,Features_1,Video_1,Loudspeaker,3.5mm jack,WLAN,Bluetooth,GPS,NFC,Radio,USB,Sensors,Type_1,Charging,Colors,Price,Triple,Single,128GB 6GB RAM,Build,Models,128GB 4GB RAM,32GB 3GB RAM,64GB 4GB RAM,32GB 2GB RAM,Performance,Display,Camera,Loudspeaker_1,Battery life,Single_1,256GB 8GB RAM,SAR,Protection,256GB 12GB RAM,256GB 6GB RAM,SAR EU,Audio quality,Infrared port,Dual_1,Talk time,Stand-by,GPRS,EDGE,Keyboard,Phonebook,Call records,Messaging,Games,Java,Music play,Browser,Stand-by_1,Talk time_1,Alert types,Languages,Clock,Alarm
b'nec',b'NEC Terrain',b'https://fdn2.gsmarena.com/vv/bigpic/nec-terrain.jpg',b'GSM / HSPA / LTE',b'GSM 850 / 900 / 1800 / 1900',b'IP67 dust/water resistant (up to 1m for 30 mins) MIL-STD-810G compliant',b'HSDPA 850 / 1900 / 2100',,"b'4, 17'",,"b'HSPA, LTE'","b'2013, June. Released 2013, June'",b'Discontinued',b'127.5 x 64.5 x 14.5 mm (5.02 x 2.54 x 0.57 in)',b'171.8 g (6.07 oz)',b'Yes',,b'TFT',"b'3.1 inches, 29.8 cm2 (~36.2% screen-to-body ratio)'","b'640 x 480 pixels, 4:3 ratio (~258 ppi density)'",b'Android 4.0 (Ice Cream Sandwich)',b'Qualcomm MSM8960 Snapdragon S4 Plus',b'Dual-core 1.5 GHz Krait',b'Adreno 225',b'microSDHC (dedicated slot)',b'8GB 1GB RAM',,b'LED flash',b'720p@30fps',,,b'',"b'Yes, with stereo speakers'",b'Yes',"b'Wi-Fi 802.11 b/g/n, hotspot'","b'4.0, A2DP'","b'Yes, with A-GPS'",b'Yes',b'FM radio',b'microUSB 2.0',"b'Accelerometer, proximity, compass'","b'Li-Ion 1900 mAh, removable'",,b'Black',b'About 330 EUR',,"b'5 MP, AF'",,,,,,,,,,,,,b'VGA',,,b'Corning Gorilla Glass 2',,,,,,,b'Up to 10 h',b'Up to 348 h',,,b'QWERTY',,,,,,,,,,,,,
b'nec',b'NEC 804N',b'https://fdn2.gsmarena.com/vv/bigpic/nec-804N.gif',b'GSM / UMTS',b'GSM 900 / 1800 / 1900',"b'Second external 0.9-inch STN, 65K colors display (96 x 64 pixels)'",b'UMTS 2100',"b'MP3 player with music assist buttons Mail art PC Sync Bilungual menus OR code reading Document viewer (Word, Excel, PowerPoint, PDF) Organizer'",,,"b'Yes, 384 kbps'","b'2006, April'",b'Discontinued',b'93 x 48 x 23 mm (3.66 x 1.89 x 0.91 in)',b'115 g (4.06 oz)',b'Mini-SIM',,"b'TFT, 65K colors'","b'2.2 inches, 15.0 cm2 (~33.6% screen-to-body ratio)'","b'240 x 320 pixels, 4:3 ratio (~182 ppi density)'",,,,,b'microSD (dedicated slot)',b'450MB',,,b'Yes',,,b'',b'Yes',b'No',b'No',b'1.2',b'No',,b'No',b'2.0',b'',b'Removable Li-Ion 720 mAh battery',,"b'Plumeria White, Coral Pink, Lapis Blue'",,,b'2 MP',,,,,,,,,,,,,b'Videocall camera',,,,,,,,,,b'Up to 4 h 20 min',b'Up to 210 h',,,,b'Yes',"b'20 dialed, 20 received, 20 missed calls'","b'SMS, MMS'",b'Downloadable',b'No',,b'WAP 2.0',,,"b'Vibration; Downloadable polyphonic, MP3, MIDI ringtones'",,,
b'nec',b'NEC e1108',b'https://fdn2.gsmarena.com/vv/bigpic/nec-e1108.gif',b'GSM',b'GSM 900 / 1800 / 1900',b'No',,b'MP3 player Predictive text input Organizer',,,,b'2006',b'Discontinued',b'103 x 44 x 18.5 mm (4.06 x 1.73 x 0.73 in)',b'84 g (2.96 oz)',b'Mini-SIM',,"b'TFT, 65K colors'","b'1.8 inches, 10.2 cm2 (~22.5% screen-to-body ratio)'",b'128 x 160 pixels (~114 ppi density)',,,,,b'microSD (dedicated slot)',b'28MB',,,b'Yes',,,,b'Yes',b'No',b'No',b'No',b'No',,b'No',b'Proprietary',b'',b'Removable Li-Ion battery',,"b'Fluorescent Green, Metallic Orange'",,,b'1.3 MP',,,,,,,,,,,,,,,,,,,,,,,b'Up to 2 h 20 min',b'Up to 100 h',b'Class 10',b'No',,b'Yes',"b'20 dialed, 20 received, 20 missed calls'","b'SMS, MMS'",b'Yes',"b'Yes, MIDP 2.0'",,b'WAP 2.0/xHTML',,,"b'Vibration; Downloadable polyphonic, MP3 ringtones'",,,
b'nec',b'NEC N344i',b'https://fdn2.gsmarena.com/vv/bigpic/nec-N344i.gif',b'GSM',b'GSM 900 / 1800 / 1900',b'No',,b'Predictive text input Organizer PC Sync Photo editor Exchangable covers',,,,b'2005',b'Cancelled',b'109 x 47 x 11.9 mm (4.29 x 1.85 x 0.47 in)',b'95 g (3.35 oz)',b'Mini-SIM',,"b'TFT, 65K colors'","b'1.8 inches, 10.2 cm2 (~19.9% screen-to-body ratio)'",b'128 x 160 pixels (~114 ppi density)',,,,,b'No',b'5MB',,,b'Yes',,,,b'Yes',b'No',b'No',b'Yes',b'No',,b'No',b'Proprietary',b'',b'Removable Li-Ion 720 mAh battery',,b'Black',,,b'VGA',,,,,,,,,,,,,,,,,,,,,,,b'Up to 3 h',b'Up to 200 h',b'Class 10',b'No',,b'Yes',"b'20 dialed, 20 received, 20 missed calls'","b'SMS, MMS, Email'",b'Downloadable',"b'Yes, DoJa 1.5'",,b'i-mode',,,b'Vibration; Downloadable polyphonic ringtones',,,
b'nec',b'NEC e373',b'https://fdn2.gsmarena.com/vv/bigpic/nec-e373.gif',b'GSM / UMTS',b'GSM 900 / 1800 / 1900',b'12 colour led backlight',b'UMTS 2100',b'MP3 player Predictive text input Organizer Voice memo',,,"b'Yes, 384 kbps'","b'2006, May'",b'Discontinued',"b'92 x 44 x 19.2 mm, 78 cc (3.62 x 1.73 x 0.76 in)'",b'90 g (3.17 oz)',b'Mini-SIM',,"b'TFT, 65K colors'","b'1.9 inches, 11.4 cm2 (~28.1% screen-to-body ratio)'",b'176 x 220 pixels (~148 ppi density)',,,,,b'No',b'32MB',,,b'Yes',,,b'',b'Yes',b'No',b'No',b'No',b'No',,b'No',b'Proprietary',b'',b'Removable Li-Ion 1000 mAh battery',,b'Black',,,b'VGA',,,,,,,,,,,,,b'VGA videocall camera',,,,,,,,,,b'Up to 3 h 40 min',b'Up to 250 h',,,,"b'500 entries, Photocall'","b'20 dialed, 20 received, 20 missed calls'","b'SMS, MMS'",b'Downloadable',"b'Yes, MIDP 2.0'",,b'WAP 2.0/xHTML',,,b'Vibration; Downloadable polyphonic ringtones',,,
b'nec',b'NEC e636',b'https://fdn2.gsmarena.com/vv/bigpic/nec-e636.gif',b'GSM / UMTS',b'GSM 900 / 1800 / 1900',b'Second external mono OLED display',b'UMTS 2100',b'CIF videocall camera',,,"b'Yes, 384 kbps'","b'2006, February'",b'Discontinued',"b'102 x 48 x 13.9 mm, 65 cc (4.02 x 1.89 x 0.55 in)'",b'110 g (3.88 oz)',b'Mini-SIM',b'MP3/AAC/MP4 player Predictive text input Organizer Voice memo SyncML',"b'TFT, 256K colors'","b'2.2 inches, 33 x 45 mm, 15.0 cm2 (~30.6% screen-to-body ratio)'","b'240 x 320 pixels, 4:3 ratio (~182 ppi density)'",,,,,b'miniSD',b'32MB',,,b'Yes',,,,b'No',b'No',b'No',b'Yes',b'No',,b'No',b'Proprietary',b'',b'Removable Li-Ion 900 mAh battery',,b'Black',,,b'2 MP',,,,,,,,,,,,,,,,,,,,,,,b'Up to 4 h',b'Up to 270 h',,,,b'500 entries',"b'20 dialed, 20 received, 20 missed calls'","b'SMS, EMS, MMS, Email'",b'Yes + downloadable',"b'Yes, MIDP 2.0'",,b'WAP 2.0/xHTML',,,b'Vibration; Downloadable polyphonic ringtones',,,
b'nec',b'NEC N500i',b'https://fdn2.gsmarena.com/vv/bigpic/nec-n500i.gif',b'GSM',b'GSM 900 / 1800 / 1900',b'Second external 4096 colors OLED display',,b'No',,,,"b'2006, February'",b'Discontinued',"b'93 x 46 x 25 mm, 80 cc (3.66 x 1.81 x 0.98 in)'",b'99 g (3.49 oz)',b'Mini-SIM',b'MP3/AAC/MP4 player Predictive text input Organizer Voice memo SyncML',"b'TFT, 65K colors'","b'1.9 inches, 30 x 37 mm, 11.4 cm2 (~26.6% screen-to-body ratio)'",b'176 x 220 pixels (~148 ppi density)',,,,,b'No',b'54MB',,b'LED flash',b'Yes',,,,b'No',b'No',b'No',b'Yes',b'No',,b'No',b'Proprietary',b'',b'Removable Li-Ion 850 mAh battery',,b'Black',,,b'1.3 MP',,,,,,,,,,,,,,,,,,,,,,,b'Up to 2 h 50 min',b'Up to 200 h',b'Class 10',b'Class 10',,b'500 entries',"b'20 dialed, 20 received, 20 missed calls'","b'SMS, EMS, MMS, Email'",b'Yes + downloadable',"b'Yes, MIDP 2.0'",,b'i-mode',,,b'Vibration; Downloadable polyphonic ringtones',,,
b'nec',b'NEC N500iS',b'https://fdn2.gsmarena.com/vv/bigpic/nec-n500is.gif',b'GSM',b'GSM 900 / 1800 / 1900',b'Second external mono OLED display (39x96 pixels)',,b'No',,,,"b'2006, February'",b'Discontinued',b'101 x 48 x 13.6 mm (3.98 x 1.89 x 0.54 in)',b'95 g (3.35 oz)',b'Mini-SIM',b'MP3/AAC/MP4 player Predictive text input Organizer Voice memo SyncML',"b'TFT, 65K colors'",b'',"b'176 x 220 pixels, 1.9 inch'",,,,,b'No',b'54MB',,,b'Yes',,,,b'No',b'No',b'No',b'Yes',b'No',,b'No',b'Proprietary',b'',b'Removable Li-Ion 820 mAh battery',,b'Black',,,b'1.3 MP',,,,,,,,,,,,,,,,,,,,,,,b'Up to 3 h',b'Up to 200 h',b'Class 10',b'Class 10',,b'500 entries',"b'20 dialed, 20 received, 20 missed calls'","b'SMS, EMS, MMS, Email'",b'Yes + downloadable',"b'Yes, MIDP 2.0'",,"b'WAP(Nec e959),  iMode(Nec N500iS)'",,,b'Vibration; Downloadable polyphonic ringtones',,,
b'nec',b'NEC N908',b'https://fdn2.gsmarena.com/vv/bigpic/nec-n908.gif',b'GSM',b'GSM 900 / 1800 / 1900',b'Handwriting recognition',,b'No',,,,"b'2006, July'",b'Discontinued',b'83.4 x 53.2 x 12.8 mm (3.28 x 2.09 x 0.50 in)',b'84 g (2.96 oz)',b'Mini-SIM',b'Photo editor MP3 player Stopwatch Unit/Currency converter Calculator',"b'TFT resistive touchscreen, 256K colors'","b'2.2 inches, 15.0 cm2 (~33.8% screen-to-body ratio)'","b'240 x 320 pixels, 4:3 ratio (~182 ppi density)'",,,,,b'microSD (dedicated slot)',b'31MB',,,b'Yes',,,,b'No',b'No',b'No',b'1.2',b'No',,b'No',b'',b'',b'Removable Li-Ion battery',,"b'Silver , Black'",,,b'1.3 MP',,,,,,,,,,,,,,,,,,,,,,,b'Up to 3 h 20 min',b'Up to 100 h',b'Class 10',b'No',,b'Yes',"b'20 dialed, 20 received, 20 missed calls'","b'SMS, MMS, Email'",b'',"b'Yes, MIDP 2.0'",,b'WAP 2.0/xHTML',,,"b'Vibration; Downloadable polyphonic, MP3 ringtones'",,,
b'nec',b'NEC N938',b'https://fdn2.gsmarena.com/vv/bigpic/nec-n938.gif',b'GSM',b'GSM 900 / 1800',b'Handwriting recognition Downloadable pictures',,b'No',,,,"b'2005, Q2'",b'Discontinued',b'87 x 56 x 14 mm (3.43 x 2.20 x 0.55 in)',b'79 g (2.79 oz)',b'Mini-SIM',b'Organizer',"b'TFT resistive touchscreen, 65K colors'",b'',b'176 x 220 pixels',,,,,b'No',b'2MB',,b'LED flash',b'No',,,,b'No',b'No',b'No',b'1.1',b'No',,b'No',b'',b'',b'Removable Li-Ion 550 mAh battery',,b'White',,,b'VGA',,,,,,,,,,,,,,,,,,,,,,,b'Up to 2 h',b'Up to 130 h',b'Yes',b'No',,b'500 entries',"b'20 dialed, 20 received, 20 missed calls'","b'SMS, MMS'",b'',b'Yes',,b'WAP 2.0/xHTML',,,b'Vibration; Downloadable polyphonic ringtones',,,
b'nec',b'NEC e353',b'https://fdn2.gsmarena.com/vv/bigpic/nec-e353.gif',b'GSM / UMTS',b'GSM 900 / 1800 / 1900',b'Downloadable pictures',b'UMTS 2100',b'CIF videocall camera',,,"b'Yes, 384 kbps'","b'2005, Q4'",b'Discontinued',b'117 x 46 x 16 mm (4.61 x 1.81 x 0.63 in)',b'90 g (3.17 oz)',b'Mini-SIM',b'MP3 player Predictive text input Organizer',"b'TFT, 65K colors'",b'',b'176 x 220 pixels',,,,,b'No',b'32MB',,,b'Yes',,,,b'Yes',b'No',b'No',b'No',b'No',,b'No',b'Proprietary',b'',b'Removable Li-Ion 770 mAh battery',,"b'Silver, Black'",,,b'VGA',,,,,,,,,,,,,,,,,,,,,,,b'Up to 3 h',b'Up to 190 h',,,,"b'500 entries, Photocall'","b'20 dialed, 20 received, 20 missed calls'","b'SMS, EMS, MMS'",b'',"b'Yes, MIDP 2.0'",,b'WAP 2.0/xHTML',,,b'Vibration; Downloadable polyphonic ringtones',,,
b'nec',b'NEC e121',b'https://fdn2.gsmarena.com/vv/bigpic/nec-e121.gif',b'GSM',b'GSM 900 / 1800 / 1900',b'Downloadable pictures',,b'No',,,,"b'2005, Q4'",b'Discontinued',b'106 x 44 x 12.4 mm (4.17 x 1.73 x 0.49 in)',b'95 g (3.35 oz)',b'Mini-SIM',b'Predictive text input Organizer Voice memo',"b'CSTN, 65K colors'","b'1.8 inches, 29 x 35 mm, 10.2 cm2 (~21.9% screen-to-body ratio)'",b'128 x 160 pixels (~114 ppi density)',,,,,b'No',b'3.6MB',,,b'No',,,,b'Yes',b'No',b'No',b'No',b'No',,b'No',b'Proprietary',b'',b'Removable Li-Ion 800 mAh battery',,b'Silver',,,b'VGA',,,,,,,,,,,,,,,,,,,,,,,b'Up to 2 h 30 min',b'Up to 150 h',b'Class 10',b'No',,b'Yes',"b'20 dialed, 20 received, 20 missed calls'","b'SMS, EMS, MMS'",b'Yes',"b'Yes, MIDP 2.0'",,b'WAP 2.0/xHTML',,,b'Vibration; Downloadable polyphonic ringtones',,,
b'nec',b'NEC e122',b'https://fdn2.gsmarena.com/vv/bigpic/nec-e122.gif',b'GSM',b'GSM 900 / 1800 / 1900',b'Downloadable pictures',,b'No',,,,"b'2005, Q4'",b'Discontinued',b'102.5 x 43 x 18 mm (4.04 x 1.69 x 0.71 in)',b'90 g (3.17 oz)',b'Mini-SIM',b'Predictive text input Organizer',"b'CSTN, 65K colors'",b'',"b'128 x 128 pixels, 1:1 ratio'",,,,,b'No',b'2.5MB',,,b'No',,,,b'No',b'No',b'No',b'No',b'No',,b'No',b'Proprietary',b'',b'Removable Li-Ion 720 mAh battery',,"b'Silver, Black'",,,b'VGA',,,,,,,,,,,,,,,,,,,,,,,b'Up to 3 h',b'Up to 180 h',b'Class 10',b'No',,"b'250 entries, Photocall'","b'20 dialed, 20 received, 20 missed calls'","b'SMS, EMS, MMS'",b'Yes',b'No',,b'WAP 2.0/xHTML',,,b'Vibration; Downloadable polyphonic ringtones',,,
b'nec',b'NEC e949/L1',b'https://fdn2.gsmarena.com/vv/bigpic/nec-l1-e949.gif',b'GSM',b'GSM 900 / 1800 / 1900',b'Second external mono OLED display (96x39 pixels)',,b'No',,,,"b'2005, Q2'",b'Discontinued',b'102 x 47.9 x 11.9 mm (4.02 x 1.89 x 0.47 in)',b'96 g (3.39 oz)',b'Mini-SIM',b'MP3/AAC/MP4 player Predictive text input Organizer Voice memo Currency convertor SyncML',"b'TFT, 65K colors'","b'1.9 inches, 30 x 37 mm, 11.4 cm2 (~23.3% screen-to-body ratio)'",b'176 x 220 pixels (~148 ppi density)',,,,,b'No',b'25MB',,,b'Yes',,,,b'No',b'No',b'No',b'1.2',b'No',,b'No',b'Proprietary',b'',b'Removable Li-Ion 600 mAh battery',,b'Black',,,b'1.3 MP',,,,,,,,,,,,,,,,,,,,,,,b'Up to 2 h 20 min',b'Up to 140 h',b'Class 10',b'No',,b'500 entries',"b'20 dialed, 20 received, 20 missed calls'","b'SMS, EMS, MMS, Email'",b'Yes + downloadable',"b'Yes, MIDP 2.0'",,b'WAP 2.0/xHTML',,,b'Vibration; Downloadable polyphonic ringtones',,,
b'nec',b'NEC N600i',b'https://fdn2.gsmarena.com/vv/bigpic/nec-n600i.gif',b'GSM / UMTS',b'GSM 900 / 1800 / 1900',b'Second external B/W STN display (30 x 120 pixels) Incoming LED indicator Downloadable pictures',b'UMTS 2100',b'MP3 player Predictive text input Organizer',,,"b'Yes, 384 kbps'","b'2005, Q3'",b'Discontinued',b'94.4 x 47.5 x 24.5 mm (3.72 x 1.87 x 0.96 in)',b'113 g (3.99 oz)',b'Mini-SIM',,"b'TFT, 65K colors'","b'2.0 inches, 30 x 40 mm, 12.4 cm2 (~27.6% screen-to-body ratio)'","b'240 x 320 pixels, 4:3 ratio (~200 ppi density)'",,,,,b'microSD (dedicated slot)',b'20MB',,b'LED flash',b'Yes',,,b'',b'Yes',b'No',b'No',b'1.1',b'No',,b'No',b'Proprietary',b'',b'Removable Li-Ion 1000 mAh battery',,b'Silver',,,b'1.3 MP',,,,,,,,,,,,,b'VGA videocall camera',,,,,,,,,,b'Up to 3 h 20 min',b'Up to 200 h',,,,"b'500 entries, Photocall'","b'20 dialed, 20 received, 20 missed calls'","b'SMS, EMS, MMS, Email'",b'Yes + downloadable',"b'Yes, DoJa 2.5'",,b'i-mode',,,b'Vibration; Downloadable polyphonic ringtones',,,
b'nec',b'NEC e540/N411i',b'https://fdn2.gsmarena.com/vv/bigpic/nec-n411i-e540.gif',b'GSM',b'GSM 900 / 1800 / 1900',b'Second external 4096 colors STN display (128 x 128 pixels) Incoming LED indicator Downloadable pictures',,b'400 short messages 400 emails',,,,"b'2005, Q1'",b'Discontinued',b'93 x 46 x 24 mm (3.66 x 1.81 x 0.94 in)',b'95 g (3.35 oz)',b'Mini-SIM',b'MP3 player Predictive text input SyncML  Organizer Voice memo/dial',"b'TFT, 65K colors'","b'1.9 inches, 30 x 37 mm, 11.4 cm2 (~26.6% screen-to-body ratio)'",b'176 x 220 pixels (~148 ppi density)',,,,,b'No',b'26MB',,,b'Yes',,,,b'No',b'No',b'No',b'1.2',b'No',,b'No',b'Proprietary',b'',b'Removable Li-Ion 850 mAh battery',,b'Silver',,,b'1.3 MP',,,,,,,,,,,,,,,,,,,,,b'Yes',,b'Up to 3 h',b'Up to 200 h',b'Class 10',b'No',,b'500 entries',"b'20 dialed, 20 received, 20 missed calls'","b'SMS, EMS, MMS, Email'",b'Yes + downloadable',"b'Yes, DoJa 1.5'",,"b'WAP 2.0/xHTML, iMode (N411i only)'",,,b'Vibration; Downloadable polyphonic ringtones',,,
b'nec',b'NEC N401i',b'https://fdn2.gsmarena.com/vv/bigpic/nec-n401i.gif',b'GSM',b'GSM 900 / 1800 / 1900',b'Second external 4096 colors LCD display (30 x 120 pixels) Incoming LED indicator Downloadable pictures',,b'No',,,,"b'2005, Q1'",b'Discontinued',"b'90 x 44 x 23 mm, 85 cc (3.54 x 1.73 x 0.91 in)'",b'90 g (3.17 oz)',b'Mini-SIM',b'MP3 player Predictive text input Organizer Voice memo/dial',b'65K colors',"b'1.9 inches, 30 x  37 mm, 11.4 cm2 (~28.7% screen-to-body ratio)'",b'176 x 220 pixels (~148 ppi density)',,,,,b'No',b'22MB',,b'LED flash',b'Yes',,,,b'No',b'No',b'No',b'No',b'No',,b'No',b'Proprietary',b'',b'Removable Li-Ion 850 mAh battery',,b'',,,b'VGA',,,,,,,,,,,,,,,,,,,,,b'Yes',,b'Up to 3 h 20 min',b'Up to 200 h',b'Yes',b'No',,"b'500 entries, Photocall'","b'20 dialed, 20 received, 20 missed calls'","b'SMS, EMS, MMS, EMail'",b'Yes + downloadable',"b'Yes, DoJa 1.5'",,b'iMode',,,b'Vibration; Downloadable polyphonic ringtones',,,
b'nec',b'NEC N343i',b'https://fdn2.gsmarena.com/vv/bigpic/nec-n343i.gif',b'GSM',b'GSM 900 / 1800 / 1900',b'Downloadable pictures',,b'No',,,,"b'2005, Q2'",b'Discontinued',b'109 x 43 x 12.7 mm (4.29 x 1.69 x 0.5 in)',b'95 g (3.35 oz)',b'Mini-SIM',b'Predictive text input Organizer',"b'CSTN, 65K colors'",b'',b'128 x 160 pixels',,,,,b'No',b'1.3MB',,,b'Yes',,,,b'No',b'No',b'No',b'No',b'No',,b'No',b'Proprietary',b'',b'Removable Li-Ion 800 mAh battery',,b'',,,b'VGA',,,,,,,,,,,,,,,,,,,,,,,b'Up to 3 h',b'Up to 200 h',b'Class 10',b'No',,b'255 entries',"b'20 dialed, 20 received, 20 missed calls'","b'SMS, EMS, MMS, EMail'",b'Yes + downloadable',"b'Yes, DoJa 1.5'",,b'iMode',,,b'Vibration; Downloadable polyphonic ringtones',,,
b'nec',b'NEC N900iG',b'https://fdn2.gsmarena.com/vv/bigpic/nen900g.gif',b'GSM / UMTS',b'GSM 900 / 1800 / 1900',b'Second external 65K colors TFT display (90 x 120 pixels) Downloadable pictures',b'UMTS 2100',b'CIF videocall camera',,,"b'Yes, 384 kbps'","b'2004, Q4'",b'Discontinued',b'103 x 50 x 28 mm (4.06 x 1.97 x 1.10 in)',b'132 g (4.66 oz)',b'Mini-SIM',b'Bar-code reader Predictive text input Organizer',"b'TFT, 65K colors'",b'',"b'240 x 320 pixels, 4:3 ratio'",,,,,b'miniSD',,,,b'Yes',,,,b'No',b'No',b'No',b'No',b'No',,b'No',b'Proprietary',b'',b'Removable Li-Ion battery',,b'Ocean Blue',,,b'1.3 MP',,,,,,,,,,,,,,,,,,,,,b'Yes',,b'Up to 2 h',b'Up to 150 h',,,,"b'700 entries, Photo call'","b'20 dialed, 20 received, 20 missed calls'","b'SMS, MMS, EMail'",b'Yes + downloadable',b'Yes',,"b'WAP 2.0/xHTML, iMode'",,,b'Vibration; Downloadable polyphonic ringtones',,,
b'nec',b'NEC N200',b'https://fdn2.gsmarena.com/vv/bigpic/nen200.gif',b'GSM',b'GSM 900 / 1800',b'Wallpapers Downloadable pictures',,b'No',,,,"b'2005, Q1'",b'Discontinued',b'70 x 51 x 18.6 mm (2.76 x 2.01 x 0.73 in)',b'70 g (2.47 oz)',b'Mini-SIM',b'Predictive text input Organizer Voice memo',"b'TFT, 65K colors'",b'',b'128 x 160 pixels',,,,,b'No',,,,b'Yes',,,,b'No',b'No',b'No',b'No',b'No',,b'No',b'',b'',b'Removable Li-Ion battery',,b'',,,b'VGA',,,,,,,,,,,,,,,,,,,,,,,b'Up to 2 h',b'Up to 110 h',b'Yes',b'No',,b'300 entries',"b'20 dialed, 20 received, 20 missed calls'","b'SMS, MMS'",b'Yes',b'No',,b'WAP 2.0/xHTML',,,b'Vibration; Downloadable polyphonic ringtones',,,
b'nec',b'NEC N160',b'https://fdn2.gsmarena.com/vv/bigpic/nen160.gif',b'GSM',b'GSM 900 / 1800',"b'Second external 65K colors display, (96 x 64 pixels) Downloadable pictures'",,b'No',,,,"b'2004, Q4'",b'Discontinued',b'82.5 x 45 x 22.6 mm (3.25 x 1.77 x 0.89 in)',b'80 g (2.82 oz)',b'Mini-SIM',b'Predictive text input Organizer',"b'CSTN, 65K colors'",b'',"b'128 x 128 pixels, 1:1 ratio'",,,,,b'No',b'30MB',,,b'Yes',,,,b'No',b'No',b'No',b'No',b'No',,b'No',b'',b'',b'Removable Li-Ion 720 mAh battery',,b'Black',,,b'VGA',,,,,,,,,,,,,,,,,,,,,,,,,b'Class 10',b'No',,b'500 entries',"b'20 dialed, 20 received, 20 missed calls'","b'SMS, EMS, MMS'",b'4',b'Yes',,b'WAP 1.2.1',,,b'Vibration; Downloadable polyphonic ringtones',,,
b'nec',b'NEC N923',b'https://fdn2.gsmarena.com/vv/bigpic/nen923.gif',b'GSM',b'GSM 900 / 1800',"b'Wallpapers, screensavers Downloadable logos'",,b'No',,,,"b'2004,Q4'",b'Discontinued',b'85 x 54 x 9.5 mm (3.35 x 2.13 x 0.37 in)',b'70 g (2.47 oz)',b'Mini-SIM',b'Predictive text input Organizer',"b'TFT, 65K colors'",b'',"b'120 x 160 pixels, 4:3 ratio'",,,,,b'No',b'2.7MB',,,b'Yes',,,,b'No',b'No',b'No',b'No',b'No',,b'No',b'',b'',b'Removable Li-Ion 300 mAh battery',,b'',,,b'VGA',,,,,,,,,,,,,,,,,,,,,,,b'Up to 2 h',b'Up to 120 h',b'Yes',b'No',,b'Yes',"b'20 dialed, 20 received, 20 missed calls'","b'SMS, EMS, MMS'",b'Yes',b'No',,b'WAP 1.2.1',,,b'Vibration; Downloadable polyphonic ringtones',,,
b'nec',b'NEC N150',b'https://fdn2.gsmarena.com/vv/bigpic/nen150.gif',b'GSM',b'GSM 900 / 1800',b'Downloadable pictures',,b'No',,,,"b'2004, Q4'",b'Discontinued',b'91 x 44 x 20 mm (3.58 x 1.73 x 0.79 in)',b'80 g (2.82 oz)',b'Mini-SIM',b'MP3 player Predictive text input Organizer Voice memo',"b'STN, 65K colors'",b'',"b'128 x 128 pixels, 1:1 ratio'",,,,,b'No',b'3MB',,,b'Yes',,,,b'No',b'No',b'No',b'No',b'No',,b'No',b'Proprietary',b'',b'Removable Li-Ion battery',,"b'Silver, Blue'",,,b'VGA',,,,,,,,,,,,,,,,,,,,,b'Yes',,b'Up to 2 h 30 min',b'Up to 180 h',b'Class 10',b'No',,b'300 entries',"b'20 dialed, 20 received, 20 missed calls'","b'SMS, EMS, MMS'",b'3',"b'Yes, MIDP 2.0'",,b'WAP 2.0/xHTML',,,b'Vibration; Downloadable polyphonic ringtones',,,
b'nec',b'NEC e238',b'https://fdn2.gsmarena.com/vv/bigpic/nee238.gif',b'GSM',b'GSM 900 / 1800 / 1900',"b'Second external 4096 colors display (STN, 30 x 120 pixels) Downloadable pictures'",,b'400 short messages',,,,"b'2004, Q4'",b'Discontinued',b'90 x 44 x 23 mm (3.54 x 1.73 x 0.91 in)',b'95 g (3.35 oz)',b'Mini-SIM',b'MP3 player Predictive text input Organizer',"b'TFT, 65K colors'",b'',b'176 x 220 pixels',,,,,b'No',b'26MB',,b'LED flash',b'Yes',,,,b'No',b'No',b'No',b'No',b'No',,b'No',b'Proprietary',b'',b'Removable Li-Ion 850 mAh battery',,"b'Silver, Blue'",,,b'VGA',,,,,,,,,,,,,,,,,,,,,b'Yes',,b'Up to 3 h',b'Up to 200 h',b'Class 10',b'No',,"b'500 x 15 fields, Photo call, 20 groups'","b'20 dialed, 20 received, 20 missed calls'","b'SMS, EMS, MMS, Email'",b'Yes + downloadable',"b'Yes, MIDP 2.0'",,b'WAP 2.0/xHTML',,,b'Vibration; Downloadable polyphonic ringtones',,,
b'nec',b'NEC N940',b'https://fdn2.gsmarena.com/vv/bigpic/nen940.gif',b'GSM',b'GSM 900 / 1800',b'Handwriting recognition Downloadable pictures',,b'No',,,,"b'2004, Q4'",b'Discontinued',b'101.5 x 51.5 x 20.7 mm (4.00 x 2.03 x 0.81 in)',b'112 g (3.95 oz)',b'Mini-SIM',b'TV tuner Organizer',"b'TFT tochscreen, 256K colors'",b'',b'176 x 220 pixels',,,,,b'No',,,b'LED flash',b'Yes',,,,b'No',b'No',b'No',b'No',b'No',,b'No',b'',b'',b'Removable Li-Ion 1200 mAh battery',,"b'Black, Silver'",,,b'VGA',,,,,,,,,,,,,,,,,,,,,,,,,b'Yes',b'No',,b'Yes',"b'20 dialed, 20 received, 20 missed calls'","b'SMS, MMS, Email'",b'Yes',"b'Yes, MIDP 2.0'",,b'WAP 1.2.1',,,b'Vibration; Downloadable polyphonic ringtones',,,
b'nec',b'NEC N930',b'https://fdn2.gsmarena.com/vv/bigpic/nec-n930.gif',b'GSM',b'GSM 900 / 1800',b'Handwriting recognition Downloadable pictures',,b'No',,,,"b'2004, Q4'",b'Discontinued',b'85.5 x 54 x 11.9 mm (3.37 x 2.13 x 0.47 in)',b'72 g (2.54 oz)',b'Mini-SIM',b'Organizer',"b'TFT tochscreen, 65K colors'",b'',b'176 x 220 pixels',,,,,b'No',b'2MB',,b'LED flash',b'Yes',,,,b'No',b'No',b'No',b'1.1',b'No',,b'No',b'',b'',b'Removable Li-Ion battery',,"b'Black, Silver'",,,b'VGA',,,,,,,,,,,,,,,,,,,,,,,b'Up to 2 h',b'Up to 100 h',b'Yes',b'No',,b'Yes',"b'20 dialed, 20 received, 20 missed calls'","b'SMS, EMS, MMS'",b'Yes',"b'Yes, MIDP 2.0'",,b'WAP 2.0/xHTML',,,b'Vibration; Downloadable polyphonic ringtones',,,
b'nec',b'NEC N630',b'https://fdn2.gsmarena.com/vv/bigpic/nec-n630.gif',b'GSM',b'GSM 900 / 1800 / 1900',b'Flashlight',,b'Chinese handwriting recognition Downloadable pictures',,,,"b'2005, Q1'",b'Discontinued',b'99 x 47 x 22 mm (3.90 x 1.85 x 0.87 in)',b'95 g (3.35 oz)',b'Mini-SIM',b'Push to talk (VoIP service) Predictive text input Organizer Stopwatch Improved durability Thermometer Automatic volume control',"b'TFT resistive touchscreen, 65K colors'",b'',b'176 x 220 pixels',,,,,b'No',b'2MB',,,b'No',,,,b'No',b'No',b'No',b'No',b'No',,b'FM radio',b'Proprietary',"b'Compass, thermometer, sound level meter'",b'Removable Li-Ion 700 mAh battery',,b'Silver',,,b'VGA',,,,,,,,,,,,,,,,,,,,,b'Yes',,b'Up to 2 h',b'Up to 140 h',b'Class 8',b'No',,b'500 entries',"b'20 dialed, 20 received, 20 missed calls'","b'SMS, EMS, MMS'",b'Yes',b'No',,b'WAP 2.0/xHTML',,,"b'Vibration; Downloadable polyphonic, MP3 ringtones'",,,
b'nec',b'NEC N850',b'https://fdn2.gsmarena.com/vv/bigpic/nec-n850.gif',b'GSM',b'GSM 900 / 1800 / 1900',"b'Second external STN, 4096 colors display (128 x 128 pixels) Downloadable pictures'",,b'No',,,,"b'2005, Q1'",b'Discontinued',b'93 x 46 x 24 mm (3.66 x 1.81 x 0.94 in)',b'95 g (3.35 oz)',b'Mini-SIM',b'MP3 player Predictive text input Organizer Voice dial/memo',"b'TFT, 65K colors'","b'1.9 inches, 30 x 37 mm, 11.4 cm2 (~26.6% screen-to-body ratio)'",b'176 x 220 pixels (~148 ppi density)',,,,,b'No',b'26MB',,,b'QCIF',,,,b'No',b'No',b'No',b'1.2',b'No',,b'No',b'Proprietary',b'',b'Removable Li-Ion battery',,b'Silver',,,b'1.3 MP',,,,,,,,,,,,,,,,,,,,,b'Yes',,b'Up to 2 h 30 min',b'Up to 100 h',b'Class 10',b'No',,"b'Yes, Photo call'","b'20 dialed, 20 received, 20 missed calls'","b'SMS, MMS, Email'",b'Yes',"b'Yes, MIDP 2.0'",,b'WAP 2.0/xHTML',,,"b'Vibration; Downloadable polyphonic, MP3 ringtones'",,,
b'nec',b'NEC N840',b'https://fdn2.gsmarena.com/vv/bigpic/nen840.gif',b'GSM',b'GSM 850 / 900 / 1800 / 1900',"b'Second external STN, 65K colors display (120 x 30 pixels) Downloadable pictures'",,b'No',,,,"b'2004, Q4'",b'Discontinued',b'100 x 48 x 25 mm (3.94 x 1.89 x 0.98 in)',b'118 g (4.16 oz)',b'Mini-SIM',b'MP3 player Predictive text input Organizer Voice memo',"b'TFT, 256K colors'","b'2.2 inches, 33 x 45 mm, 15.0 cm2 (~31.2% screen-to-body ratio)'","b'240 x 320 pixels, 4:3 ratio (~182 ppi density)'",,,,,"b'miniSD, 128 MB included'",b'32MB',,b'LED flash',b'Yes',,,,b'No',b'No',b'No',b'1.2',b'No',,b'No',b'Proprietary',b'',b'Removable Li-Ion 1100 mAh battery',,b'Silver',,,b'2 MP',,,,,,,,,,,,,,,,,,,,,b'Yes',,b'Up to 2 h 40 min',b'Up to 100 h',b'Class 10',b'No',,"b'Yes, Photo call'","b'20 dialed, 20 received, 20 missed calls'","b'SMS, MMS, Email'",b'Yes',"b'Yes, MIDP 2.0'",,b'WAP 2.0/xHTML',,,b'Vibration; Downloadable polyphonic ringtones',,,
b'nec',b'NEC N750',b'https://fdn2.gsmarena.com/vv/bigpic/nec-n750.gif',b'GSM',b'GSM 900 / 1800 / 1900',"b'Second external OLED, 65K colors display (96 x 64 pixels) Downloadable pictures'",,b'No',,,,"b'2005, Q1'",b'Discontinued',b'92.9 x 45.8 x 23.6 mm (3.66 x 1.80 x 0.93 in)',b'97 g (3.42 oz)',b'Mini-SIM',b'Predictive text input Organizer',"b'TFT, 256K colors'",b'',b'176 x 220 pixels',,,,,b'No',,,,b'Yes',,,,b'No',b'No',b'No',b'1.1',b'No',,b'No',b'Proprietary',b'',b'Removable Li-Ion 700 mAh battery',,b'Silver',,,b'1.3 MP',,,,,,,,,,,,,,,,,,,,,,,b'Up to 2 h',b'Up to 140 h',b'Class 10',b'No',,"b'Yes, Photo call'","b'20 dialed, 20 received, 20 missed calls'","b'SMS, MMS, Email'",b'Yes',"b'Yes, MIDP 2.0'",,b'WAP 2.0/xHTML',,,b'Vibration; Downloadable polyphonic ringtones',,,
b'nec',b'NEC 802',b'https://fdn2.gsmarena.com/vv/bigpic/ne802.gif',b'GSM / UMTS',b'GSM 900 / 1800',"b'Second external TFT display, (120 x 90 pixels), 65K colors Downloadable pictures'",b'UMTS 2100',b'Videocall camera',,,"b'Yes, 384 kbps'","b'2004, Q3'",b'Discontinued',b'100 x 50 x 26 mm (3.94 x 1.97 x 1.02 in)',b'125 g (4.41 oz)',b'Mini-SIM',b'Predictive text input Photo editor Organizer',"b'TFT, 65K colors'",b'',"b'240 x 320 pixels, 4:3 ratio'",,,,,b'miniSD',,,,b'Yes',,,,b'No',b'No',b'No',b'No',b'No',,b'No',b'Proprietary',b'',b'Removable Li-Ion battery',,"b'Royal bronze, Turquoise blue, Platinum silver'",,,b'1.3 MP',,,,,,,,,,,,,,,,,,,,,b'Yes',,b'Up to 2 h 20 min',b'Up to 430 h',,,,b'Yes',"b'20 dialed, 20 received, 20 missed calls'","b'SMS, EMS, MMS, Email'",b'Yes + downloadable',b'Yes',,b'WAP',,,b'Vibration; Downloadable polyphonic ringtones',,,
b'nec',b'NEC N500',b'https://fdn2.gsmarena.com/vv/bigpic/nen500.gif',b'GSM',b'GSM 900 / 1800',b'Downloadable pictures',,b'No',,,,"b'2004, Q4'",b'Discontinued',b'86 x 48 x 14.5 mm (3.39 x 1.89 x 0.57 in)',b'80 g (2.82 oz)',b'Mini-SIM',b'Predictive text input Organizer',"b'TFT resistive touchscreen, 256K colors'",b'',b'176 x 220 pixels',,,,,b'No',,,,b'Yes',,,,b'No',b'No',b'No',b'No',b'No',,b'No',b'',b'',b'Removable Li-Ion battery',,"b'White, black'",,,b'VGA',,,,,,,,,,,,,,,,,,,,,,,b'Up to 2 h',b'Up to 120 h',b'Yes',b'No',,b'300 entries',"b'20 dialed, 20 received, 20 missed calls'","b'SMS, MMS'",b'Yes+ downloadable',b'No',,b'WAP 2.0/xHTML',,,b'Vibration; Downloadable polyphonic ringtones',,,
b'nec',b'NEC N342i',b'https://fdn2.gsmarena.com/vv/bigpic/nen342i.gif',b'GSM',b'GSM 900 / 1800 / 1900',b'Second external STN mono display (96 x 64 pixels) Downloadable wallpapers',,b'No',,,,"b'2004, Q4'",b'Discontinued',b'86 x 47 x 24 mm (3.39 x 1.85 x 0.94 in)',b'90 g (3.17 oz)',b'Mini-SIM',b'Predictive text input Organizer Voice memo',"b'CSTN, 65K colors'",b'',b'128 x 160 pixels',,,,,b'No',b'2MB',,,b'No',,,,b'No',b'No',b'No',b'No',b'No',,b'No',b'Proprietary',b'',b'Removable Li-Ion 780 mAh battery',,b'Silver',,,b'VGA',,,,,,,,,,,,,,,,,,,,,,,b'Up to 3 h',b'Up to 200 h',b'Class 10',b'No',,b'250 entries',"b'20 dialed, 20 received, 20 missed calls'","b'SMS, EMS, MMS, Email'","b'2 - Raida, DeepWar + downloadable'","b'Yes, DoJa 1.5'",,b'i-mode',,,b'Vibration; Downloadable polyphonic ringtones',,,
b'nec',b'NEC e101',b'https://fdn2.gsmarena.com/vv/bigpic/nee101.gif',b'GSM',b'GSM 900 / 1800 / 1900',b'Second external STN mono display (96 x 64 pixels) Downloadable pictures',,b'1.5 MB user memory MMS 700KB Java 600KB',,,,"b'2004, Q4'",b'Discontinued',"b'84 x 45 x 24 mm, 80 cc (3.31 x 1.77 x 0.94 in)'",b'85 g (3.00 oz)',b'Mini-SIM',b'Predictive text input Organizer Voice memo',"b'CSTN, 65K colors'","b'1.8 inches, 29 x 35 mm, 10.2 cm2 (~27.0% screen-to-body ratio)'",b'128 x 160 pixels (~114 ppi density)',,,,,b'No',,,,b'No',,,,b'No',b'No',b'No',b'No',b'No',,b'No',b'',b'',b'Removable Li-Ion 780 mAh battery',,b'Silver',,,b'VGA',,,,,,,,,,,,,,,,,,,,,,,b'Up to 3 h 20 min',b'Up to 200 h',b'Class 10',b'No',,b'250 entries',"b'20 dialed, 20 received, 20 missed calls'","b'SMS, EMS, MMS, Email'",b'Yes+ downloadable',b'Yes',,b'WAP 2.0/xHTML',,,"b'Vibration; Downloadable polyphonic ringtones, composer'",,,
b'nec',b'NEC N110',b'https://fdn2.gsmarena.com/vv/bigpic/nen110.gif',b'GSM',b'GSM 900 / 1800',b'Second external mono display (96 x 64 pixels) Downloadable pictures',,b'No',,,,"b'2004, Q3'",b'Discontinued',b'84 x 45 x 24 mm (3.31 x 1.77 x 0.94 in)',b'85 g (3.00 oz)',b'Mini-SIM',b'Predictive text input Organizer',"b'STN, 65K colors'",b'',b'128 x 160 pixels',,,,,b'No',b'2.3MB',,,b'Yes',,,,b'No',b'No',b'No',b'No',b'No',,b'No',b'',b'',b'Removable Li-Ion 780 mAh battery',,"b'Silver, Blue'",,,b'VGA',,,,,,,,,,,,,,,,,,,,,,,,b'Up to 250 h',b'Class 10',b'No',,b'250',"b'20 dialed, 20 received, 20 missed calls'","b'SMS, EMS, MMS'",b'Yes + downloadable',b'Yes',,b'',,,"b'Vibration; Downloadable polyphonic ringtones, composer'",,,
b'nec',b'NEC N109',b'https://fdn2.gsmarena.com/vv/bigpic/nen109.gif',b'GSM',b'GSM 900 / 1800',b'Downloadable pictures',,b'No',,,,"b'2004, Q3'",b'Discontinued',b'102 x 45 x 15 mm (4.02 x 1.77 x 0.59 in)',b'73 g (2.57 oz)',b'Mini-SIM',b'Predictive text input Organizer World clock',"b'CSTN, 65K colors'",b'',b'128 x 160 pixels',,,,,b'No',b'2MB',,b'LED flash',b'Yes',,,,b'No',b'No',b'No',b'No',b'No',,b'No',b'',b'',b'Removable Li-Ion 570 mAh battery',,"b'Silver, Black, Blue'",,,b'VGA',,,,,,,,,,,,,,,,,,,,,b'Yes',,b'Up to 2 h 40 min',b'Up to 120 h',b'Yes',b'No',,b'500',"b'20 dialed, 20 received, 20 missed calls'","b'SMS, EMS, MMS'",b'Yes + downloadable',"b'Yes, MIDP 1.0'",,b'WAP 1.2.1',,,"b'Vibration; Downloadable polyphonic ringtones, composer'",,,
b'nec',b'NEC N100',b'https://fdn2.gsmarena.com/vv/bigpic/nen100.gif',b'GSM',b'GSM 900 / 1800',b'Downloadable pictures',,b'No',,,,"b'2004, Q3'",b'Discontinued',b'102 x 45 x 16 mm (4.02 x 1.77 x 0.63 in)',b'77 g (2.72 oz)',b'Mini-SIM',b'Predictive text input Organizer',"b'CSTN, 65K colors'",b'',b'128 x 160 pixels',,,,,b'No',b'2MB',,,b'Yes',,,,b'No',b'No',b'No',b'No',b'No',,b'No',b'',b'',b'Removable Li-Ion 570 mAh battery',,b'',,,b'VGA',,,,,,,,,,,,,,,,,,,,,,,b'Up to 2 h 40 min',b'Up to 120 h',b'Yes',b'No',,b'500 fields',"b'20 dialed, 20 received, 20 missed calls'","b'SMS, EMS, MMS'",b'Yes + downloadable',"b'Yes, MIDP 1.0'",,b'WAP 1.2.1',,,b'Vibration; Downloadable polyphonic ringtones',,,
b'nec',b'NEC N920',b'https://fdn2.gsmarena.com/vv/bigpic/nen920.gif',b'GSM',b'GSM 900 / 1800',b'Wallpapers Downloadable pictures',,b'No',,,,"b'2004, Q3'",b'Discontinued',b'85 x 54 x 9.6 mm (3.35 x 2.13 x 0.38 in)',b'70 g (2.47 oz)',b'Mini-SIM',b'Predictive text input Organizer',"b'TFT, 65K colors'",b'',b'128 x 160 pixels',,,,,b'No',b'2MB',,b'LED flash',b'Yes',,,,b'No',b'No',b'No',b'No',b'No',,b'No',b'',b'',b'Removable Li-Ion battery',,b'',,,b'VGA',,,,,,,,,,,,,,,,,,,,,,,b'Up to 3 h',b'Up to 200 h',b'Yes',b'No',,b'300',"b'20 dialed, 20 received, 20 missed calls'","b'SMS, EMS, MMS'",b'Yes',b'No',,b'WAP 2.0/xHTML',,,b'Vibration; Downloadable polyphonic ringtones',,,
b'nec',b'NEC e338',b'https://fdn2.gsmarena.com/vv/bigpic/nee338.gif',b'GSM / UMTS',b'GSM 900 / 1800 / 1900',b'In 18 MB internal memory: - 4 MB maximum for MMS - 960 KB maximum for JAVA appl. - 5 MB for personal files',b'UMTS 2100',b'No',,,"b'Yes, 384 kbps'","b'2004, Q3'",b'Discontinued',"b'93.8 x 47.1 x 23.3 mm, 89 cc (3.69 x 1.85 x 0.92 in)'",b'114 g (4.02 oz)',b'Mini-SIM',b'Video and audio streaming SyncML Audio/video player Predictive text input Organizer Voice memo',"b'TFT, 65K colors'","b'2.0 inches, 31 x 39 mm, 12.6 cm2 (~28.5% screen-to-body ratio)'",b'176 x 220 pixels (~141 ppi density)',,,,,b'No',,,,b'No',,,,b'Yes',b'No',b'No',b'No',b'No',,b'No',b'Proprietary',b'',b'Removable Li-Ion 1300 mAh battery',,b'',,,"b'CIF, rotating lens'",,,,,,,,,,,,,,,,,,,,,,,b'Up to 2 h 30 min',b'Up to 180 h',,,,b'500 entries',"b'20 dialed, 20 received, 20 missed calls'","b'SMS, MMS, Email'",b'Yes + downloadable',"b'Yes, MIDP 2.0'",,b'WAP 2.0/xHTML',,,"b'Vibration; Downloadable polyphonic ringtones, composer'",,,
b'nec',b'NEC N620',b'https://fdn2.gsmarena.com/vv/bigpic/nen620.gif',b'GSM',b'GSM 900 / 1900',"b'Wallpapers, screensavers Chinese handwriting recognition  Downloadable logos'",,b'No',,,,"b'2004, Q3'",b'Discontinued',b'99.5 x 52.5 x 20 mm (3.92 x 2.07 x 0.79 in)',b'102 g (3.60 oz)',b'Mini-SIM',b'Predictive text input Organizer',"b'TFT resistive touchscreen, 256K colors'",b'',b'176 x 220 pixels',,,,,b'No',b'2MB',,,b'Yes',,,,b'No',b'No',b'No',b'No',b'No',,b'No',b'',b'',b'Removable Li-Ion 800 mAh battery',,b'Silver and Dark Blue',,,b'VGA',,,,,,,,,,,,,,,,,,,,,,,b'Up to 2 h',b'Up to 200 h',b'Yes',b'No',,b'1000 entries',"b'20 dialed, 20 received, 20 missed calls'","b'SMS, MMS, Email'",b'Yes + downloadable',"b'Yes, MIDP 2.0'",,b'WAP 1.2.1',,,b'Vibration; Downloadable polyphonic ringtones',,,
b'nec',b'NEC N610',b'https://fdn2.gsmarena.com/vv/bigpic/nen610.gif',b'GSM',b'GSM 900 / 1900',"b'Wallpapers, screensavers Chinese handwriting recognition Downloadable logos'",,b'No',,,,"b'2004, Q3'",b'Discontinued',b'89 x 48.5 x 21.2 mm (3.50 x 1.91 x 0.83 in)',b'95 g (3.35 oz)',b'Mini-SIM',b'Predictive text input Organizer',"b'TFT resistive touchscreen, 256K colors'",b'',b'176 x 220 pixels',,,,,b'No',,,,b'Yes',,,,b'No',b'No',b'No',b'No',b'No',,b'No',b'',b'',b'Removable Li-Ion battery',,"b'Red, Black, Silver'",,,b'VGA',,,,,,,,,,,,,,,,,,,,,,,b'Up to 2 h',b'Up to 150 h',b'Yes',b'No',,b'Yes',"b'20 dialed, 20 received, 20 missed calls'","b'SMS, MMS'",b'Yes + downloadable',"b'Yes, MIDP 1.0'",,b'WAP 1.2.1',,,b'Vibration; Downloadable polyphonic ringtones',,,
b'nec',b'NEC e228',b'https://fdn2.gsmarena.com/vv/bigpic/nee228.gif',b'GSM / UMTS',b'GSM 900 / 1800',b'SyncML MP3/MP4 player Predictive text input Organizer Voice memo',b'UMTS 2100',,,,"b'Yes, 384 kbps'","b'2004, Q2'",b'Discontinued',b'129 x 54 x 21 mm (5.08 x 2.13 x 0.83 in)',b'125 g (4.41 oz)',b'Mini-SIM',,"b'TFT, 65K colors'","b'2.2 inches, 35 x 44 mm, 15.2 cm2 (~21.9% screen-to-body ratio)'",b'176 x 220 pixels (~128 ppi density)',,,,,b'Memory Stick Duo',b'19MB',,,b'Yes',,,b'',b'No',b'No',b'No',b'No',b'No',,b'No',b'',b'',b'Removable Li-Ion 1100 mAh battery',,b'',,,b'VGA',,,,,,,,,,,,,b'Yes',,,,,,,,,,b'Up to 2 h',b'Up to 100 h',,,,b'500',"b'20 dialed, 20 received, 20 missed calls'","b'SMS, MMS, Email'",b'Yes',b'Yes',,b'WAP 2.0/xHTML',,,b'Vibration; Downloadable polyphonic ringtones',,,
b'nec',b'NEC N410i',b'https://fdn2.gsmarena.com/vv/bigpic/nen410i.gif',b'GSM',b'GSM 900 / 1800 / 1900',"b'Second STN, 65K colors (108 x 80 pixels) Incoming call LED with 12 colors Wallpapers Downloadable wallpapers, animations'",,b'No',,,,"b'2004, March'",b'Discontinued',"b'101 x 49 x 24 mm, 103 cc (3.98 x 1.93 x 0.94 in)'",b'118 g (4.16 oz)',b'Mini-SIM',b'MP4 player Predictive text input Organizer Voice memo  Profiles',"b'TFT, 65K colors'","b'2.2 inches, 33 x 45 mm, 15.0 cm2 (~30.3% screen-to-body ratio)'","b'240 x 320 pixels, 4:3 ratio (~182 ppi density)'",,,,,b'No',b'32MB',,b'LED flash',b'Yes',,,,b'No',b'No',b'No',b'No',b'No',,b'No',b'Proprietary',b'',b'Removable Li-Ion 950 mAh battery',,b'',,,b'1.3 MP',,,,,,,,,,,,,,,,,,,,,b'Yes',,b'Up to 4 h 30 min',b'Up to 270 h',b'Class 8',b'No',,"b'500 entries, Photo call'","b'10 dialed, 10 received, 10 missed calls'","b'SMS, EMS, MMS, Email'",b'Yes + downloadable',b'Yes',,b'iMode',,,b'Vibration; Downloadable polyphonic ringtones',,,
b'nec',b'NEC N400i',b'https://fdn2.gsmarena.com/vv/bigpic/nen400i.gif',b'GSM',b'GSM 900 / 1800 / 1900',"b'Second LCD 65K colors (108 x 80 pixels) Incoming call LED with 12 colors Wallpapers Downloadable wallpapers, animations'",,b'Total inbox mail size 600KB  60 sec. voice memo',,,,"b'2004, March'",b'Discontinued',"b'101 x 49 x 24 mm, 100 cc (3.98 x 1.93 x 0.94 in)'",b'110 g (3.88 oz)',b'Mini-SIM',b'Predictive text input Organizer Voice dial/memo Profiles',b'65K colors',"b'2.2 inches, 33 x 45 mm, 15.0 cm2 (~30.3% screen-to-body ratio)'","b'240 x 320 pixels, 4:3 ratio (~182 ppi density)'",,,,,b'No',b'4MB',,b'LED flash',b'Yes',,,,b'No',b'No',b'No',b'No',b'No',,b'No',b'Proprietary',b'',b'Removable Li-Ion 950 mAh battery',,b'',,,b'VGA',,,,,,,,,,,,,,,,,,,,,b'Yes',,b'Up to 4 h',b'Up to 270 h',b'Class 8',b'No',,b'500 entries',"b'10 dialed, 10 received, 10 missed calls'","b'SMS, EMS, MMS, Email'",b'Yes + downloadable',"b'Yes, DoJa 1.5'",,b'iMode',,,b'Vibration; Downloadable polyphonic ringtones',,,
b'nec',b'NEC N331i',b'https://fdn2.gsmarena.com/vv/bigpic/nen331i.gif',b'GSM',b'GSM 900 / 1800 / 1900',"b'Second LCD display with 12 colors (30x96 pixels) Wallpapers Downloadable wallpapers, animations'",,b'No',,,,"b'2004, March'",b'Discontinued',"b'101 x 48 x 24 mm, 90 cc (3.98 x 1.89 x 0.94 in)'",b'110 g (3.88 oz)',b'Mini-SIM',b'Predictive text input Organizer Voice memo  Profiles',"b'TFT, 65K colors'",b'',b'128 x 160 pixels',,,,,b'No',,,,b'No',,,,b'No',b'No',b'No',b'No',b'No',,b'No',b'',b'',b'Removable Li-Ion 700 mAh battery',,b'',,,b'CIF',,,,,,,,,,,,,,,,,,,,,,,b'Up to 4 h',b'Up to 200 h',b'Class 10',b'No',,"b'500 entries, Photo call'","b'10 dialed, 10 received, 10 missed calls'","b'SMS, EMS, MMS, Email'",b'Yes',b'No',,b'iMode',,,b'Vibration; Downloadable polyphonic ringtones',,,
b'nec',b'NEC e313',b'https://fdn2.gsmarena.com/vv/bigpic/nee313.gif',b'GSM / UMTS',b'GSM 900 / 1800',b'4 MB max for MMS',b'UMTS 2100',b'No',,,"b'Yes, 384 kbps'","b'2004, Q1'",b'Discontinued',"b'146 x 54 x 20 mm, 125 cc (5.75 x 2.13 x 0.79 in)'",b'126 g (4.44 oz)',b'Mini-SIM',b'MP3/MP4 player Predictive text input Organizer',"b'TFT, 65K colors'",b'',b'220 x 176 pixels',,,,,b'Memory Stick Duo',b'19MB',,,b'No',,,,b'No',b'No',b'No',b'No',b'Yes',,b'No',b'',b'',b'Removable Li-Ion 1100 mAh battery',,b'Silver',,,b'VGA',,,,,,,,,,,,,,,,,,,,,,,b'Up to 2 h',b'Up to 110 h',,,,b'500 entries',"b'20 dialed, 20 received, 20 missed calls'","b'SMS, MMS, Email'",b'Yes',b'Yes',,b'WAP 2.0/xHTML',,,b'Vibration; Downloadable polyphonic ringtones',,,
b'nec',b'NEC N910',b'https://fdn2.gsmarena.com/vv/bigpic/nen910.gif',b'GSM',b'GSM 900 / 1800',b'Second external display 96 x 64 pixels (256 colors OLED) Wallpapers',,b'No',,,,"b'2004, Q1'",b'Discontinued',b'57 x 52 x 22 mm (2.24 x 2.05 x 0.87 in)',b'76 g (2.68 oz)',b'Mini-SIM',b'Predictive text input Organizer',"b'TFT, 65K colors'",b'',b'128 x 160 pixels',,,,,b'No',,,,b'No',,,,b'No',b'No',b'No',b'No',b'No',,b'No',b'',b'',b'Removable Li-Ion battery',,b'',,,b'VGA',,,,,,,,,,,,,,,,,,,,,,,b'Up to 3 h',b'Up to 200 h',b'Yes',b'No',,b'Yes',"b'20 dialed, 20 received, 20 missed calls'","b'SMS, EMS, MMS'",b'Yes',b'No',,b'WAP 2.0/xHTML',,,b'Vibration; Downloadable polyphonic ringtones',,,
b'nec',b'NEC N900',b'https://fdn2.gsmarena.com/vv/bigpic/nen900.gif',b'GSM',b'GSM 900 / 1800',"b'Wallpapers, screensavers Downloadable logos'",,b'No',,,,"b'2004, Q1'",b'Discontinued',b'85 x 54 x 8.6 mm (3.35 x 2.13 x 0.34 in)',b'70 g (2.47 oz)',b'Mini-SIM',b'Predictive text input Organizer Voice memo',"b'TFT, 65K colors'","b'1.8 inches, 29 x 35 mm, 10.0 cm2 (~21.9% screen-to-body ratio)'","b'120 x 160 pixels, 4:3 ratio (~111 ppi density)'",,,,,b'No',b'2MB',,b'LED flash',b'No',,,,b'No',b'No',b'No',b'No',b'No',,b'No',b'',b'',b'Removable Li-Ion battery',,b'',,,b'VGA',,,,,,,,,,,,,,,,,,,,,,,b'Up to 2 h',b'Up to 70 h',b'Class 8',b'No',,b'Yes',"b'20 dialed, 20 received, 20 missed calls'","b'SMS, MMS'",b'Yes',b'No',,b'WAP 1.2.1',,,b'Vibration; Downloadable polyphonic ringtones',,,
b'nec',b'NEC N830',b'https://fdn2.gsmarena.com/vv/bigpic/nen830.gif',b'GSM',b'GSM 900 / 1800 / 1900',"b'Second STN 65K colors (108 x 80 pixels) Downloadable wallpapers, animations'",,b'No',,,,"b'2004, Q2'",b'Discontinued',b'101 x 49 x 24 mm (3.98 x 1.93 x 0.94 in)',b'110 g (3.88 oz)',b'Mini-SIM',b'Photo editor Predictive text input Organizer Voice recording Profiles',"b'TFT, 65K colors'","b'2.2 inches, 33 x 45 mm, 15.0 cm2 (~30.3% screen-to-body ratio)'","b'320 x 240 pixels, 4:3 ratio (~182 ppi density)'",,,,,b'No',,,,b'No',,,,b'No',b'No',b'No',b'No',b'No',,b'No',b'Proprietary',b'',b'Removable Li-Ion battery',,b'',,,b'1.3 MP',,,,,,,,,,,,,,,,,,,,,b'Yes',,b'Up to 3 h 30 min',b'Up to 100 h',b'Class 8',b'No',,"b'500 x 8 fields, Photo call'","b'10 dialed, 10 received, 10 missed calls'","b'SMS, EMS, MMS'",b'',b'Yes',,b'WAP 1.2.1',,,b'Vibration; Downloadable polyphonic ringtones',,,
b'nec',b'NEC N820',b'https://fdn2.gsmarena.com/vv/bigpic/nen820.gif',b'GSM',b'GSM 900 / 1800 / 1900',"b'Second STN 65K colors (108 x 80 pixels) Downloadable wallpapers, animations'",,b'No',,,,"b'2003, Q4'",b'Discontinued',"b'101 x 48 x 24 mm, 90 cc (3.98 x 1.89 x 0.94 in)'",b'110 g (3.88 oz)',b'Mini-SIM',b'Photo editor Predictive text input Organizer Voice recording Profiles',"b'TFT, 65K colors'","b'2.2 inches, 33 x 45 mm, 15.0 cm2 (~30.9% screen-to-body ratio)'","b'320 x 240 pixels, 4:3 ratio (~182 ppi density)'",,,,,b'No',b'4MB',,b'LED flash',b'No',,,,b'No',b'No',b'No',b'No',b'No',,b'No',b'Proprietary',b'',b'Removable Li-Ion battery',,b'',,,b'VGA',,,,,,,,,,,,,,,,,,,,,b'Yes',,b'Up to 5 h',b'Up to 100 h',b'Class 8',b'No',,"b'500 x 8 fields, Photo call'","b'10 dialed, 10 received, 10 missed calls'","b'SMS, EMS, MMS'",b'Field golf 3D',b'Yes',,b'WAP 1.2.1',,,b'Vibration; Downloadable polyphonic ringtones',,,
b'nec',b'NEC N710',b'https://fdn2.gsmarena.com/vv/bigpic/nen710.gif',b'GSM',b'GSM 900 / 1800 / 1900',b'Second external display 96 x 30 pixels (12 colors LCD) Wallpapers Downloadable pictures and animations',,b'No',,,,"b'2004, Q1'",b'Discontinued',b'91 x 45 x 26 mm (3.58 x 1.77 x 1.02 in)',b'95 g (3.35 oz)',b'Mini-SIM',b'Predictive text input Organizer Photo editor Voice memo',"b'TFT, 65K colors'","b'1.8 inches, 29 x 35 mm, 10.2 cm2 (~24.9% screen-to-body ratio)'",b'128 x 160 pixels (~114 ppi density)',,,,,b'No',b'2MB',,b'LED flash',b'No',,,,b'No',b'No',b'No',b'No',b'No',,b'No',b'Proprietary',b'',b'Removable Li-Ion battery',,"b'Silver, Pink'",,,b'VGA',,,,,,,,,,,,,,,,,,,,,,,b'Up to 5 h',b'Up to 100 h',b'Class 8',b'No',,b'Yes',"b'20 dialed, 20 received, 20 missed calls'","b'SMS, MMS'",b'2 + downloadable',b'Yes',,b'WAP 1.2.1',,,b'Vibration; Downloadable polyphonic ringtones',,,
b'nec',b'NEC N700',b'https://fdn2.gsmarena.com/vv/bigpic/nen700.gif',b'GSM',b'GSM 900 / 1800',b'Second external display 96 x 30 pixels (12 colors LCD) Wallpapers Downloadable pictures and animations',,b'No',,,,"b'2003, Q4'",b'Discontinued',b'90 x 43 x 23 mm (3.54 x 1.69 x 0.91 in)',b'95 g (3.35 oz)',b'Mini-SIM',b'Predictive text input Voice memo Organizer',"b'TFT, 65K colors'","b'1.8 inches, 29 x 35 mm, 10.2 cm2 (~26.3% screen-to-body ratio)'",b'128 x 160 pixels (~114 ppi density)',,,,,b'No',,,b'LED flash',b'No',,,,b'No',b'No',b'No',b'No',b'No',,b'No',b'',b'',b'Removable Li-Ion battery',,"b'Silver, Gold'",,,b'CIF',,,,,,,,,,,,,,,,,,,,,,,b'Up to 5 h',b'Up to 240 h',b'Class 8',b'No',,"b'500 x 9 fields, Photo call'","b'20 dialed, 20 received, 20 missed calls'","b'SMS, EMS, MMS'",b'2',b'No',,b'WAP 1.2.1',,,b'Vibration; Downloadable polyphonic ringtones',,,
b'nec',b'NEC N600',b'https://fdn2.gsmarena.com/vv/bigpic/nen600.gif',b'GSM',b'GSM 900 / 1800',b'Second external mono LCD display (96 x 64 pixels) Wallpapers Downloadable pictures and animations',,b'Handwriting recognition software',,,,"b'2003, Q4'",b'Discontinued',b'93.5 x 48 x 25 mm (3.68 x 1.89 x 0.98 in)',b'110 g (3.88 oz)',b'Mini-SIM',b'Predictive text input Voice memo Organizer',"b'TFT resistive touchscreen, 65K colors'",b'',"b'176 x 240 pixels, 4:3 ratio'",,,,,b'No',,,,b'No',,,,b'No',b'No',b'No',b'No',b'No',,b'No',b'',b'',b'Removable Li-Ion battery',,b'Silver',,,b'VGA',,,,,,,,,,,,,,,,,,,,,,,b'Up to 2 h 20 min',b'Up to 110 h',b'Yes',b'No',,b'Yes',"b'20 dialed, 20 received, 20 missed calls'","b'SMS, EMS, MMS'",b'Yes',b'No',,b'WAP 2.0/xHTML',,,b'Vibration; Downloadable polyphonic ringtones',,,
b'nec',b'NEC c616v',b'https://fdn2.gsmarena.com/vv/bigpic/nec616v.gif',b'GSM / UMTS',b'GSM 900 / 1800',b'Second external monochrome display (120 x 30 pixels) Wallpapers Downloadable pictures',b'UMTS 2100',b'Predictive text input MP3 player H.263 player Organizer Voice recorder',,,"b'Yes, 384 kbps'","b'2003, Q4'",b'Discontinued',"b'103 x 53 x 26 mm, 120 cc (4.06 x 2.09 x 1.02 in)'",b'130 g (4.59 oz)',b'Mini-SIM',,"b'TFT, 65K colors'","b'2.2 inches, 35 x 43 mm, 14.9 cm2 (~27.3% screen-to-body ratio)'","b'176 x 240 pixels, 4:3 ratio (~135 ppi density)'",,,,,b'Memory Stick Duo',b'19MB',,,b'Yes',,,b'',b'No',b'No',b'No',b'1.1',"b'Yes, with A-GPS'",,b'No',b'Proprietary',b'',b'Removable Li-Ion 780 mAh battery',,b'Silver or Graphite',,,b'VGA',,,,,,,,,,,,,b'Yes',,,,,,,,,,b'Up to 1h 50 min',b'Up to 120 h',,,,b'500',"b'20 dialed, 20 received, 20 missed calls'","b'SMS, EMS, MMS, Email'",b'Yes + downloadable',b'Yes',,b'',,,b'Vibration; Downloadable polyphonic ringtones',,,
b'nec',b'NEC e616',b'https://fdn2.gsmarena.com/vv/bigpic/nee616.gif',b'GSM / UMTS',b'GSM 900 / 1800',b'Second external monochrome display (120 x 30 pixels) Wallpapers Downloadable pictures and animations',b'UMTS 2100',b'MP3/H.263 player Predictive text input Organizer',,,"b'Yes, 384 kbps'","b'2003, Q4'",b'Discontinued',"b'103 x 53 x 26 mm, 120 cc (4.06 x 2.09 x 1.02 in)'",b'130 g (4.59 oz)',b'Mini-SIM',,"b'TFT, 65K colors'","b'2.2 inches, 35 x 43 mm, 14.9 cm2 (~27.3% screen-to-body ratio)'","b'176 x 240 pixels, 4:3 ratio (~135 ppi density)'",,,,,b'Memory Stick Duo',b'19MB',,b'LED flash',b'Yes',,,b'',b'No',b'No',b'No',b'1.1',b'Yes',,b'No',b'Proprietary',b'',b'Removable Li-Ion 780 mAh battery',,b'Silver',,,b'CIF',,,,,,,,,,,,,b'Yes',,,,,,,,,,b'Up to 1 h 50 min',b'Up to 120 h',,,,b'500',"b'20 dialed, 20 received, 20 missed calls'","b'SMS, EMS, MMS, EMail'",b'Yes',b'Yes',,b'WAP 2.0/xHTML',,,b'Vibration; Downloadable polyphonic ringtones',,,
b'nec',b'NEC e808y',b'https://fdn2.gsmarena.com/vv/bigpic/nee808y.gif',b'GSM / UMTS',b'GSM 900 / 1800',b'Wallpapers',b'UMTS 2100',b'20 sec voice memo 12 sec video recorder',,,"b'Yes, 384 kbps'","b'2003, Q3'",b'Discontinued',b'143 x 75 x 20 mm (5.63 x 2.95 x 0.79 in)',b'190 g (6.70 oz)',b'Mini-SIM',"b'Media player (audio and video) Organizer Voice dial/memo Video download Formats: MP4-Video, MP4 AAC, WMA, AMR, JPG, GIF, BMP, MIDI'","b'TFT, 65K colors'",b'',"b'132 x 160 pixels, 8 lines'",,,,,b'No',b'64MB',,,b'Yes',,,b'',b'No',b'No',b'No',b'No',b'No',,b'No',b'Proprietary',b'',b'Removable Li-Ion battery',,"b'2 - Gold, Black'",,,b'CIF',,,,,,,,,,,,,b'Yes',,,,,,,,,,b'Up to 3 h',b'Up to 70 h',,,b'QWERTY',"b'500 x 8 entries, Photo call'","b'20 dialed, 20 received, 20 missed calls'","b'SMS, EMS, MMS, Email'",b'Yes',b'Yes',,b'WAP',,,b'Vibration; Downloadable polyphonic ringtones',,b'Yes',b'Yes'
b'nec',b'NEC e808',b'https://fdn2.gsmarena.com/vv/bigpic/nee808.gif',b'GSM / UMTS',b'GSM 900 / 1800',b'Wallpapers',b'UMTS 2100',b'20 sec voice memo  12 sec video recorder',,,"b'Yes, 384 kbps'","b'2003, Q1'",b'Discontinued',b'105 x 80 x 23 mm (4.13 x 3.15 x 0.91 in)',b'200 g (7.05 oz)',b'Mini-SIM',b'Media player (audio and video)   Organizer Voice dial  Voice memo  Video download',"b'TFT, 65K colors'",b'',"b'162 x 132 pixels, 8 lines'",,,,,b'No',b'64MB',,,b'Yes',,,b'',b'No',b'No',b'No',b'No',b'No',,b'No',b'Proprietary',b'',b'Removable Li-Ion 1200 mAh battery',,"b'2 - Gold, Black'",,,b'CIF',,,,,,,,,,,,,b'Yes',,,,,,,,,,b'Up to 3 h 20 min',b'Up to 200 h',,,b'QWERTY',"b'500 x 8 entries, Photo call'","b'20 dialed, 20 received, 20 missed calls'","b'SMS, MMS'",b'Yes',b'Yes',,b'WAP',,,b'Vibration; Downloadable polyphonic ringtones',,b'Yes',b'Yes'
b'nec',b'NEC e606',b'https://fdn2.gsmarena.com/vv/bigpic/nee606.gif',b'GSM / UMTS',b'GSM 900 / 1800',b'Navi key Wallpapers',b'UMTS 2100',b'20 sec voice memo 12 sec video recorder',,,"b'Yes, 384 kbps'","b'2003, Q1'",b'Discontinued',"b'109 x 53 x 32 mm, 140 cc (4.29 x 2.09 x 1.26 in)'",b'145 g (5.11 oz)',b'Mini-SIM',"b'Media player (audio and video) Predictive text input Organizer Voice dial/memo Video download Formats: MP4-Video, MP4 AAC, WMA, AMR, JPG, GIF, BMP, MIDI'","b'TFT, 65K colors'",b'',"b'132 x 160 pixels, 8 lines'",,,,,b'No',b'32MB',,,b'Yes',,,b'',b'No',b'No',b'No',b'1.1',b'No',,b'No',b'Proprietary',b'',b'Removable Li-Ion 1200 mAh battery',,b'',,,b'CIF',,,,,,,,,,,,,b'Yes',,,,,,,,,,b'Up to 3 h 20 min',b'Up to 200 h',,,,"b'500 x 8 entries, Photo call'","b'20 dialed, 20 received, 20 missed calls'","b'SMS, EMS, MMS'",b'Yes',b'Yes',,b'WAP',,,b'Vibration; Downloadable polyphonic ringtones',,b'Yes',b'Yes'
b'nec',b'NEC e530',b'https://fdn2.gsmarena.com/vv/bigpic/nee530.gif',b'GSM',b'GSM 900 / 1800',"b'Second LCD 4096 colors (80 x 108 pixels) Download wallpapers, animations'",,b'10 x 15 sec. voice memo',,,,"b'2003, Q4'",b'Discontinued',"b'101 x 48 x 24 mm, 90 cc (3.98 x 1.89 x 0.94 in)'",b'110 g (3.88 oz)',b'Mini-SIM',b'Predictive text input Organizer Voice memo Profiles',"b'TFT, 65K colors'",b'',"b'162 x 216 pixels, 4:3 ratio'",,,,,b'No',b'2MB',,,b'No',,,,b'No',b'No',b'No',b'No',b'No',,b'No',b'Proprietary',b'',b'Removable Li-Ion 800 mAh battery',,b'Silver',,,b'CIF',,,,,,,,,,,,,,,,,,,,,b'Yes',,b'Up to 3 h 20 min',b'Up to 200 h',b'Yes',b'No',,"b'500 x 8 fields, Photo call'","b'10 dialed, 10 received, 10 missed calls'","b'SMS, EMS, MMS'",b'Yes',b'Yes',,b'WAP 1.2.1',,,b'Vibration; Downloadable polyphonic ringtones',,,
b'nec',b'NEC e525',b'https://fdn2.gsmarena.com/vv/bigpic/nee525.gif',b'GSM',b'GSM 850 / 900 / 1800 / 1900',b'Second LCD 4096 colors (80 x 108 pixels)',,b'20 x 20 sec. voice memo',,,,b'2003',b'Discontinued',"b'101 x 48 x 24 mm, 90 cc (3.98 x 1.89 x 0.94 in)'",b'110 g (3.88 oz)',b'Mini-SIM',b'Predictive text input Organizer Voice memo Profiles',"b'TFT, 65K colors'",b'',"b'162 x 216 pixels, 4:3 ratio'",,,,,b'No',b'1MB',,,b'No',,,,b'No',b'No',b'No',b'No',b'No',,b'No',b'Proprietary',b'',b'Removable Li-Ion 800 mAh battery',,b'Silver',,,b'CIF',,,,,,,,,,,,,,,,,,,,,b'Yes',,b'Up to 3 h 20 min',b'Up to 200 h',b'Class 8',b'No',,"b'500 x 8 fields, Photo call'","b'20 dialed, 20 received, 20 missed calls'","b'SMS, MMS, Email'",b'Yes',b'Yes',,b'WAP 1.2.1',,,b'Vibration; Downloadable polyphonic ringtones',"b'English, Spanish, French'",b'Yes',b'Yes'
b'nec',b'NEC e232',b'https://fdn2.gsmarena.com/vv/bigpic/nee232.gif',b'GSM',b'GSM 900 / 1800 / 1900',"b'Second 12 colors LED (30 x 96 pixels) Download wallpapers, animations'",,b'10 x 20 sec. voice memo',,,,"b'2003, Q2'",b'Discontinued',"b'90 x 43 x 23 mm, 97 cc (3.54 x 1.69 x 0.91 in)'",b'90 g (3.17 oz)',b'Mini-SIM',b'Predictive text input Organizer Voice memo',"b'TFT, 65K colors'",b'',b'128 x 160 pixels',,,,,b'No',,,,b'No',,,,b'No',b'No',b'No',b'No',b'No',,b'No',b'',b'',b'Removable Li-Ion 700 mAh battery',,b'',,,b'CIF',,,,,,,,,,,,,,,,,,,,,,,b'Up to 3 h 30 min',b'Up to 220 h',b'Yes',b'No',,"b'500 x 8 fields, Photo call'","b'10 dialed, 10 received, 10 missed calls'","b'SMS, EMS, MMS'",b'5',b'No',,b'WAP 1.2.1',,,b'Vibration; Downloadable polyphonic ringtones',,,
b'nec',b'NEC N341i',b'https://fdn2.gsmarena.com/vv/bigpic/nen341i.gif',b'GSM',b'GSM 900 / 1800',"b'Second LCD 4096 colors (80 x 108 pixels) Downloadable wallpapers, animations'",,b'No',,,,b'2003',b'Discontinued',"b'101 x 48 x 24 mm, 90 cc (3.98 x 1.89 x 0.94 in)'",b'110 g (3.88 oz)',b'Mini-SIM',b'Predictive text input Organizer Voice memo  Profiles',"b'TFT, 65K colors'",b'',"b'162 x 216 pixels, 4:3 ratio'",,,,,b'No',,,,b'No',,,,b'No',b'No',b'No',b'No',b'No',,b'No',b'Proprietary',b'',b'Removable Li-Ion 800 mAh battery',,b'Silver',,,b'CIF',,,,,,,,,,,,,,,,,,,,,b'Yes',,b'Up to 3 h 20 min',b'Up to 200 h',b'Class 8',b'No',,"b'500 x 8 fields, Photo call'","b'10 dialed, 10 received, 10 missed calls'","b'SMS, MMS, Email'",b'Yes',b'Yes',,b'iMode',,,"b'Vibration; Downloadable polyphonic ringtones, composer'",,b'Yes',b'Yes'
b'nec',b'NEC N223i',b'https://fdn2.gsmarena.com/vv/bigpic/nen223i.gif',b'GSM',b'GSM 900 / 1800',"b'Second LCD (120 x 30 pixels) with 12 color  Download wallpaper, animation'",,b'10 x 20 sec voice memo',,,,b'2003',b'Discontinued',"b'88 x 45 x 26 mm, 90 cc (3.46 x 1.77 x 1.02 in)'",b'110 g (3.88 oz)',b'Mini-SIM',b'Predictive text input Organizer Voice memo  Profiles',"b'CSTN, 4096 colors'",b'',"b'120 x 160 pixels, 4:3 ratio'",,,,,b'No',,,,,,,,b'No',b'No',b'No',b'No',b'No',,b'No',b'',b'',b'Removable Li-Ion 780 mAh battery',,b'Silver',,,,,,,,,,,,,,,,,,,,,,,,,,b'Up to 3 h 20 min',b'Up to 200 h',b'Class 8',b'No',,"b'500 x 8 fields, Photo call'","b'10 dialed, 10 received, 10 missed calls'","b'SMS, Email'","b'5 -  Belt, Poker, Puzzle, Thief & UFO'",b'No',,b'iMode',,,b'Vibration; Downloadable polyphonic ringtones',,,
b'nec',b'NEC N22i',b'https://fdn2.gsmarena.com/vv/bigpic/nen22i.gif',b'GSM',b'GSM 900 / 1800',"b'Second LCD (120 x 30 pixels) with 12 color backlight Downloadable wallpapers, animations'",,b'10 x 20 sec voice memo',,,,b'2003',b'Discontinued',"b'101 x 48 x 27 mm, 94 cc (3.98 x 1.89 x 1.06 in)'",b'110 g (3.88 oz)',b'Mini-SIM',b'Predictive text input Organizer Voice memo  Profiles Interchangeable covers',"b'CSTN, 4096 colors'",b'',"b'120 x 160 pixels, 4:3 ratio'",,,,,b'No',,,,,,,,b'No',b'No',b'No',b'No',b'No',,b'No',b'',b'',b'Removable Li-Ion 800 mAh battery',,b'Silver',,,,,,,,,,,,,,,,,,,,,,,,,,b'Up to 3 h 20 min',b'Up to 200 h',b'Class 8',b'No',,"b'500 x 8 fields, Photo call'","b'10 dialed, 10 received, 10 missed calls'","b'SMS, Email'","b'5 - Belt, Poker, Puzzle, Thief, UFO'",b'No',,b'iMode',,,"b'Vibration; Downloadable polyphonic ringtones, composer'",,b'Yes',b'Yes'
b'nec',b'NEC N21i',b'https://fdn2.gsmarena.com/vv/bigpic/nen21i.gif',b'GSM',b'GSM 900 / 1800',"b'LED in 7 colors, color assigned to contact groups Dynamic font size Download wallpaper, animation and CLI pictures'",,b'No',,,,b'2002',b'Discontinued',b'102 x 52 x 24.7 mm (4.02 x 2.05 x 0.97 in)',b'120 g (4.23 oz)',b'Mini-SIM',b'Predictive text input Organizer Voice memo/dial Profiles Scratchpad',"b'CSTN, 256 colors'",b'',"b'120 x 160 pixels, 10 lines, 4:3 ratio'",,,,,b'No',,,,,,,,b'No',b'No',b'No',b'No',b'No',,b'No',b'',b'',b'Removable Li-Ion battery',,b'Silver',,,,,,,,,,,,,,,,,,,,,,,,,,b'3 h',b'165 h',b'Class 8',b'No',,b'500',"b'10 dialed, 10 received, 10 missed calls'","b'SMS, Email'","b'2 - Thief, Rolling Band'",b'No',,"b'WAP, iMode'",,,"b'Vibration; Downloadable polyphonic ringtones, composer'",,b'Yes',b'Yes'
b'nec',b'NEC DB7000',b'https://fdn2.gsmarena.com/vv/bigpic/nedb7000.gif',b'GSM',b'GSM 900 / 1800',"b'LED in 7 colors, color assigned to contact groups Dynamic font size Download wallpaper, animation and CLI pictures'",,b'No',,,,b'2002',b'Discontinued',b'102 x 52 x 24.7 mm (4.02 x 2.05 x 0.97 in)',b'120 g (4.23 oz)',b'Mini-SIM',b'Predictive text input Organizer Voice memo  Profiles Scratchpad',"b'CSTN, 256 colors'",b'',"b'120 x 160 pixels, 4:3 ratio'",,,,,b'No',,,,,,,,b'No',b'No',b'No',b'No',b'No',,b'No',b'',b'',b'Removable Li-Ion battery',,b'Silver',,,,,,,,,,,,,,,,,,,,,,,,,,b'3 h',b'165 h',b'Class 8',b'No',,b'500',"b'10 dialed, 10 received, 10 missed calls'",b'SMS',b'Yes',b'No',,b'WAP',,,"b'Vibration; Downloadable monophonic ringtones, composer'",,b'Yes',b'Yes'
b'nec',b'NEC DB6000',b'https://fdn2.gsmarena.com/vv/bigpic/nedb6000.gif',b'GSM',b'GSM 900 / 1800',b'Dynamic font size Wake up picture downloadable via WAP',,b'No',,,,b'2001',b'Discontinued',"b'94 x 50 x 26 mm, 100 cc (3.70 x 1.97 x 1.02 in)'",b'',b'Mini-SIM',b'Predictive text input Organizer Voice memo Profiles Scratchpad',b'Monochrome graphic',b'',"b'120 x 160 pixels, 4:3 ratio'",,,,,b'No',,,,,,,,b'No',b'No',b'No',b'No',b'No',,b'No',b'',b'',b'Removable Li-Ion battery',,b'Silver',,,,,,,,,,,,,,,,,,,,,,,,,,b'5 h',b'195 h',b'No',b'No',,b'100',"b'10 dialed, 10 received, 10 missed calls'",b'SMS',b'No',b'No',,b'WAP',,,"b'Vibration; Monophonic ringtones, composer'",b'18',b'Yes',b'Yes'
b'nec',b'NEC DB5000',b'https://fdn2.gsmarena.com/vv/bigpic/nedb5000.gif',b'GSM',b'GSM 900 / 1800',b'See who is calling feature 7 colour LED Dynamic font size',,b'No',,,,b'2001',b'Discontinued',"b'90 x 46 x 23 mm, 85 cc (3.54 x 1.81 x 0.91 in)'",b'99 g (3.49 oz)',b'Mini-SIM',b'Predictive text input Profiles Organizer Scratchpad',b'Monochrome graphic',b'',"b'97 x 59 pixels, 5:3 ratio'",,,,,b'No',,,,,,,,b'No',b'No',b'No',b'No',b'No',,b'No',b'',b'',b'Removable Li-Ion battery',,b'Silver',,,,,,,,,,,,,,,,,,,,,,,,,,b'5 h',b'200 h',b'No',b'No',,b'100',"b'10 dialed, 10 received, 10 missed calls'",b'SMS',b'No',b'No',,b'',,,"b'Vibration; Monophonic ringtones, composer'",b'18',b'Yes',b'Yes'
b'nec',b'NEC DB4100',b'https://fdn2.gsmarena.com/vv/bigpic/nedb4100.gif',b'GSM',b'GSM 900 / 1800',b'Dynamic font size Softkeys',,b'No',,,,b'2000',b'Discontinued',"b'120 x 42 x 22 mm, 89 cc (4.72 x 1.65 x 0.87 in)'",b'99 g (3.49 oz)',b'Mini-SIM',b'Profiles Organizer Scratchpad',b'Alphanumeric',b'',"b'97 x 59 pixels, 5:3 ratio'",,,,,b'No',,,,,,,,b'No',b'No',b'No',b'No',b'No',,b'No',b'',b'',b'Removable Li-Ion battery',,b'',,,,,,,,,,,,,,,,,,,,,,,,,,b'330 min',b'195 h',b'No',b'No',,b'100',"b'10 dialed, 10 received, 10 missed calls'",b'SMS',b'No',b'No',,b'',,,b'Vibration; Monophonic ringtones',b'18',b'Yes',b'Yes'
b'nec',b'NEC DB4000',b'https://fdn2.gsmarena.com/vv/bigpic/ned4000b.gif',b'GSM',b'GSM 900 / 1800',b'Dynamic font size Softkeys',,b'No',,,,b'2000',b'Discontinued',"b'120 x 42 x 22 mm, 89 cc (4.72 x 1.65 x 0.87 in)'",b'99 g (3.49 oz)',b'Mini-SIM',b'Profiles Organizer Scratchpad',b'Alphanumeric',b'',"b'97 x 59 pixels, 5:3 ratio'",,,,,b'No',,,,,,,,b'No',b'No',b'No',b'No',b'No',,b'No',b'',b'',b'Removable Li-Ion battery',,b'Metallic',,,,,,,,,,,,,,,,,,,,,,,,,,b'330 min',b'195 h',b'No',b'No',,b'100',"b'10 dialed, 10 received, 10 missed calls'",b'SMS',b'No',b'No',,b'',,,b'Vibration; Monophonic ringtones',b'18',b'Yes',b'Yes'
b'nec',b'NEC DB2000',b'https://fdn2.gsmarena.com/vv/bigpic/ned2000b.gif',b'GSM',b'GSM 900 / 1800',b'Fixed icons',,b'No',,,,b'1999',b'Discontinued',"b'131 x 41 x 19 mm, 100 cc (5.16 x 1.61 x 0.75 in)'",b'130 g (4.59 oz)',b'Mini-SIM',b'Organizer Scratchpad',b'Alphanumeric',b'',b'4 x 12 chars',,,,,b'No',,,,,,,,b'No',b'No',b'No',b'No',b'No',,b'No',b'',b'',b'Removable Li-Ion battery',,b'Metallic',,,,,,,,,,,,,,,,,,,,,,,,,,b'200 - 480 min',b'150 - 300 h',b'No',b'No',,b'',"b'5 dialed, 5 received, 5 missed calls'",b'SMS',b'No',b'No',,b'',,,b'Vibration; Monophonic ringtones',b'17',b'Yes',b'Yes'
b'nec',b'NEC DB500',b'https://fdn2.gsmarena.com/vv/bigpic/nedb500b.gif',b'GSM',b'GSM 900 / 1800',b'Fixed icons',,b'No',,,,b'1999',b'Discontinued',"b'134 x 48 x 26 mm, 120 cc (5.28 x 1.89 x 1.02 in)'",b'135 g (4.76 oz)',b'Mini-SIM',b'Organizer Scratchpad Interchangeable front covers',b'Alphanumeric',b'',b'4 x 12 chars',,,,,b'No',,,,,,,,b'No',b'No',b'No',b'No',b'No',,b'No',b'',b'',b'Removable NiMH battery',,b'4',,,,,,,,,,,,,,,,,,,,,,,,,,b'120 - 400 min',b'130 - 150 h',b'No',b'No',,b'',"b'5 dialed, 5 received, 5 missed calls'",b'SMS',b'No',b'No',,b'',,,b'Vibration; Monophonic ringtones',b'17',b'Yes',b'Yes'
b'nec',b'NEC G9D+',b'https://fdn2.gsmarena.com/vv/bigpic/neg9dpb.gif',b'GSM',b'GSM 900',b'Fixed icons',,b'No',,,,b'1997',b'Discontinued',b'145 x 49 x 22.5 mm (5.71 x 1.93 x 0.89 in)',b'200 g (7.05 oz)',b'Mini-SIM',,b'Alphanumeric',b'',b'4 x 12 chars',,,,,b'No',,,,,,,,b'No',b'No',b'No',b'No',b'No',,b'No',b'',b'',b'Removable NiMH battery',,b'',,,,,,,,,,,,,,,,,,,,,,,,,,b'105 min',b'28 h',b'No',b'No',,b'',b'',b'SMS',b'No',b'No',,b'',b'56 h',b'210 min',b'Vibration; Monophonic ringtones',,b'No',b'No'
