Brand,Model Name,Model Image,Technology,2G bands,3G bands,,4G bands,_1,Speed,Announced,Status,Dimensions,Weight,SIM,Type,Size,Resolution,OS,Chipset,CPU,GPU,Card slot,Internal,Quad,Features,Video,Single,Video_1,Loudspeaker,3.5mm jack,WLAN,Bluetooth,GPS,NFC,Radio,USB,Sensors,Type_1,Charging,Colors,Models,Price,64GB 4GB RAM,128GB 4GB RAM,_1_1,Build,Single_1,Features_1,4GB 512MB RAM,5G bands,Protection,Dual,Phonebook,Call records,Messaging,Games,Java,SAR,SAR EU,128MB 64MB RAM,Triple,32GB 3GB RAM,64GB 3GB RAM,32GB 2GB RAM,16GB 2GB RAM,GPRS,EDGE,Stand-by,Talk time,128GB 8GB RAM,64GB 6GB RAM,64GB 8GB RAM,16GB 1GB RAM,16MB 8MB RAM,Performance,Display,Camera,Loudspeaker_1,Audio quality,Battery life,128GB 6GB RAM,4GB 512MB,Five,8GB 1GB RAM,Music play,Stand-by_1,Talk time_1,16GB 3GB RAM,Keyboard,Browser,Infrared port,Alert types,Languages,Clock,Alarm
b'o2',b'O2 XDA Serra',b'https://fdn2.gsmarena.com/vv/bigpic/o2-xda_serra.jpg',b'GSM / HSPA',b'GSM 850 / 900 / 1800 / 1900',b'HSDPA 2100',b'Handwriting recognition',,b'MP3/WAV/WMA player MP4/WMV/3gp player Pocket Office  Voice memo Predictive text input',b'HSPA 7.2/0.384 Mbps',"b'2008, July. Released 2008, September'",b'Discontinued',b'102 x 51 x 18.1 mm (4.02 x 2.01 x 0.71 in)',b'165 g (5.82 oz)',b'Mini-SIM',"b'TFT resistive touchscreen, 65K colors'","b'2.8 inches, 24.3 cm2 (~46.7% screen-to-body ratio)'","b'480 x 640 pixels, 4:3 ratio (~286 ppi density)'",b'Microsoft Windows Mobile 6.1 Professional',b'Qualcomm MSM7201A',b'528 MHz ARM 11',b'Adreno 130',b'microSD (dedicated slot)',"b'288MB RAM, 512MB ROM'",,b'LED flash',b'Yes',"b'3.15 MP, AF'",b'',b'Yes',b'No',b'Wi-Fi 802.11 b/g',"b'2.0, A2DP'","b'Yes, with A-GPS'",,"b'Stereo FM radio, RDS'",b'miniUSB',b'Accelerometer',b'Removable Li-Ion 1340 mAh battery',,b'Black',,,,,,,b'VGA videocall camera',,,,,,,,,,,,,,,,,,,,,b'Up to 406 h',b'Up to 8 h',,,,,,,,,,,,,,,,,,,,b'QWERTY',"b'WAP 2.0/xHTML, HTML'",,,,,
b'o2',b'O2 XDA Guide',b'https://fdn2.gsmarena.com/vv/bigpic/o2-xda-guide.jpg',b'GSM / HSPA',b'GSM 850 / 900 / 1800 / 1900',b'HSDPA 2100',b'TouchFLO finger swipe navigation Handwriting recognition 5-way navigation',,b'No',b'HSPA',"b'2008, December. Released 2009, February'",b'Discontinued',b'102 x 53.5 x 14.5 mm (4.02 x 2.11 x 0.57 in)',b'102 g (3.60 oz)',b'Mini-SIM',"b'TFT resistive touchscreen, 65K colors'","b'2.8 inches, 24.3 cm2 (~44.5% screen-to-body ratio)'","b'240 x 320 pixels, 4:3 ratio (~143 ppi density)'",b'Microsoft Windows Mobile 6.1 Professional',b'Qualcomm MSM7225 Snapdragon S1',b'528 MHz ARM 11',b'No',"b'microSD (dedicated slot), 1 GB included'","b'256MB RAM, 512MB ROM'",,,b'CIF',b'3.15 MP',,b'Yes',b'No',b'Wi-Fi 802.11 b/g',"b'2.0, A2DP'","b'Yes, with A-GPS; TomTom NAVIGATOR 7'",,b'No',b'miniUSB',b'',b'Removable Li-Ion 1110 mAh battery',,b'Grey',,,,,b'HTC Footprints Pocket Office  Voice memo MP3/AAC player 3GP/MP4/WMV/AVI player Predictive text input',,,,,,,,,,,,,,,,,,,,,,,b'Up to 400 h',b'Up to 6 h 30 min',,,,,,,,,,,,,,,,,,,,,"b'WAP 2.0/xHTML, HTML'",,,,,
b'o2',b'O2 XDA Zest',b'https://fdn2.gsmarena.com/vv/bigpic/o2-xda-zest.jpg',b'GSM / HSPA',b'GSM 900 / 1800 / 1900',b'HSDPA 2100',b'Handwriting recognition',,b'SiRF star III chipset Pocket Office  Voice memo MP3 player Predictive text input',b'HSPA 3.6/0.384 Mbps',"b'2008, October. Released 2008, November'",b'Discontinued',b'102 x 60.5 x 16.5 mm (4.02 x 2.38 x 0.65 in)',b'102.5 g (3.60 oz)',b'Mini-SIM',"b'TFT resistive touchscreen, 65K colors'","b'2.8 inches, 24.3 cm2 (~39.3% screen-to-body ratio)'","b'480 x 640 pixels, 4:3 ratio (~286 ppi density)'",b'Microsoft Windows Mobile 6.1 Professional',,b'624MHz Marvell TavorP',,b'microSDHC (dedicated slot)',"b'128MB RAM, 256MB ROM'",,,b'Yes',"b'3.15 MP, AF'",b'',b'Yes',b'No',b'Wi-Fi 802.11 b/g',"b'2.0, A2DP'","b'Yes, with A-GPS,  SiRF Star III chipset'",,b'No',b'miniUSB 1.1',b'',b'Removable Li-Ion 1300 mAh battery',,b'Black',,,,,,,b'VGA videocall camera',,,,,,,,,,,,,,,,,,,,,b'Up to 260 h',b'Up to 5 h',,,,,,,,,,,,,,,,,,,,,"b'WAP 2.0/xHTML, HTML'",,,,,
b'o2',b'O2 XDA Ignito',b'https://fdn2.gsmarena.com/vv/bigpic/o2-xda-ignito.jpg',b'GSM / HSPA',b'GSM 900 / 1800 / 1900',b'HSDPA 2100',b'TouchFLO 3D finger swipe navigation Handwriting recognition',,b'Pocket Office  Voice memo MP3 player',b'HSPA 7.2/0.384 Mbps',"b'2008, August. Released 2008, August'",b'Discontinued',b'102 x 51 x 11.5 mm (4.02 x 2.01 x 0.45 in)',b'110 g (3.88 oz)',b'Mini-SIM',"b'TFT resistive touchscreen, 65K colors'","b'2.8 inches, 24.3 cm2 (~46.7% screen-to-body ratio)'","b'480 x 640 pixels, 4:3 ratio (~286 ppi density)'",b'Microsoft Windows Mobile 6.1 Professional',b'Qualcomm MSM7201A',b'528 MHz ARM 11',b'Adreno 130',b'No',b'4GB 192MB RAM',,,b'CIF@30fps',"b'3.15 MP, AF'",b'',b'Yes',b'No',b'Wi-Fi 802.11 b/g',"b'2.0, A2DP'","b'Yes, with A-GPS'",,"b'Stereo FM radio, RDS'",b'miniUSB',b'Accelerometer',b'Removable Li-Ion 900 mAh battery',,b'Black',,,,,,,b'VGA videocall camera',,,,,,,,,,,,,,,,,,,,,b'Up to 285 h',b'Up to 5 h 30 min',,,,,,,,,,,,,,,,,,,,,"b'WAP 2.0/xHTML, HTML'",,"b'Vibration; Downloadable polyphonic, MP3, WAV, WMA ringtones'",,,
b'o2',b'O2 XDA Stellar',b'https://fdn2.gsmarena.com/vv/bigpic/o2-xda-stellar.jpg',b'GSM / HSPA',b'GSM 850 / 900 / 1800 / 1900',b'HSDPA 850 / 1900 / 2100',b'Handwriting recognition',,b'Pocket Office  Business card reader Voice memo Media Player 10',b'HSPA 3.6/0.384 Mbps',"b'2007, November'",b'Cancelled',b'112 x 59 x 18.6 mm (4.41 x 2.32 x 0.73 in)',b'190 g (6.70 oz)',b'Mini-SIM',"b'TFT resistive touchscreen, 65K colors'","b'2.8 inches, 24.3 cm2 (~36.7% screen-to-body ratio)'","b'240 x 320 pixels, 4:3 ratio (~143 ppi density)'",b'Microsoft Windows Mobile 6.0 Professional',b'Qualcomm MSM7200',b'400 MHz ARM 11',b'Adreno 130',b'microSD',"b'128MB RAM, 256MB ROM'",,,b'Yes',"b'3.15 MP, AF'",b'',b'Yes',b'No',b'Wi-Fi 802.11b/g',b'2.0',"b'Yes, with A-GPS'",,b'No',b'2.0',b'',b'Removable Li-Ion 1350 mAh battery',,b'Silver',,,,,,,b'VGA videocall camera',,,,,,,,,,,,,,,,,,,,,b'Up to 365 h',b'Up to 5 h',,,,,,,,,,,,,,,,,,,,b'QWERTY',"b'WAP 2.0/xHTML, HTML (PocketIE)'",,"b'Vibration; Downloadable polyphonic, MP3 ringtones'",,,
b'o2',b'O2 XDA Orbit II',b'https://fdn2.gsmarena.com/vv/bigpic/o2-xda-orbit2-ofic.jpg',b'GSM / HSPA',b'GSM 850 / 900 / 1800 / 1900',b'HSDPA 2100',b'HSDPA 850 / 1900',,b'TouchFLO finger swipe navigation Handwriting recognition 4-way navigation wheel',b'HSPA 3.6/0.384 Mbps',"b'2007, November. Released 2008, February'",b'Discontinued',b'110 x 58 x 15.5 mm (4.33 x 2.28 x 0.61 in)',b'130 g (4.59 oz)',b'Mini-SIM',"b'TFT resistive touchscreen, 65K colors'","b'2.8 inches, 24.3 cm2 (~38.1% screen-to-body ratio)'","b'240 x 320 pixels, 4:3 ratio (~143 ppi density)'",b'Microsoft Windows Mobile 6.0 Professional',b'Qualcomm MSM7200',b'400 MHz ARM 11',b'Adreno 130',"b'microSD (dedicated slot), SD 2.0 compatible'","b'128MB RAM, 256MB ROM'",,,b'Yes',"b'3.15 MP, AF'",b'',b'Yes',b'No',b'Wi-Fi 802.11b/g',"b'2.0, A2DP'","b'Yes, CoPilot Live Navigator'",,b'FM radio',b'miniUSB',b'',b'Removable Li-Ion 1350 mAh battery',,b'Black',,,,,b'Pocket Office  Voice memo MP3/AAC/AAC+/WMA/WAV/AMR-NB player Predictive text input',,b'VGA',,,,,,,,,,,,b'1.72 W/kg (head)',,,,,,,,,b'Up to 400 h (2G) / Up to 450 h (3G)',b'Up to 7 h (2G) / Up to 4 h (3G)',,,,,,,,,,,,,,,,,,,,,"b'WAP 2.0/xHTML, HTML (PocketIE)'",,"b'Vibration; Downloadable polyphonic, MP3, AAC ringtones'",,,
b'o2',b'O2 XDA Comet',b'https://fdn2.gsmarena.com/vv/bigpic/o2-xda-comet.jpg',b'GSM / HSPA',b'GSM 900 / 1800 / 1900',b'HSDPA 1900 / 2100',b'Handwriting recognition',,b'Pocket Office  Voice memo MP3/AAC player',b'HSPA',"b'2007, September'",b'Discontinued',b'106 x 58 x 19 mm (4.17 x 2.28 x 0.75 in)',b'145 g (5.11 oz)',b'Mini-SIM',"b'TFT resistive touchscreen, 65K colors'","b'2.7 inches, 22.6 cm2 (~36.7% screen-to-body ratio)'","b'240 x 320 pixels, 4:3 ratio (~148 ppi density)'",b'Microsoft Windows Mobile 6.0 Professional',,b'Intel XScale PXA 270 620 MHz',,b'miniSD',"b'64MB RAM, 1GB ROM'",,b'LED flash',b'Yes',b'2 MP',b'',b'Yes',b'No',b'Wi-Fi 802.11b/g',b'1.2',b'No',,"b'Stereo FM radio, RDS'",b'miniUSB',b'',b'Removable Li-Ion battery',,b'Silver',,,,,,,b'VGA videocall camera',,,,,,,,,,,,,,,,,,,,,b'Up to 200 h',b'Up to 6 h',,,,,,,,,,,,,,,,,,,,,"b'WAP 2.0/xHTML, HTML (PocketIE)'",b'Yes',"b'Vibration; Downloadable polyphonic, MP3 ringtones'",,,
b'o2',b'O2 XDA Nova',b'https://fdn2.gsmarena.com/vv/bigpic/o2-xda-nova.jpg',b'GSM',b'GSM 900 / 1800 / 1900',,b'TouchFLO finger swipe navigation Handwriting recognition 5-way navigation',,b'No',,"b'2007, June'",b'Discontinued',b'100 x 58 x 14 mm (3.94 x 2.28 x 0.55 in)',b'120 g (4.23 oz)',b'Mini-SIM',"b'TFT resistive touchscreen, 65K colors'","b'2.8 inches, 24.3 cm2 (~41.9% screen-to-body ratio)'","b'240 x 320 pixels, 4:3 ratio (~143 ppi density)'",b'Microsoft Windows Mobile 6.0 Professional',b'TI OMAP 850',b'200 MHz ARM926EJ-S',,"b'microSD (dedicated slot), 1 GB included'","b'128MB RAM, 256MB ROM'",,,b'Yes',b'2 MP',,b'Yes',b'No',b'Wi-Fi 802.11b/g',b'2.0',b'No',,b'No',b'miniUSB',b'',b'Removable Li-Ion battery',,"b'Soft Black, Wasabi Green'",,b'About 520 EUR',,,b'Pocket Office  Voice memo MP3/AAC player',,,,,,,,,,,,,,,,,,,,,b'Class 10',b'Yes',b'Up to 200 h',b'Up to 3 h 30 min',,,,,,,,,,,,,,,,,,,,,"b'WAP 2.0/xHTML, HTML (PocketIE)'",,"b'Vibration; Downloadable polyphonic, MP3 ringtones'",,,
b'o2',b'O2 XDA Terra',b'https://fdn2.gsmarena.com/vv/bigpic/o2-xda-terra.jpg',b'GSM',b'GSM 850 / 900 / 1800 / 1900',,b'Handwriting recognition',,b'No',,"b'2007, March'",b'Discontinued',b'109 x 59 x 17 mm (4.29 x 2.32 x 0.67 in)',b'168 g (5.93 oz)',b'Mini-SIM',"b'TFT resistive touchscreen, 65K colors'","b'2.7 inches, 42 x 57 mm, 22.6 cm2 (~35.1% screen-to-body ratio)'","b'240 x 320 pixels, 4:3 ratio (~148 ppi density)'",b'Microsoft Windows Mobile 5.0 PocketPC',b'TI OMAP 850',b'200 MHz ARM926EJ-S',,b'microSD (dedicated slot)',"b'64MB RAM, 128MB ROM'",,,b'QCIF',b'2 MP',,b'Yes',b'No',b'Wi-Fi 802.11b/g',"b'2.0, A2DP'",b'No',,b'No',b'1.1',b'',b'Removable Li-Ion battery',,b'Black',,,,,b'Pocket Office  Voice memo MP3/AAC player',,,,,,,,,,,,,,,,,,,,,b'Class 10',b'Class 10',b'Up to 200 h',b'Up to 5 h',,,,,,,,,,,,,,,,,,,,b'QWERTY',"b'WAP 2.0/xHTML, HTML (PocketIE)'",,"b'Vibration; Downloadable polyphonic, MP3 ringtones'",,,
b'o2',b'O2 XDA Argon',b'https://fdn2.gsmarena.com/vv/bigpic/o2-xda-argon.jpg',b'GSM',b'GSM 900 / 1800 / 1900',,b'Handwriting recognition 5-way navigation',,b'No',,"b'2007, May'",b'Discontinued',b'130 x 70 x 18.8 mm (5.12 x 2.76 x 0.74 in)',b'200 g (7.05 oz)',b'Mini-SIM',"b'TFT resistive touchscreen, 65K colors'","b'3.5 inches, 37.9 cm2 (~41.7% screen-to-body ratio)'","b'240 x 320 pixels, 4:3 ratio (~114 ppi density)'",b'Microsoft Windows Mobile 5.0 PocketPC',,b'32-bit Samsung SC3 2442 400 MHz',,b'SD',"b'128MB RAM, 256MB ROM'",,,b'Yes',b'2 MP',,b'Yes',b'No',b'Wi-Fi 802.11b/g',b'2.0',b'No',,b'No',b'miniUSB',b'',b'Removable Li-Ion 1300 mAh battery',,b'Silver',,,,,b'Pocket Office   Voice memo MP3/AAC player',,,,,,,,,,,,,,,,,,,,,b'Class 10',b'No',b'Up to 200 h',b'Up to 4 h',,,,,,,,,,,,,,,,,,,,,"b'WAP 2.0/xHTML, HTML (PocketIE)'",b'Yes',"b'Vibration; Downloadable polyphonic, MP3 ringtones'",,,
b'o2',b'O2 XDA Star',b'https://fdn2.gsmarena.com/vv/bigpic/o2-xda-star.gif',b'GSM / HSPA',b'GSM 850 / 900 / 1800 / 1900',b'HSDPA 2100',b'TouchFLO finger swipe navigation Handwriting recognition',,b'Pocket Office  Voice memo MP3/AAC player',b'HSPA 3.6/0.384 Mbps',"b'2007, October'",b'Cancelled',b'107 x 55 x 15.8 mm (4.21 x 2.17 x 0.62 in)',b'120 g (4.23 oz)',b'Mini-SIM',"b'TFT resistive touchscreen, 65K colors'","b'2.6 inches, 20.9 cm2 (~35.6% screen-to-body ratio)'","b'240 x 320 pixels, 4:3 ratio (~154 ppi density)'",b'Microsoft Windows Mobile 6.0 Professional',b'Qualcomm MSM7200',b'400 MHz ARM 11',b'Adreno 130',b'microSD',"b'96MB RAM, 128MB ROM'",,,b'Yes',b'2 MP',b'',b'Yes',b'No',b'No',b'2.0',b'No',,b'No',b'miniUSB',b'',b'Removable Li-Ion 1120 mAh battery',,b'Black',,,,,,,b'CIF videocall camera',,,,,,,,,,,,,,,,,,,,,b'Up to 250 h',b'Up to 5 h',,,,,,,,,,,,,,,,,,,,b'Half-QWERTY',"b'WAP 2.0/xHTML, HTML (PocketIE)'",,"b'Vibration; Downloadable polyphonic, MP3 ringtones'",,,
b'o2',b'O2 Cocoon',b'https://fdn2.gsmarena.com/vv/bigpic/o2-cocoon.gif',b'GSM / HSPA',b'GSM 850 / 900 / 1800 / 1900',b'HSDPA 2100',b'Hidden LED display on front shell',,b'MP3/AAC/AAC+ player Predictive text input Organizer',"b'Yes, 384 kbps'","b'2007, June'",b'Discontinued',b'94 x 49 x 21 mm (3.70 x 1.93 x 0.83 in)',b'114 g (4.02 oz)',b'Mini-SIM',"b'TFT, 256K colors'","b'2.28 inches, 16.1 cm2 (~35.0% screen-to-body ratio)'","b'240 x 320 pixels, 4:3 ratio (~175 ppi density)'",,,,,b'microSD (dedicated slot)',b'2GB',,b'LED flash',b'Yes',"b'2 MP, AF'",b'',b'Yes',b'Yes',b'No',"b'2.0, A2DP'",b'No',,"b'Stereo FM radio, RDS'",b'2.0',b'',b'Removable Li-Ion battery',,b'White',,,,,,,b'Videocall camera',,,,,,"b'1000 entries, Photocall'","b'20 dialed, 20 received, 20 missed calls'","b'SMS, MMS, Email'","b'Tetris, Ice Hockey, Sims2 + downloadable'",b'Yes',,,,,,,,,,,b'Up to 350 h',b'Up to 5 h',,,,,,,,,b'Voice 65dB / Noise 65dB / Ring 78dB',b'Noise -80.1dB / Crosstalk -79.6dB',,,,,,,,,,,"b'WAP 2.0/xHTML, HTML'",,"b'Vibration; Downloadable polyphonic, MP3 ringtones'",,,
b'o2',b'O2 XDA Flame',b'https://fdn2.gsmarena.com/vv/bigpic/o2-xda-flame.gif',b'GSM / UMTS',b'GSM 900 / 1800 / 1900',b'UMTS 2100',b'Handwriting recognition',,b'Pocket Office   Voice memo MP3/AAC player TV-out',"b'Yes, 384 kbps'","b'2007, February'",b'Discontinued',b'126 x 74 x 17.5 mm (4.96 x 2.91 x 0.69 in)',b'190 g (6.70 oz)',b'Mini-SIM',"b'TFT resistive touchscreen, 256K colors (65K effective)'","b'3.6 inches, 40.1 cm2 (~43.0% screen-to-body ratio)'","b'480 x 640 pixels, 4:3 ratio (~222 ppi density)'",b'Microsoft Windows Mobile 5.0 PocketPC',,b'Intel XScale PXA 270 520 MHz',,b'microSD (dedicated slot)',"b'128MB RAM, 2GB ROM'",,b'LED flash',b'Yes',"b'2 MP, AF'",b'',b'Yes',b'No',b'Wi-Fi 802.11b/g',b'2.0',b'No',,"b'Stereo FM radio, RDS'","b'miniUSB, USB On-The-Go'",b'',b'Removable Li-Po 1620 mAh battery',,b'Silver',,b'About 280 EUR',,,,,b'VGA videocall camera',,,,,,,,,,,,,,,,,,,,,b'Up to 200 h',b'Up to 6 h',,,,,,,,,,,,,,,,,,,,,"b'WAP 2.0/xHTML, HTML (PocketIE)'",b'Yes',"b'Vibration; Downloadable polyphonic, MP3 ringtones'",,,
b'o2',b'O2 XDA Atom Life',b'https://fdn2.gsmarena.com/vv/bigpic/o2-xda-atom-life.gif',b'GSM / HSPA',b'GSM 900 / 1800 / 1900',b'HSDPA 1900 / 2100',b'Handwriting recognition',,b'Pocket Office   Voice memo MP3/AAC player',b'HSPA',"b'2007, January'",b'Discontinued',b'106 x 58 x 18 mm (4.17 x 2.28 x 0.71 in)',b'145 g (5.11 oz)',b'Mini-SIM',"b'TFT resistive touchscreen, 256K colors (65K effective)'","b'2.7 inches, 22.6 cm2 (~36.7% screen-to-body ratio)'","b'240 x 320 pixels, 4:3 ratio (~148 ppi density)'",b'Microsoft Windows Mobile 5.0 PocketPC',,b'Intel XScale PXA 270 620 MHz',,b'miniSD',"b'64MB RAM, 1GB ROM'",,b'LED flash',b'Yes',b'2 MP',b'',b'Yes',b'No',b'Wi-Fi 802.11b/g',b'1.2',b'No',,"b'Stereo FM radio, RDS'",b'miniUSB',b'',b'Removable Li-Po 1530 mAh battery',,b'Silver',,b'About 250 EUR',,,,,b'VGA videocall camera',,,,,,,,,,,,,,,,,,,,,b'Up to 200 h',b'Up to 4 h',,,,,,,,,,,,,,,,,,,,,"b'WAP 2.0/xHTML, HTML (PocketIE)'",b'Yes',"b'Vibration; Downloadable polyphonic, MP3 ringtones'",,,
b'o2',b'O2 XDA Zinc',b'https://fdn2.gsmarena.com/vv/bigpic/o2-xda-zinc.gif',b'GSM / UMTS',b'GSM 900 / 1800 / 1900',b'UMTS 2100',b'Handwriting recognition',,b'Pocket Office  Voice memo MP3/AAC player',"b'Yes, 384 kbps'","b'2006, December'",b'Discontinued',b'109 x 58 x 22.6 mm (4.29 x 2.28 x 0.89 in)',b'175 g (6.17 oz)',b'Mini-SIM',"b'TFT resistive touchscreen, 65K colors'","b'2.8 inches, 24.3 cm2 (~38.4% screen-to-body ratio)'","b'240 x 320 pixels, 4:3 ratio (~143 ppi density)'",b'Microsoft Windows Mobile 5.0 PocketPC',,b'Intel XScale PXA 270 520 MHz',,b'miniSD',"b'64MB RAM, 128MB ROM'",,b'LED flash',b'Yes',b'2 MP',b'',b'Yes',b'No',b'Wi-Fi 802.11b/g',b'Yes',b'No',,b'No',b'miniUSB',b'',b'Removable Li-Ion 1300 mAh battery',,b'Silver',,b'About 240 EUR',,,,,b'VGA videocall camera',,,,,,,,,,,,,,,,,,,,,b'Up to 220 h',b'Up to 5 h',,,,,,,,,,,,,,,,,,,,b'QWERTY',"b'WAP 2.0/xHTML, HTML (PocketIE)'",b'Yes',"b'Vibration; Downloadable polyphonic, MP3 ringtones'",,,
b'o2',b'O2 XDA Graphite',b'https://fdn2.gsmarena.com/vv/bigpic/o2-xda-graphite.gif',b'GSM / UMTS',b'GSM 900 / 1800 / 1900',b'UMTS 2100',b'Video telephony MP3/WMA/WAV/AMR-NB/AAC player Predictive text input Organizer Voice memo',,,"b'Yes, 384 kbps'","b'2006, December'",b'Discontinued',b'109.5 x 46.9 x 18 mm (4.31 x 1.85 x 0.71 in)',b'105 g (3.70 oz)',b'Mini-SIM',"b'TFT, 65K colors'","b'2.2 inches, 15.0 cm2 (~29.2% screen-to-body ratio)'","b'240 x 320 pixels, 4:3 ratio (~182 ppi density)'",b'Microsoft Windows Mobile 5.0 Smartphone',,b'Intel XScale PXA 270 416 MHz',,b'microSD (dedicated slot)',"b'64MB RAM, 128MB ROM'",,b'LED flash',b'Yes',b'2 MP',b'',"b'Yes, with stereo speakers'",b'No',b'Wi-Fi 802.11b/g',b'1.2',b'No',,b'No',b'miniUSB',b'',b'Removable Li-Ion 1100 mAh battery',,b'',,b'About 290 EUR',,,,,b'VGA videocall camera',,,,,,,,,,,,,,,,,,,,,b'Up to 200 h',b'Up to 4 h',,,,,,,,,,,,,,,,,,,,,"b'WAP 2.0/xHTML, HTML (PocketIE)'",,"b'Vibration; Downloadable polyphonic, MP3 ringtones'",,,
b'o2',b'O2 XDA Orbit',b'https://fdn2.gsmarena.com/vv/bigpic/o2-xda-orbit.gif',b'GSM',b'GSM 850 / 900 / 1800 / 1900',,b'Handwriting recognition',,b'No',,"b'2006, September'",b'Discontinued',b'108 x 58 x 16.8 mm (4.25 x 2.28 x 0.66 in)',b'129 g (4.55 oz)',b'Mini-SIM',"b'TFT resistive touchscreen, 65K colors'","b'2.8 inches, 24.3 cm2 (~38.8% screen-to-body ratio)'","b'240 x 320 pixels, 4:3 ratio (~143 ppi density)'",b'Microsoft Windows Mobile 5.0 PocketPC',b'TI OMAP 850',b'200 MHz ARM926EJ-S',,b'microSD (dedicated slot)',"b'64MB RAM, 128MB ROM'",,,b'QCIF',b'2 MP',,b'Yes',b'No',b'Wi-Fi 802.11b/g',b'2.0',"b'Yes, CoPilot Live Navigator'",,b'FM radio',b'Proprietary',b'',b'Removable Li-Ion battery',,"b'Silver, Black'",,,,,b'Pocket Office  Voice memo MP3/AAC player',,,,,,,,,,,,,,,,,,,,,b'Class 10',b'Class 10',b'Up to 200 h',b'Up to 5 h',,,,,,,,,,,,,,,,,,,,,"b'WAP 2.0/xHTML, HTML (PocketIE)'",,"b'Vibration; Downloadable polyphonic, MP3 ringtones'",,,
b'o2',b'O2 Cosmo',b'https://fdn2.gsmarena.com/vv/bigpic/o2-xda-cosmo.gif',b'GSM',b'GSM 850 / 900 / 1800 / 1900',,b'HTC JOGGR touch-sensitive navigation bar',,b'No',,"b'2006, September'",b'Discontinued',b'111 x 62 x 13 mm (4.37 x 2.44 x 0.51 in)',b'130 g (4.59 oz)',b'Mini-SIM',"b'TFT, 65K colors'","b'2.4 inches, 50 x 37 mm, 17.8 cm2 (~25.9% screen-to-body ratio)'","b'240 x 320 pixels, 4:3 ratio (~167 ppi density)'",b'Microsoft Windows Mobile 5.0 Smartphone',b'TI OMAP 850',b'200 MHz ARM926EJ-S',,b'microSD (dedicated slot)',"b'64MB RAM, 128MB ROM'",,,b'Yes',b'1.3 MP',,b'Yes',b'No',b'Wi-Fi 802.11b',b'2.0',b'No',,b'No',b'miniUSB',b'',b'Removable Li-Ion battery',,b'',,,,,b'MP3/AAC player Pocket Office  Predictive text input Organizer',,,,,,,,,,,,,,,,,,,,,b'Class 10',b'Class 10',b'Up to 200 h',b'Up to 4 h',,,,,,,,,,,,,,,,,,,,b'QWERTY',"b'WAP 2.0/xHTML, HTML (PocketIE)'",b'Yes',"b'Vibration; Downloadable polyphonic, MP3 ringtones, composer'",,,
b'o2',b'O2 XDA Stealth',b'https://fdn2.gsmarena.com/vv/bigpic/o2-xda-stealth.gif',b'GSM',b'GSM 900 / 1800 / 1900',,b'Handwriting recognition',,b'No',,"b'2006, September'",b'Discontinued',b'110 x 53 x 22.5 mm (4.33 x 2.09 x 0.89 in)',b'140 g (4.94 oz)',b'Mini-SIM',"b'TFT resistive touchscreen, 65K colors'","b'2.4 inches, 17.8 cm2 (~30.6% screen-to-body ratio)'","b'240 x 320 pixels, 4:3 ratio (~167 ppi density)'",b'Microsoft Windows Mobile 5.0 PocketPC',,b'Intel XScale PXA 272 416 MHz',,b'miniSD',"b'64MB RAM, 192MB ROM'",,b'LED flash',b'Yes',"b'2 MP, AF'",,b'Yes',b'No',b'Wi-Fi 802.11b/g',b'1.2',b'No',,b'No',b'miniUSB',b'',b'Removable Li-Po 1300 mAh battery',,b'Silver',,b'About 250 EUR',,,b'Pocket Office  MP3/AAC/AAC+/WMA/OGG/AMR player WMV/MP4 player Predictive text input Voice dial',,,,,,,,,,,,,,,,,,,,,b'Class 10',b'No',b'Up to 150 h',b'Up to 4 h 30 min',,,,,,,,,,,,,,,,,,,,,"b'WAP 2.0/xHTML, HTML (PocketIE)'",b'Yes',"b'Vibration; Downloadable polyphonic, MP3 ringtones'",,,
b'o2',b'O2 Jet',b'https://fdn2.gsmarena.com/vv/bigpic/o2-jet.gif',b'GSM',b'GSM 850 / 900 / 1800 / 1900',,b'No',,b'Predictive text input Organizer Stopwatch',,"b'2006, October'",b'Discontinued',b'117 x 47 x 20 mm (4.61 x 1.85 x 0.79 in)',b'121 g (4.27 oz)',b'Mini-SIM',"b'TFT, 65K colors'","b'2.0 inches, 12.6 cm2 (~22.9% screen-to-body ratio)'",b'176 x 220 pixels (~141 ppi density)',,,,,b'No',b'56MB',,,,,,b'Yes',b'No',b'No',b'2.0',b'No',,b'No',b'miniUSB',b'',b'Removable Li-Ion battery',,b'Black',,,,,,,,,,,,,b'Yes',"b'20 dialed, 20 received, 20 missed calls'","b'SMS, MMS, Email'",b'Yes+ downloadable',b'Yes',,,,,,,,,b'Yes',b'No',b'Up to 540 h',b'Up to 9 h 50 min',,,,,,,,,,,,,,,,,,,,,b'WAP',,"b'Vibration; Downloadable polyphonic, MP3 ringtones'",,,
b'o2',b'O2 Ice',b'https://fdn2.gsmarena.com/vv/bigpic/o2-ice.gif',b'GSM / UMTS',b'GSM 900 / 1800 / 1900',b'UMTS 2100',b'MP3 player Predictive text input Organizer Stopwatch',,,"b'Yes, 384 kbps'","b'2006, August'",b'Discontinued',b'118 x 44 x 14 mm (4.65 x 1.73 x 0.55 in)',b'92 g (3.25 oz)',b'Mini-SIM',"b'TFT, 256K colors'","b'2.0 inches, 12.6 cm2 (~24.2% screen-to-body ratio)'",b'176 x 220 pixels (~141 ppi density)',,,,,b'microSD (dedicated slot)',b'32MB',,,b'Yes',b'1.3 MP',b'',b'No',b'No',b'No',b'Yes',b'No',,b'No',b'Proprietary',b'',b'Removable Li-Ion battery',,b'White',,b'About 160 EUR',,,,,b'VGA videocall camera',,,,,,"b'Yes, Photocall'","b'20 dialed, 20 received, 20 missed calls'","b'SMS, MMS'",b'Yes+ downloadable',b'Yes',,,,,,,,,,,b'Up to 312 h',b'Up to 6 h',,,,,,,,,,,,,,,,,,,,,b'WAP',,"b'Vibration; Downloadable polyphonic, MP3 ringtones'",,,
b'o2',b'O2 XDA Atom Exec',b'https://fdn2.gsmarena.com/vv/bigpic/o2-xda-atom-exec.gif',b'GSM',b'GSM 900 / 1800 / 1900',,b'Handwriting recognition',,b'No',,"b'2006, June'",b'Discontinued',b'102 x 58 x 18.5 mm (4.02 x 2.28 x 0.73 in)',b'140 g (4.94 oz)',b'Mini-SIM',"b'TFT resistive touchscreen, 256K colors (65K effective)'","b'2.7 inches, 22.6 cm2 (~38.2% screen-to-body ratio)'","b'240 x 320 pixels, 4:3 ratio (~148 ppi density)'",b'Microsoft Windows Mobile 5.0 PocketPC',,b'Intel XScale PXA 27x 520MHz',,b'miniSD',"b'64MB RAM, 192MB ROM'",,b'LED flash',b'Yes',b'2 MP',,"b'Yes, with stereo speakers'",b'No',b'Wi-Fi 802.11b',b'1.2',b'No',,b'FM radio',b'miniUSB',b'',b'Removable Li-Po 1530 mAh battery',,b'Silver',,b'About 310 EUR',,,b'Pocket Office  MP3/AAC/AAC+/WMA/OGG/AMR player WMV/MP4 player',,,,,,,,,,,,,,,,,,,,,b'Class 10',b'Class 10',,,,,,,,,,,,,,,,,,,,,,,"b'WAP 2.0/xHTML, HTML (PocketIE)'",b'Yes',"b'Vibration; Downloadable polyphonic, MP3, AAC ringtones'",,,
b'o2',b'O2 XDA Trion',b'https://fdn2.gsmarena.com/vv/bigpic/o2-xda-trion.gif',b'GSM / UMTS',b'GSM 850 / 900 / 1800 / 1900',b'UMTS 850 / 1900 / 2100',b'Handwriting recognition',,b'Pocket Office  Voice memo MP3/AAC player',"b'Yes, 384 kbps'","b'2006, May'",b'Discontinued',b'113 x 58 x 22 mm (4.45 x 2.28 x 0.87 in)',b'160 g (5.64 oz)',b'Mini-SIM',"b'TFT resistive touchscreen, 65K colors'","b'2.8 inches, 42 x 57 mm, 24.3 cm2 (~37.0% screen-to-body ratio)'","b'240 x 320 pixels, 4:3 ratio (~143 ppi density)'",b'Microsoft Windows Mobile 5.0 PocketPC',,b'400 MHz Samsung',,b'microSD (dedicated slot)',"b'64MB RAM, 128MB ROM'",,b'LED flash',b'Yes',b'2 MP',b'',b'Yes',b'No',b'Wi-Fi 802.11b/g',b'2.0',b'No',,b'No',b'Proprietary',b'',b'Removable Li-Ion 1350 mAh battery',,b'Silver',,b'About 360 EUR',,,,,b'QCIF videocall camera',,,,,,,,,,,,,,,,,,,,,b'Up to 300 h',b'Up to 5 h',,,,,,,,,,,,,,,,,,,,b'QWERTY',"b'WAP 2.0/xHTML, HTML (PocketIE)'",b'Yes',"b'Vibration; Downloadable polyphonic, MP3 ringtones'",,,
b'o2',b'O2 XDA Neo',b'https://fdn2.gsmarena.com/vv/bigpic/o2-xda-neo.gif',b'GSM',b'GSM 850 / 900 / 1800 / 1900',,b'Handwriting recognition',,b'No',,"b'2006, February'",b'Discontinued',b'108.8 x 59.3 x 18.4 mm (4.28 x 2.33 x 0.72 in)',b'150 g (5.29 oz)',b'Mini-SIM',"b'TFT resistive touchscreen, 65K colors'","b'2.8 inches, 42 x 57 mm, 24.3 cm2 (~37.6% screen-to-body ratio)'","b'240 x 320 pixels, 4:3 ratio (~143 ppi density)'",b'Microsoft Windows Mobile 5.0 PocketPC',b'TI OMAP 850',b'200 MHz ARM926EJ-S',,b'SD/MMC',"b'64MB RAM, 128MB ROM'",,,b'CIF',b'2 MP',,b'Yes',b'No',b'Wi-Fi 802.11b/g',b'2.0',b'No',,b'No',b'miniUSB',b'',b'Removable Li-Ion 1200 mAh battery',,b'Stylish black',,b'About 300 EUR',,,b'Pocket Office  Voice memo MP3/AAC player',,,,,,,,,,,,,,,,,,,,,b'Class 10',b'Class 10',b'Up to 200 h',b'Up to 5 h',,,,,,,,,,,,,,,,,,,,,"b'WAP 2.0/xHTML, HTML (PocketIE)'",b'Yes',b'Vibration; Downloadable polyphonic ringtones',,,
b'o2',b'O2 XDA Atom',b'https://fdn2.gsmarena.com/vv/bigpic/o2-xda-atom.gif',b'GSM',b'GSM 900 / 1800 / 1900',,b'Handwriting recognition',,b'No',,"b'2005, November'",b'Discontinued',b'102 x 58 x 18.5 mm (4.02 x 2.28 x 0.73 in)',b'140 g (4.94 oz)',b'Mini-SIM',"b'TFT resistive touchscreen, 256K colors (65K effective)'","b'2.7 inches, 22.6 cm2 (~38.2% screen-to-body ratio)'","b'240 x 320 pixels, 4:3 ratio (~148 ppi density)'",b'Microsoft Windows Mobile 5.0 PocketPC',,b'Intel PXA272 416 MHz',,b'miniSD',"b'64MB RAM, 128MB ROM'",,b'LED flash',b'Yes',b'2 MP',,"b'Yes, with stereo speakers'",b'No',b'Wi-Fi 802.11b',b'1.2',b'No',,b'FM radio',b'miniUSB',b'',b'Removable Li-Po 1530 mAh battery',,b'Silver',,b'About 260 EUR',,,b'Pocket Office  MP3/AAC/AAC+/WMA/OGG/AMR player WMV/MP4 player',,,,,,,,,,,,,,,,,,,,,b'Class 10',b'Class 10',b'Up to 150 h',b'Up to 5 h 30 min',,,,,,,,,,,,,,,,,,,,,"b'WAP 2.0/xHTML, HTML (PocketIE)'",b'Yes',"b'Vibration; Downloadable polyphonic, MP3, AAC ringtones'",,,
b'o2',b'O2 XDA Orion',b'https://fdn2.gsmarena.com/vv/bigpic/o2-xda-orion.gif',b'GSM',b'GSM 850 / 900 / 1800 / 1900',,b'5-way navigation button',,b'No',,"b'2005, October'",b'Discontinued',b'107.5 x 46 x 17.5 mm (4.23 x 1.81 x 0.69 in)',b'106 g (3.74 oz)',b'Mini-SIM',"b'TFT, 65K colors'","b'2.2 inches, 34 x 45 mm, 15.0 cm2 (~30.3% screen-to-body ratio)'","b'240 x 320 pixels, 4:3 ratio (~182 ppi density)'",b'Microsoft Windows Mobile 5.0 Smartphone',b'TI OMAP 850',b'200 MHz ARM926EJ-S',,b'MiniSD',"b'64MB RAM, 64MB ROM'",,,b'Yes',b'1.3 MP',,b'Yes',b'No',b'Wi-Fi 802.11b',b'1.2',b'No',,b'No',b'miniUSB',b'',b'Removable Li-Po 1150 mAh battery',,b'',,,,,b'MP3/AAC player Predictive text input Organizer Voice memo',,,,,,,,,,,,,,,,,,,,,b'Class 10',b'Class 10',b'Up to 150 h',b'Up to 4 h',,,,,,,,,,,,,,,,,,,,,"b'WAP 2.0/xHTML, HTML (PocketIE)'",b'Yes',"b'Vibration; Downloadable polyphonic, MP3 ringtones, composer'",,,
b'o2',b'O2 XDA Exec',b'https://fdn2.gsmarena.com/vv/bigpic/o2-xda-exec.gif',b'GSM / UMTS',b'GSM 900 / 1800 / 1900',b'UMTS 2100',b'Handwriting recognition',,b'Dual speakers',"b'Yes, 384 kbps'","b'2005, August'",b'Discontinued',b'127 x 81 x 25 mm (5.0 x 3.19 x 0.98 in)',b'285 g (10.05 oz)',b'Mini-SIM',"b'TFT resistive touchscreen, 65K colors'","b'3.6 inches, 73 x 55 mm, 40.1 cm2 (~39.0% screen-to-body ratio)'","b'640 x 480 pixels, 4:3 ratio (~222 ppi density)'",b'Microsoft Windows Mobile 5.0 PocketPC',,b'Intel Bulverde 520 MHz',,b'SDIO/MMC',"b'64MB RAM, 128MB ROM'",,,b'Yes',b'1.3 MP',b'',"b'Yes, with stereo speakers'",b'No',b'Wi-Fi 802.11b',b'1.2',b'No',,b'No',b'miniUSB',b'',b'Removable Li-Ion 1620 mAh battery',,b'Stylish black',,b'About 300 EUR',,,b'Pocket Office  Voice memo MP3/AAC player',,b'VGA videocall camera',,,,,,,,,,,,,,,,,,,,,b'Up to 250 h',b'Up to 8 h',,,,,,,,,,,,,,,,,,,,b'QWERTY',"b'WAP 2.0/xHTML, HTML (PocketIE)'",b'Yes',"b'Vibration; Downloadable polyphonic, MP3, AAC ringtones'",,,
b'o2',b'O2 XDA mini S',b'https://fdn2.gsmarena.com/vv/bigpic/o2-xdamini-s.gif',b'GSM',b'GSM 850 / 900 / 1800 / 1900',,b'No',,b'Microsoft ActiveSync Pocket Office  MP3/AAC player Predictive text input',,"b'2005, Q3'",b'Discontinued',b'108 x 58 x 23 mm (4.25 x 2.28 x 0.91 in)',b'160 g (5.64 oz)',b'Mini-SIM',"b'TFT resistive touchscreen, 65K colors'","b'2.8 inches, 42 x 57 mm, 24.3 cm2 (~38.8% screen-to-body ratio)'","b'240 x 320 pixels, 4:3 ratio (~143 ppi density)'",b'Microsoft Windows Mobile 5.0 PocketPC',b'TI OMAP 850',b'200 MHz ARM926EJ-S',,"b'miniSD, up to 2 GB'","b'64MB RAM, 128MB ROM'",,b'LED flash',b'Yes',b'1.3 MP',,b'Yes',b'No',b'Wi-Fi 802.11b/g',b'2.0',b'No',,b'No',b'miniUSB',b'',b'Removable Li-Po 1200 mAh battery',,b'Silver',,,,,,,,,,,,,,,,,,,,,,,,,,b'Class 10',b'Yes',b'Up to 200 h',b'Up to 5 h',,,,,,,,,,,,,,,,,,,,b'QWERTY',"b'WAP 2.0/xHTML, HTML (PocketIE)'",b'Yes',"b'Vibration; Downloadable polyphonic, MP3 ringtones'",,,
b'o2',b'O2 X2i',b'https://fdn2.gsmarena.com/vv/bigpic/o2-x2i.gif',b'GSM',b'GSM 900 / 1800 / 1900',,b'Second external OLED display',,b'No',,"b'2005, Q4'",b'Discontinued',b'89 x 44 x 22 mm (3.50 x 1.73 x 0.87 in)',b'95 g (3.35 oz)',b'Mini-SIM',"b'TFT, 65K colors'",b'',"b'128 x 128 pixels, 1:1 ratio'",,,,,b'No',,,,b'No',b'VGA',,b'No',b'No',b'No',b'Yes',b'No',,b'No',b'Proprietary',b'',b'Removable Li-Ion battery',,b'Black',,,,,b'Predictive text input Organizer',,,,,,,,b'Yes',b'Yes',"b'SMS, MMS'",b'Yes + downloadable',b'Yes',,,,,,,,,b'Class 10',b'No',b'Up to 237 h',b'Up to 5 h',,,,,,,,,,,,,,,,,,,,,b'WAP 2.0/xHTML',,b'Vibration; Downloadable polyphonic ringtones',,,
b'o2',b'O2 X7',b'https://fdn2.gsmarena.com/vv/bigpic/o2-x7.gif',b'GSM',b'GSM 900 / 1800 / 1900',,b'Wallpapers',,b'No',,"b'2005, September'",b'Discontinued',b'85 x 41 x 21 mm (3.35 x 1.61 x 0.83 in)',b'83 g (2.93 oz)',b'Mini-SIM',"b'TFT, 256K colors'",b'',b'128 x 160 pixels',,,,,b'No',b'7MB',,b'LED flash',b'Yes',b'1.3 MP',,b'No',b'No',b'No',b'No',b'No',,b'No',b'',b'',b'Removable Li-Ion 730 mAh battery',,b'Blue',,,,,b'Predictive text input Organizer Stopwatch',,,,,,,,b'Yes',"b'20 dialed, 20 received, 20 missed calls'","b'SMS, EMS, MMS'",b'Yes+ downloadable',"b'Yes, MIDP 1.0'",,,,,,,,,b'Class 10',b'No',b'Up to 170 h',b'Up to 4 h',,,,,,,,,,,,,,,,,,,,,b'WAP',b'Yes',b'Vibration; Downloadable polyphonic ringtones',,,
b'o2',b'O2 XDA phone',b'https://fdn2.gsmarena.com/vv/bigpic/o2-xda-phone.gif',b'GSM',b'GSM 850 / 900 / 1800 / 1900',,b'No',,b'Microsoft ActiveSync MP3/AAC player Predictive text input',,"b'2005, September'",b'Discontinued',b'107 x 46 x 17.5 mm (4.21 x 1.81 x 0.69 in)',b'105 g (3.70 oz)',b'Mini-SIM',"b'TFT, 65K colors'","b'2.2 inches, 33 x 45 mm, 15.0 cm2 (~30.5% screen-to-body ratio)'","b'240 x 320 pixels, 4:3 ratio (~182 ppi density)'",b'Microsoft Windows Mobile 5.0 Smartphone',b'TI OMAP 850',b'200 MHz ARM926EJ-S',,b'miniSD',"b'64MB RAM, 64MB ROM'",,,b'Yes',b'1.3 MP',,b'Yes',b'No',b'No',b'1.2',b'No',,b'No',b'Proprietary',b'',b'Removable Li-Po 1150 mAh battery',,b'Silver',,,,,,,,,,,,,,,,,,,,,,,,,,b'Class 10',b'No',b'Up to 250 h',b'Up to 5 h',,,,,,,,,,,,,,,,,,,,,"b'WAP 2.0/xHTML, HTML (PocketIE)'",b'Yes',"b'Vibration; Downloadable polyphonic, MP3 ringtones'",,,
b'o2',b'O2 Xphone IIm',b'https://fdn2.gsmarena.com/vv/bigpic/o2-xphoneIIm.gif',b'GSM',b'GSM 900 / 1800 / 1900',,b'5-way navigation button 3-color LED indicator Downloadable logos',,b'No',,"b'2005, Q1'",b'Discontinued',b'107 x 47 x 19 mm (4.21 x 1.85 x 0.75 in)',b'106 g (3.74 oz)',b'Mini-SIM',"b'TFT, 65K colors'","b'2.2 inches, 35 x 44 mm, 15.2 cm2 (~30.3% screen-to-body ratio)'",b'176 x 220 pixels (~128 ppi density)',b'Microsoft Smartphone 2003 SE',b'TI OMAP 730',b'200 MHz ARM926EJ-S',,b'MiniSD',b'32MB',,,b'Yes',b'VGA',,b'Yes',b'No',b'No',b'1.1',b'No',,b'No',b'Proprietary',b'',b'Removable Li-Ion 1050 mAh battery',,b'Stylish black and silver',,,,,b'MP3/AAC player Predictive text input Organizer',,,,,,,,,,,,,,,,,,,,,b'Class 10',b'No',b'Up to 140 h',b'Up to 4 h',,,,,,,,,,,,,,,,,,,,,"b'WAP 2.0/xHTML, HTML (PocketIE)'",b'Yes',"b'Vibration; Downloadable polyphonic, MP3 ringtones, composer'",b'8',,
b'o2',b'O2 X1b',b'https://fdn2.gsmarena.com/vv/bigpic/o2-x1b.gif',b'GSM',b'GSM 900 / 1800 / 1900',,b'5-way navigation key',,b'No',,"b'2005, Q2'",b'Discontinued',b'102 x 44 x 18 mm (4.02 x 1.73 x 0.71 in)',b'86 g (3.03 oz)',b'Mini-SIM',"b'TFT, 65K colors'",b'',"b'128 x 128 pixels, 1:1 ratio'",,,,,b'No',b'16MB',,,b'No',b'CIF',,b'Yes',b'No',b'No',b'Yes',b'No',,b'No',b'',b'',b'Removable Li-Ion battery',,b'',,,,,b'Predictive text input Organizer',,,,,,,,b'Yes',b'Yes',"b'SMS, EMS, MMS'",b'Yes',b'No',,,,,,,,,b'Yes',b'No',b'Up to 200 h',b'Up to 3 h',,,,,,,,,,,,,,,,,,,,,b'WAP 2.0/xHTML',,b'Vibration; Downloadable polyphonic ringtones',,,
b'o2',b'O2 XM',b'https://fdn2.gsmarena.com/vv/bigpic/o2-xm.gif',b'GSM',b'GSM 900 / 1800 / 1900',,b'Second external color display',,b'No',,"b'2005, Q2'",b'Discontinued',b'89 x 47 x 23.5 mm (3.50 x 1.85 x 0.93 in)',b'91 g (3.21 oz)',b'Mini-SIM',"b'TFT, 256K colors'",b'',b'176 x 220 pixels',,,,,b'MMC/SDIO',b'13.8MB',,,b'Yes',b'1.3 MP',,b'No',b'No',b'No',b'No',b'No',,b'No',b'',b'',b'Removable Li-Ion battery',,b'',,,,,b'MP3 player Predictive text input',,,,,,,,"b'250 entries, Photocall'",b'Yes',"b'SMS, MMS'",b'Yes',"b'Yes, MIDP 2.0'",,,,,,,,,b'Class 10',b'No',b'Up to 200 h',b'Up to 4 h',,,,,,,,,,,,,,,,,,,,,b'WAP 2.0/xHTML',,"b'Vibration; Downloadable polyphonic, MP3 ringtones'",,,
b'o2',b'O2 X4',b'https://fdn2.gsmarena.com/vv/bigpic/o2x4.gif',b'GSM / UMTS',b'GSM 900 / 1800',b'UMTS 2100',b'Second external 4096 colors display Downloadable pictures',,b'No',"b'Yes, 384 kbps'","b'2004, Q4'",b'Discontinued',b'89.9 x 45.1 x 24 mm (3.54 x 1.78 x 0.94 in)',b'116 g (4.09 oz)',b'Mini-SIM',"b'TFT, 256K colors'",b'',b'176 x 220 pixels',,,,,"b'miniSD, 32 MB included'",,,b'LED flash',b'Yes',b'1.3 MP',,b'No',b'No',b'No',b'No',b'No',,b'No',b'Proprietary',b'',b'Removable Li-Ion battery',,b'',,,,,b'MP3 player Predictive text input Organizer Stopwatch',,,,,,,,"b'500 entries, Photo call'",b'Yes',"b'SMS, MMS'",b'Yes + downloadable',"b'Yes, MIDP 2.0'",,,,,,,,,,,b'Up to 180 h',b'Up to 3 h',,,,,,,,,,,,,,,,,,,,,b'WAP 2.0/xHTML',b'Yes',"b'Vibration; Downloadable polyphonic, MP3 ringtones'",,,
b'o2',b'O2 XDA II mini',b'https://fdn2.gsmarena.com/vv/bigpic/o2xda2sm.gif',b'GSM',b'GSM 900 / 1800 / 1900',,b'Handwriting recognition',,b'No',,"b'2004, Q4'",b'Discontinued',b'108 x 58 x 18 mm (4.25 x 2.28 x 0.71 in)',b'150 g (5.29 oz)',b'Mini-SIM',"b'TFT resistive touchscreen, 65K colors'","b'2.8 inches, 42 x 57 mm, 24.3 cm2 (~38.8% screen-to-body ratio)'","b'240 x 320 pixels, 4:3 ratio (~143 ppi density)'",b'Microsoft Windows Mobile 2003 SE PocketPC',,b'Intel PXA272 416 MHz',,b'MMC/SDIO',"b'64MB RAM, 64MB ROM'",,,b'Yes',b'1.3 MP',,b'Yes',b'No',b'No',b'Yes',b'No',,b'No',b'Proprietary',b'',b'Removable Li-Ion 1200 mAh battery',,"b'Stylish black, silver'",,,,,b'Pocket Office  Voice memo MP3/AAC player',,,,,,,,,,,,,,,,,,,,,b'Class 10',b'No',b'Up to 180 h',b'Up to 5 h',,,,,,,,,,,,,,,,,,,,,"b'WAP 2.0/xHTML, HTML (PocketIE)'",b'Yes',b'Vibration; Downloadable polyphonic ringtones',,,
b'o2',b'O2 XDA IIs',b'https://fdn2.gsmarena.com/vv/bigpic/o2xda2s.gif',b'GSM',b'GSM 850 / 900 / 1800 / 1900',,b'Handwriting recognition',,b'44 MB ROM available',,"b'2004, Q4'",b'Discontinued',b'125 x 71 x 19 mm (4.92 x 2.80 x 0.75 in)',b'210 g (7.41 oz)',b'Mini-SIM',"b'TFT resistive touchscreen, 65K colors'","b'3.5 inches, 53 x 71 mm, 37.9 cm2 (~42.7% screen-to-body ratio)'","b'240 x 320 pixels, 4:3 ratio (~114 ppi density)'",b'Microsoft Windows Mobile 2003 SE PocketPC',,b'Intel XScale PXA263 400 MHz',,b'MMC/SDIO',"b'128MB RAM, 96MB ROM'",,,b'Yes',b'VGA',,b'Yes',b'No',b'Wi-Fi 802.11b',b'Yes',b'No',,b'No',b'Proprietary',b'',b'Removable Li-Po 1490 mAh battery',,b'',,,,,b'Pocket Office  MP3/MP4 player Voice memo',,,,,,,,,,,,,,,,,,,,,b'Class 10',b'No',b'Up to 168 h',b'Up to 4 h',,,,,,,,,,,,,,,,,,,,b'QWERTY',"b'WAP 2.0/xHTML, HTML (PocketIE)'",b'Yes',b'Vibration; Downloadable polyphonic ringtones',,,
b'o2',b'O2 XDA IIi',b'https://fdn2.gsmarena.com/vv/bigpic/o2xda2i.gif',b'GSM',b'GSM 900 / 1800 / 1900',,b'Handwriting recognition',,b'44 MB ROM available',,"b'2004, Q4'",b'Discontinued',b'130 x 70 x 19 mm (5.12 x 2.76 x 0.75 in)',b'190 g (6.70 oz)',b'Mini-SIM',"b'TFT resistive touchscreen, 65K colors'","b'3.5 inches, 53 x 71 mm, 37.9 cm2 (~41.7% screen-to-body ratio)'","b'240 x 320 pixels, 4:3 ratio (~114 ppi density)'",b'Microsoft Windows Mobile 2003 SE PocketPC',,b'Intel Xscale PXA272 520 MHz',,b'MMC/SDIO',"b'128MB RAM, 96MB ROM'",,,b'Yes',b'1.3 MP',,b'Yes',b'No',b'Wi-Fi 802.11b',b'Yes',b'No',,b'No',b'Proprietary',b'',b'Removable Li-Po 1200 mAh battery',,b'',,,,,"b'Pocket Office  MP3/MP4 player PDF, PPT viewer  Voice memo'",,,,,,,,,,,,,,,,,,,,,b'Class 10',b'No',b'Up to 150 h',b'Up to 3 h 30 min',,,,,,,,,,,,,,,,,,,,,"b'WAP 2.0/xHTML, HTML (PocketIE)'",b'Yes',b'Vibration; Downloadable polyphonic ringtones',,,
b'o2',b'O2 Xphone II',b'https://fdn2.gsmarena.com/vv/bigpic/o2xphone2.gif',b'GSM',b'GSM 900 / 1800 / 1900',,b'5-way navigation key Downloadable pictures',,b'No',,"b'2004, Q4'",b'Discontinued',b'107 x 44 x 18 mm (4.21 x 1.73 x 0.71 in)',b'102 g (3.60 oz)',b'Mini-SIM',"b'TFT, 65K colors'","b'2.2 inches, 35 x 44 mm, 15.2 cm2 (~32.4% screen-to-body ratio)'",b'176 x 220 pixels (~128 ppi density)',b'Microsoft Smartphone 2003 SE OS',b'TI OMAP 730',b'200 MHz ARM926EJ-S',,"b'miniSD, 64 MB included'",b'32MB',,,b'Yes',b'VGA',,b'Yes',b'No',b'No',b'Yes',b'No',,b'No',b'Proprietary',b'',b'Removable Li-Ion battery',,b'',,,,,b'MP3/MP4 player Predictive text input Organizer',,,,,,,,,,,,,,,,,,,,,b'Class 10',b'No',b'Up to 140 h',b'Up to 4 h 30 min',,,,,,,,,,,,,,,,,,,,,"b'WAP 2.0/xHTML, HTML (PocketIE)'",b'Yes',b'Vibration; Downloadable polyphonic ringtones',,,
b'o2',b'O2 X3',b'https://fdn2.gsmarena.com/vv/bigpic/o2x3.gif',b'GSM',b'GSM 900 / 1800 / 1900',,b'Second external 4096 colors display Downloadable pictures',,b'No',,"b'2004,1 Q'",b'Discontinued',b'81 x 42 x 26 mm (3.19 x 1.65 x 1.02 in)',b'96 g (3.39 oz)',b'Mini-SIM',"b'TFT, 256K colors'",b'',b'128 x 160 pixels',,,,,"b'miniSD, 32 MB included'",b'3MB',,b'LED flash',b'Yes',b'1.3 MP',,b'No',b'No',b'No',b'No',b'No',,b'No',b'Proprietary',b'',b'Removable Li-Ion battery',,b'Silver',,,,,b'MP3/MP4 player Predictive text input Organizer Stopwatch',,,,,,,,b'500',b'Yes',"b'SMS, MMS'",b'Yes + downloadable',"b'Yes, MIDP 2.0'",,,,,,,,,b'Class 10',b'No',b'Up to 150 h',b'Up to 3 h',,,,,,,,,,,,,,,,,,,,,"b'WAP 2.0/xHTML, HTML'",b'Yes',"b'Vibration; Downloadable polyphonic, MP3 ringtones'",,,
b'o2',b'O2 X2',b'https://fdn2.gsmarena.com/vv/bigpic/o2x2.gif',b'GSM',b'GSM 900 / 1800 / 1900',,b'Second external OLED display',,b'No',,"b'2004,1 Q'",b'Discontinued',b'81 x 44 x 21 mm (3.19 x 1.73 x 0.83 in)',b'89 g (3.14 oz)',b'Mini-SIM',"b'TFT, 65K colors'",b'',"b'128 x 128 pixels, 1:1 ratio'",,,,,b'No',b'1MB',,,b'No',b'VGA',,b'No',b'No',b'No',b'No',b'No',,b'No',b'Proprietary',b'',b'Removable Li-Ion battery',,b'Silver',,,,,b'Predictive text input Organizer',,,,,,,,b'Yes',b'Yes',"b'SMS, MMS'",b'Yes + downloadable',b'Yes',,,,,,,,,b'Class 10',b'No',b'Up to 170 h',b'Up to 3 h 30 min',,,,,,,,,,,,,,,,,,,,,b'WAP 2.0/xHTML',,b'Vibration; Downloadable polyphonic ringtones',,,
b'o2',b'O2 X1i',b'https://fdn2.gsmarena.com/vv/bigpic/o2x1i.gif',b'GSM',b'GSM 900 / 1800 / 1900',,b'5-way navigation key',,b'No',,"b'2004, Q3'",b'Discontinued',b'102 x 45 x 18 mm (4.02 x 1.77 x 0.71 in)',b'86 g (3.03 oz)',b'Mini-SIM',"b'TFT, 65K colors'",b'',"b'128 x 128 pixels, 1:1 ratio'",,,,,b'No',,,,b'No',b'CIF',,b'No',b'No',b'No',b'No',b'No',,b'No',b'',b'',b'Removable Li-Ion battery',,b'Silver',,,,,b'Predictive text input Organizer',,,,,,,,b'250 entries',b'Yes',"b'SMS, MMS'","b'2 - Jumping Bear , Mini Golf'",b'No',,,,,,,,,b'Class 10',b'No',b'Up to 235 h',b'Up to 3 h',,,,,,,,,,,,,,,,,,,,,b'WAP 2.0/xHTML',,b'Vibration; Downloadable polyphonic ringtones',,,
b'o2',b'O2 XDA II',b'https://fdn2.gsmarena.com/vv/bigpic/o2xda2.gif',b'GSM',b'GSM 900 / 1800 / 1900',,b'No',,b'Pocket Office  MP3/MP4 player Voice memo',,b'2003',b'Discontinued',b'130 x 70 x 19 mm (5.12 x 2.76 x 0.75 in)',b'190 g (6.70 oz)',b'Mini-SIM',"b'TFT resistive touchscreen, 65K colors'","b'3.5 inches, 53 x 71 mm, 37.9 cm2 (~41.7% screen-to-body ratio)'","b'240 x 320 pixels, 4:3 ratio (~114 ppi density)'",b'Microsoft Windows Mobile 2003 for PocketPC Phone Edition',,b'Intel Strong PXA263 400 MHz',,b'MMC/SD',"b'128MB RAM, 64MB ROM'",,,b'No',b'VGA',,b'Yes',b'No',b'No',b'Yes',b'No',,b'No',b'Proprietary',b'',b'Removable Li-Po 1200 mAh battery',,b'',,,,,,,,,,,,,,,,,,,,,,,,,,b'Class 10',b'No',b'Up to 150 h',b'Up to 3 h 30 min',,,,,,,,,,,,,,,,,,,,,"b'WAP 2.0/xHTML, HTML (PocketIE)'",b'Yes',"b'Vibration; Downloadable polyphonic, WAV ringtones'",,,
b'o2',b'O2 Xphone',b'https://fdn2.gsmarena.com/vv/bigpic/o2xphone.gif',b'GSM',b'GSM 900 / 1800 / 1900',,b'No',,"b'Pocket applications(Outlook, IE, MSN, ActiveSync) MP3/MP4 player Voice memo'",,b'2003',b'Discontinued',b'120 x 50 x 24 mm (4.72 x 1.97 x 0.94 in)',b'130 g (4.59 oz)',b'Mini-SIM',"b'TFT, 65K colors'","b'2.2 inches, 35 x 44 mm, 15.2 cm2 (~25.4% screen-to-body ratio)'",b'176 x 220 pixels (~128 ppi density)',b'Microsoft Smartphone 2003',b'TI OMAP 710',b'133 MHz  ARM925',,b'MMC/SD',"b'64MB RAM, 32MB ROM'",,,b'No',b'VGA',,b'Yes',b'No',b'No',b'Yes',b'No',,b'No',b'Proprietary',b'',b'Removable Li-Ion 1000 mAh battery',,b'',,,,,,,,,,,,,,,,,,,,,,,,,,b'Class 8',b'No',b'Up to 90 h',b'Up to 3 h',,,,,,,,,,,,,,,,,,,,,"b'WAP 2.0/xHTML, HTML (PocketIE)'",b'Yes',"b'Vibration; Downloadable polyphonic, WAV ringtones'",,,
b'o2',b'O2 XDA',b'https://fdn2.gsmarena.com/vv/bigpic/o2xda.gif',b'GSM',b'GSM 900 / 1800',,b'No',,b'Pocket Office  Media player Voice memo',,b'2003',b'Discontinued',b'129 x 73 x 18 mm (5.08 x 2.87 x 0.71 in)',b'201 g (7.09 oz)',b'Mini-SIM',"b'TFT resistive touchscreen, 4096 colors'","b'3.5 inches, 53 x 71 mm, 37.9 cm2 (~40.3% screen-to-body ratio)'","b'240 x 320 pixels, 4:3 ratio (~114 ppi density)'",b'Microsoft Windows PocketPC',,b'Intel Strong PXA263 400 MHz',,b'MMC/SD',"b'64MB RAM, 32MB ROM'",,,,,,b'Yes',b'No',b'No',b'No',b'No',,b'No',b'Proprietary',b'',b'Removable Li-Po battery',,b'',,,,,,,,,,,,,,,,,,,,,,,,,,b'Class 8',b'No',b'Up to 150 h',b'Up to 3 h 30 min',,,,,,,,,,,,,,,,,,,,,b'HTML (PocketIE)',b'Yes',"b'Vibration; Downloadable polyphonic, WAV ringtones'",,,
