Brand,Model Name,Model Image,Technology,2G bands,,3G bands,4G bands,5G bands,Speed,Announced,Status,Dimensions,Weight,SIM,Type,Size,Resolution,OS,Chipset,CPU,GPU,Card slot,Internal,Triple,Features,Video,Single,Features_1,Video_1,Loudspeaker,3.5mm jack,WLAN,Bluetooth,GPS,NFC,Radio,USB,Sensors,Type_1,Charging,Colors,Models,Price,Build,Protection,Quad,_1,_1_1,128GB 8GB RAM,Dual,32GB 2GB RAM,32GB 3GB RAM,SAR,128GB 4GB RAM,Performance,Display,Camera,Loudspeaker_1,Battery life,128GB 6GB RAM,64GB 4GB RAM,8GB 1GB RAM,256GB 8GB RAM,256GB 12GB RAM,SAR EU,512GB 12GB RAM,Audio quality,64GB 3GB RAM,256GB 6GB RAM,Single_1,64GB 6GB RAM,Dual_1,Stand-by,Talk time,Infrared port,GPRS,EDGE,Phonebook,Call records,Messaging,Games,Java,Keyboard,Browser,Alert types,Languages,Clock,Alarm,Stand-by_1,Talk time_1,Music play
b'posh',b'Posh Memo Pro LTE L600',b'https://fdn2.gsmarena.com/vv/bigpic/posh-l600.jpg',b'GSM / HSPA / LTE',b'GSM 850 / 900 / 1800 / 1900 - SIM 1 & SIM 2',b'HSDPA 900 / 1900 / 2100 - L600B',b'HSDPA 850 / 1700 / 2100 - L600A',"b'2, 4, 5, 7, 17 - L600A'",,"b'HSPA 42.2/5.76 Mbps, LTE Cat4 150/50 Mbps'","b'2016, August'","b'Available. Released 2016, December'",b'161.5 x 85.6 x 7.9 mm (6.36 x 3.37 x 0.31 in)',b'187.6 g (6.63 oz)',b'Dual SIM',b'IPS LCD',"b'6.0 inches, 99.2 cm2 (~71.8% screen-to-body ratio)'","b'720 x 1280 pixels, 16:9 ratio (~245 ppi density)'",b'Android 5.1 (Lollipop)',b'Mediatek MT6735 (28 nm)',b'Quad-core 1.0 GHz Cortex-A53',b'Mali-T720',b'microSDXC',b'16GB 1GB RAM',,b'LED flash',b'1080p@30fps',"b'8 MP, AF'",,b'',b'Yes',b'Yes',"b'Wi-Fi 802.11 b/g/n, hotspot'","b'4.0, A2DP'","b'Yes, with A-GPS'",b'No',b'FM radio',b'microUSB 2.0',b'Accelerometer',b'Li-Po 2700 mAh battery',,"b'Black, White'",,,,,,"b'1, 3, 7, 8, 20 - L600B'",,,,,,,,,,,,,,,,,,,,,,,b'5 MP',,,b'Up to 180 h (3G)',b'Up to 5 h 30 min (3G)',,,,,,,,,,,,,,,,,
b'posh',b'Posh Equal Plus X700',b'https://fdn2.gsmarena.com/vv/bigpic/posh-x700.jpg',b'GSM / HSPA',b'GSM 850 / 900 / 1800 / 1900 - SIM 1 & SIM 2',,b'HSDPA 850 / 1900 / 2100',,,b'HSPA',"b'2016, September'","b'Available. Released 2017, January'",b'192.1 x 107.9 x 9.9 mm (7.56 x 4.25 x 0.39 in)',b'275 g (9.70 oz)',b'Dual SIM',b'IPS LCD',"b'7.0 inches, 137.9 cm2 (~66.5% screen-to-body ratio)'","b'600 x 1024 pixels, 16:9 ratio (~170 ppi density)'",b'Android 6.0 (Marshmallow)',b'Mediatek MT8321 (28 nm)',b'Quad-core 1.3 GHz Cortex-A7',b'Mali-400',b'microSDXC',b'16GB 1GB RAM',,b'LED flash',b'Yes',b'5 MP',,b'',b'Yes',b'Yes',"b'Wi-Fi 802.11 b/g/n, hotspot'","b'4.1, A2DP, LE'","b'Yes, with A-GPS'",b'No',b'FM radio',b'microUSB 2.0',b'Accelerometer',b'Li-Po 2650 mAh battery',,"b'Black, Silver, Rose Gold'",,,,,,,,,,,,,,,,,,,,,,,,,,,,,b'2 MP',,,b'Up to 176 h (3G)',b'Up to 5 h (3G)',,,,,,,,,,,,,,,,,
b'posh',b'Posh Ultra Max LTE L550',b'https://fdn2.gsmarena.com/vv/bigpic/posh-um-l550.jpg',b'GSM / HSPA / LTE',b'GSM 850 / 900 / 1800 / 1900 - SIM 1 & SIM 2',b'eMMC 5.0',b'HSDPA 850 / 1900 / 2100',"b'2, 3, 4, 7, 17, 12, 20'",,"b'HSPA 42.2/5.76 Mbps, LTE Cat4 150/50 Mbps'","b'2016, August'","b'Available. Released 2016, December'",b'152.1 x 76.8 x 7.3 mm (5.99 x 3.02 x 0.29 in)',b'177 g (6.24 oz)',b'Dual SIM',b'IPS LCD',"b'5.5 inches, 83.4 cm2 (~71.4% screen-to-body ratio)'","b'720 x 1280 pixels, 16:9 ratio (~267 ppi density)'",b'Android 6.0 (Marshmallow)',b'Mediatek MT6737 (28 nm)',b'Quad-core 1.25 GHz Cortex-A53',b'Mali-T720',b'microSDXC',b'16GB 1GB RAM',,b'LED flash',b'1080p@30fps',"b'8 MP, AF'",,b'',b'Yes',b'Yes',"b'Wi-Fi 802.11 b/g/n, hotspot'","b'4.1, A2DP, LE'","b'Yes, with A-GPS'",b'No',b'FM radio',b'microUSB 2.0',"b'Accelerometer, proximity'",b'Li-Po 2700 mAh battery',,"b'Black, Gold, White'",,,,,,,,,,,,,,,,,,,,,,,,,,,,,b'2 MP',,,b'Up to 180 h (3G)',b'Up to 5 h 30 min (3G)',,,,,,,,,,,,,,,,,
b'posh',b'Posh Kick Pro LTE L520',b'https://fdn2.gsmarena.com/vv/bigpic/posh-Kick_Pro_LTE_L520.jpg',b'GSM / HSPA / LTE',b'GSM 850 / 900 / 1800 / 1900 - SIM 1 & SIM 2',,b'HSDPA 850 / 1700(AWS) / 1900 / 2100',"b'2, 4, 7, 17'",,"b'HSPA 21.1/5.76 Mbps, LTE Cat4 150/50 Mbps'","b'2015, November'","b'Available. Released 2016, April'",b'142.5 x 71.5 x 8.6 mm (5.61 x 2.81 x 0.34 in)',b'130 g (4.59 oz)',"b'Dual SIM (Micro-SIM, dual stand-by)'",b'IPS LCD',"b'5.0 inches, 68.9 cm2 (~67.6% screen-to-body ratio)'","b'720 x 1280 pixels, 16:9 ratio (~294 ppi density)'",b'Android 6.0 (Marshmallow)',b'Mediatek MT6735P (28 nm)',b'Quad-core 1.0 GHz Cortex-A53',b'Mali-T720MP2',b'microSDHC',b'8GB 1GB RAM',,"b'LED flash, HDR, panorama'",b'1080p@30fps',"b'8 MP, AF'",,b'',b'Yes',b'Yes',"b'Wi-Fi 802.11 b/g/n, Wi-Fi Direct, hotspot'","b'4.0, A2DP, EDR'","b'Yes, with A-GPS'",b'No',b'No',b'microUSB 2.0',"b'Accelerometer, proximity'","b'Li-Ion 2000 mAh, removable'",,"b'White, Gold, Gray'",,,,,,,,,,,,,,,,,,,,,,,,,,,,,b'5 MP',,,,,,,,,,,,,,,,,,,,,
b'posh',b'Posh Optima LTE L530',b'https://fdn2.gsmarena.com/vv/bigpic/posh-Optima_LTE_L530.jpg',b'GSM / HSPA / LTE',b'GSM 850 / 900 / 1800 / 1900 - SIM 1 & SIM 2',,b'HSDPA 850 / 1900 / 2100',"b'2, 4, 7, 17'",,"b'HSPA 21.1/5.76 Mbps, LTE Cat4 150/50 Mbps'","b'2016, February'","b'Available. Released 2016, April'",b'143.5 x 69.4 x 8 mm (5.65 x 2.73 x 0.31 in)',b'133 g (4.69 oz)',"b'Dual SIM (Micro-SIM, dual stand-by)'",b'IPS LCD',"b'5.0 inches, 68.9 cm2 (~69.2% screen-to-body ratio)'","b'720 x 1280 pixels, 16:9 ratio (~294 ppi density)'",b'Android 5.1 (Lollipop)',b'Mediatek MT6753 (28 nm)',b'Octa-core 1.3 GHz Cortex-A53',b'Mali-400',b'microSDHC',b'16GB 2GB RAM',,"b'Dual-LED flash, panorama, HDR'",b'1080p@30fps',"b'13 MP, f/2.2, 1/3.1"", 1.12\xc2\xb5m, AF'",,b'',b'Yes',b'Yes',"b'Wi-Fi 802.11 b/g/n, Wi-Fi Direct, hotspot'","b'4.0, A2DP, EDR'","b'Yes, with A-GPS'",b'No',b'No',"b'microUSB 2.0, USB On-The-Go'","b'Accelerometer, proximity, compass'","b'Li-Po 3000 mAh, non-removable'",,"b'Black, Gold'",,,,,,,,,,,,,,,,,,,,,,,,,,,,,"b'13 MP, f/2.2, 1/3"", AF'",,,b'Up to 400 h (2G) / Up to 300 h (3G)',b'Up to 10 h (2G) / Up to 8 h (3G)',,,,,,,,,,,,,,,,,
b'posh',b'Posh Icon HD X551',b'https://fdn2.gsmarena.com/vv/bigpic/posh-Icon_HD_X551.jpg',b'GSM / HSPA',b'GSM 850 / 900 / 1800 / 1900 - SIM 1 & SIM 2',,b'HSDPA 850 / 1900 / 2100',,,b'HSPA 21.1/5.76 Mbps',"b'2015, November'","b'Available. Released 2016, January'",b'153.2 x 79 x 8.2 mm (6.03 x 3.11 x 0.32 in)',b'115 g (4.06 oz)',"b'Dual SIM (Micro-SIM/ Mini-SIM, dual stand-by)'",b'IPS LCD',"b'5.5 inches, 83.4 cm2 (~68.9% screen-to-body ratio)'","b'720 x 1280 pixels, 16:9 ratio (~267 ppi density)'",b'Android 5.1 (Lollipop)',b'Mediatek MT6580A (28 nm)',b'Quad-core 1.3 GHz Cortex-A7',b'Mali-400MP2',b'microSDHC',b'16GB 1GB RAM',,"b'LED flash, HDR, panorama'",b'1080p@30fps',"b'8 MP, AF'",,b'',b'Yes',b'Yes',"b'Wi-Fi 802.11 b/g/n, Wi-Fi Direct, DLNA, hotspot'","b'4.0, A2DP, EDR'","b'Yes, with A-GPS'",b'No',b'FM radio',b'microUSB 2.0',"b'Accelerometer, proximity, compass'","b'Li-Po 2100 mAh, removable'",,"b'Dark Grey, White, Gold, Rose Gold, Silver'",,,,,,,,,,,,,,,,,,,,,,,,,,,,,b'2 MP',,,b'Up to 700 h (2G) / Up to 250 h (3G)',b'Up to 22 h (2G) / Up to 12 h (3G)',,,,,,,,,,,,,,,,,
b'posh',b'Posh Volt LTE L540',b'https://fdn2.gsmarena.com/vv/bigpic/posh-Volt_LTE_L540.jpg',b'GSM / HSPA / LTE',b'GSM 850 / 900 / 1800 / 1900 - SIM 1 & SIM 2',,b'HSDPA 850 / 1900 / 2100',"b'2, 3, 4, 7, 17'",,"b'HSPA 21.1/5.76 Mbps, LTE Cat4 150/50 Mbps'","b'2016, March'","b'Available. Released 2016, May'",b'143.8 x 72 x 10 mm (5.66 x 2.83 x 0.39 in)',b'167.5 g (5.93 oz)',"b'Dual SIM (Micro-SIM, dual stand-by)'",b'IPS LCD',"b'5.0 inches, 68.9 cm2 (~66.6% screen-to-body ratio)'","b'720 x 1280 pixels, 16:9 ratio (~294 ppi density)'",b'Android 5.1 (Lollipop)',b'Mediatek MT6735P (28 nm)',b'Quad-core 1.0 GHz Cortex-A53',b'Mali-T720MP2',b'microSDXC',b'16GB 3GB RAM',,"b'LED flash, panorama, HDR'",b'1080p@30fps',"b'8 MP, f/2.4, 1/4.0"", 1.12\xc2\xb5m, AF'",,b'',b'Yes',b'Yes',"b'Wi-Fi 802.11 b/g/n, Wi-Fi Direct, hotspot'","b'4.0, A2DP, LE'","b'Yes, with A-GPS'",b'No',b'FM radio',b'microUSB 2.0',"b'Accelerometer, proximity'","b'Li-Po 4000 mAh, non-removable'",b'Charging 10W',"b'Grey, Gold, Rose Gold'",,,,,,,,,,,,,,,,,,,,,,,,,,,,,"b'5 MP, f/2.2, 1/5"", 1.12\xc2\xb5m'",,,b'Up to 600 h (2G) / Up to 300 h (3G)',b'Up to 16 h (2G) / Up to 12 h (3G)',,,,,,,,,,,,,,,,,
b'posh',b'Posh Volt Max LTE L640',b'https://fdn2.gsmarena.com/vv/bigpic/posh-Volt_Max_LTE_L640.jpg',b'GSM / HSPA / LTE',b'GSM 850 / 900 / 1800 / 1900 - SIM 1 & SIM 2',,b'HSDPA 850 / 1900 / 2100',"b'2, 3, 4, 7, 17'",,"b'HSPA 42.2/5.76 Mbps, LTE Cat4 150/50 Mbps'","b'2016, March'","b'Available. Released 2016, June'",b'176 x 89.3 x 8.1 mm (6.93 x 3.52 x 0.32 in)',b'230 g (8.11 oz)',"b'Dual SIM (Micro-SIM, dual stand-by)'",b'IPS LCD',"b'6.44 inches, 123.5 cm2 (~78.6% screen-to-body ratio)'","b'1280 x 1920 pixels, 3:2 ratio (~358 ppi density)'",b'Android 5.1 (Lollipop)',b'Mediatek MT6753 (28 nm)',b'Octa-core 1.3 GHz Cortex-A53',b'Mali-T760MP2',b'No',"b'32GB 3GB RAM, 64GB 3GB RAM'",,"b'LED flash, panorama, HDR'",b'1080p@30fps',"b'13 MP, f/2.4, 1/3.1"", 1.12\xc2\xb5m, AF'",,b'',b'Yes',b'Yes',"b'Wi-Fi 802.11 b/g/n, Wi-Fi Direct, hotspot'","b'4.1, A2DP, LE'","b'Yes, with A-GPS'",b'No',b'No',"b'microUSB 2.0, USB On-The-Go'","b'Accelerometer, proximity, compass'","b'Li-Po 6000 mAh, non-removable'",b'Charging 10W',"b'Grey, Gold, Rose Gold'",,,,,,,,,,,,,,,,,,,,,,,,,,,,,"b'8 MP, f/2.2, 1/4"", 1.12\xc2\xb5m'",,,b'Up to 600 h (2G) / Up to 400 h (3G)',b'Up to 16 h (2G) / Up to 8 h (3G)',,,,,,,,,,,,,,,,,
b'posh',b'Posh Equal Pro LTE L700',b'https://fdn2.gsmarena.com/vv/bigpic/posh-Equal_Pro_LTE_L700.jpg',b'GSM / HSPA / LTE',b'GSM 850 / 900 / 1800 / 1900 - SIM 1 & SIM 2',,b'HSDPA 850 / 1900 / 2100',"b'2, 4, 7, 17'",,"b'HSPA 42.2/11.5 Mbps, LTE Cat4 150/50 Mbps'","b'2016, February'","b'Available. Released 2016, March'",b'192 x 101.6 x 8.4 mm (7.56 x 4.0 x 0.33 in)',b'248 g (5.22 oz)',"b'Dual SIM (Micro-SIM/ Mini-SIM, dual stand-by)'",b'IPS LCD',"b'6.95 inches, 133.2 cm2 (~68.3% screen-to-body ratio)'","b'720 x 1280 pixels, 16:9 ratio (~211 ppi density)'",b'Android 5.1 (Lollipop)',b'Mediatek MT8735P',b'Quad-core 1.0 GHz Cortex-A53',b'Mali-T720MP2',b'microSDHC',b'16GB 1GB RAM',,"b'LED flash, HDR, panorama'",b'1080p@30fps',"b'5 MP, AF'",,b'',b'Yes',b'Yes',"b'Wi-Fi 802.11 a/b/g/n, hotspot'","b'4.0, A2DP, LE'","b'Yes, with A-GPS'",b'No',b'FM radio',"b'microUSB 2.0, USB On-The-Go'","b'Accelerometer, compass'","b'Li-Po 2800 mAh, non-removable'",,"b'Black, White, Blue'",,,,,,,,,,,,,,,,,,,,,,,,,,,,,b'2 MP',,,b'Up to 900 h (2G) / Up to 800 h (3G)',b'Up to 24 h (2G) / Up to 15 h (3G)',,,,,,,,,,,,,,,,,
b'posh',b'Posh Primo Plus C353',b'https://fdn2.gsmarena.com/vv/bigpic/posh-plus-c353.jpg',b'GSM / HSPA',b'GSM 850 / 900 / 1800 / 1900 - SIM 1 & SIM 2',b'HSDPA 850 / 2100 - C353B',b'HSDPA 850 / 1900 - C353A',,,b'HSPA 21.1/5.76 Mbps',"b'2015, May. Released 2015, August'",b'Discontinued',b'116 x 63 x 10.4 mm (4.57 x 2.48 x 0.41 in)',b'96.1 g (3.39 oz)',"b'Dual SIM (Mini-SIM, dual stand-by)'",b'TFT',"b'3.5 inches, 36.5 cm2 (~49.9% screen-to-body ratio)'","b'320 x 480 pixels, 3:2 ratio (~165 ppi density)'",b'Android 4.4.2 (KitKat)',b'Spreadtrum SC7715',b'1.0 GHz',,b'microSDHC',b'512MB 256MB RAM',,,b'Yes',b'VGA',,b'',"b'Yes, with stereo speakers'",b'Yes',"b'Wi-Fi 802.11 b/g/n, hotspot'","b'2.1, EDR'",b'No',b'No',b'FM radio',b'microUSB 2.0',b'Accelerometer',b'Li-Po 1300 mAh battery',,"b'Black, White, Blue, Pink, Yellow'",,,,,,,,,,,,,,,,,,,,,,,,,,,,,b'VGA',,,b'Up to 260 h (2G) / Up to 220 h (3G)',b'Up to 5 h 30 min (2G) / Up to 5 h (3G)',,,,,,,,,,,,,,,,,
b'posh',b'Posh Kick X511',b'https://fdn2.gsmarena.com/vv/bigpic/posh-kick-x511.jpg',b'GSM / HSPA',b'GSM 850 / 900 / 1800 / 1900 - SIM 1 & SIM 2',b'HSDPA 850 / 2100 - X511B',b'HSDPA 850 / 1900 - X511A',,,b'HSPA 21.1/5.76 Mbps',"b'2015, May. Released 2015, August'",b'Discontinued',b'144.5 x 72 x 8.1 mm (5.69 x 2.83 x 0.32 in)',b'160 g (5.64 oz)',"b'Dual SIM (Mini-SIM/ Micro-SIM, dual stand-by)'",b'IPS LCD',"b'5.0 inches, 68.9 cm2 (~66.2% screen-to-body ratio)'","b'540 x 960 pixels, 16:9 ratio (~220 ppi density)'",b'Android 4.4.2 (KitKat)',b'Mediatek MT6582M (28 nm)',b'Quad-core 1.3 GHz Cortex-A7',b'Mali-400MP2',b'microSDHC',b'8GB 1GB RAM',,"b'LED flash, panorama, HDR'",b'1080p@30fps',"b'5 MP, AF'",,b'',"b'Yes, with stereo speakers'",b'Yes',"b'Wi-Fi 802.11 b/g/n, Wi-Fi Direct, DLNA, hotspot'","b'4.0, A2DP, EDR'","b'Yes, with A-GPS'",b'No',b'FM radio',b'microUSB 2.0',"b'Accelerometer, proximity'",b'Li-Po 1600 mAh battery',,"b'Black, White, Gold, Blue'",,,,,,,,,,,,,,,,,,,,,,,,,,,,,b'VGA',,,b'Up to 400 h (2G) / Up to 240 h (3G)',b'Up to 5 h (2G) / Up to 4 h (3G)',,,,,,,,,,,,,,,,,
b'posh',b'Posh Kick Lite S410',b'https://fdn2.gsmarena.com/vv/bigpic/posh-kick-lite-s410.jpg',b'GSM / HSPA',b'GSM 850 / 900 / 1800 / 1900 - SIM 1 & SIM 2',b'HSDPA 850 / 1900 / 2100 - X410B',b'HSDPA 850 / 1700(AWS) / 1900 - S410A',,,b'HSPA 21.1/5.76 Mbps',"b'2015, May. Released 2015, August'",b'Discontinued',b'123.3 x 63.5 x 12.2 mm (4.85 x 2.5 x 0.48 in)',b'119 g (4.20 oz)',"b'Dual SIM (Mini-SIM/ Micro-SIM, dual stand-by)'",b'IPS LCD',"b'4.0 inches, 45.5 cm2 (~58.2% screen-to-body ratio)'","b'480 x 800 pixels, 5:3 ratio (~233 ppi density)'",b'Android 4.4.2 (KitKat)',b'Mediatek MT6572M (28 nm)',b'Dual-core 1.0 GHz Cortex-A7',b'Mali-400',b'microSDHC',b'4GB 512MB RAM',,"b'LED flash, panorama, HDR'",b'720p@30fps',b'2 MP',,b'',"b'Yes, with stereo speakers'",b'Yes',"b'Wi-Fi 802.11 b/g/n, Wi-Fi Direct, DLNA, hotspot'","b'4.0, A2DP, EDR'","b'Yes, with A-GPS'",b'No',b'FM radio',b'microUSB 2.0',b'Accelerometer',b'Li-Po 1450 mAh battery',,"b'Black, White, Pink, Blue'",,,,,,,,,,,,,,,,,,,,,,,,,,,,,b'VGA',,,b'Up to 400 h (2G) / Up to 240 h (3G)',b'Up to 5 h (2G) / Up to 3 h (3G)',,,,,,,,,,,,,,,,,
b'posh',b'Posh Icon S510',b'https://fdn2.gsmarena.com/vv/bigpic/posh-icon-s510.jpg',b'GSM / HSPA',b'GSM 850 / 900 / 1800 / 1900 - SIM 1 & SIM 2',b'HSDPA 850 / 1900 / 2100 - X510B',b'HSDPA 850 / 1700(AWS) / 1900 - S510A',,,b'HSPA 21.1/5.76 Mbps',"b'2015, May. Released 2015, October'",b'Discontinued',b'142 x 70.5 x 8.5 mm (5.59 x 2.78 x 0.33 in)',b'115.2 g (4.06 oz)',"b'Dual SIM (Mini-SIM, dual stand-by)'",b'IPS LCD',"b'5.0 inches, 68.9 cm2 (~68.8% screen-to-body ratio)'","b'480 x 854 pixels, 16:9 ratio (~196 ppi density)'",b'Android 4.4.2 (KitKat)',b'Mediatek MT6572M (28 nm)',b'Dual-core 1.0 GHz Cortex-A7',b'Mali-400',b'microSDHC',b'4GB 512MB RAM',,"b'LED flash, panorama, HDR'",b'1080p@30fps',b'5 MP',,b'',"b'Yes, with stereo speakers'",b'Yes',"b'Wi-Fi 802.11 b/g/n, Wi-Fi Direct, DLNA, hotspot'","b'4.0, A2DP, EDR'","b'Yes, with A-GPS'",b'No',b'FM radio',b'microUSB 2.0',b'Accelerometer',b'Li-Po 1800 mAh battery',,"b'Gold, White, Black'",,,,,,,,,,,,,,,,,,,,,,,,,,,,,b'VGA',,,b'Up to 260 h (2G) / Up to 220 h (3G)',b'Up to 5 h 30 min (2G) / Up to 5 h (3G)',,,,,,,,,,,,,,,,,
b'posh',b'Posh Titan Max HD E550',b'https://fdn2.gsmarena.com/vv/bigpic/posh-e550-.jpg',b'GSM / HSPA',b'GSM 850 / 900 / 1800 / 1900 - SIM 1 & SIM 2',,b'HSDPA 850 / 1700(AWS) / 1900 / 2100 - E550A',,,b'HSPA 21.1/5.76 Mbps',"b'2015, July. Released 2015, July'",b'Discontinued',b'151 x 78 x 7.9 mm (5.94 x 3.07 x 0.31 in)',b'140 g (4.94 oz)',"b'Dual SIM (Mini-SIM/ Micro-SIM, dual stand-by)'",b'IPS LCD',"b'5.5 inches, 83.4 cm2 (~70.8% screen-to-body ratio)'","b'720 x 1280 pixels, 16:9 ratio (~267 ppi density)'",b'Android 4.4.2 (KitKat)',b'Mediatek MT6592M (28 nm)',b'Octa-core 1.4 GHz Cortex-A7',b'Mali-450MP4',b'microSDXC',b'8GB 1GB RAM',,"b'Dual-LED flash, panorama, HDR'",b'1080p@30fps',"b'13 MP, AF'",b'LED flash',b'',"b'Yes, with stereo speakers'",b'Yes',"b'Wi-Fi 802.11 b/g/n, Wi-Fi Direct, DLNA, hotspot'","b'4.0, A2DP, EDR'","b'Yes, with A-GPS'",b'No',b'FM radio',b'microUSB 2.0',"b'Accelerometer, proximity, compass'",b'Li-Po 2400 mAh battery',,"b'Black, White, Gold'",,,,,,,,,,,,,,,,,,,,,,,,,,,,,b'5 MP',,,b'Up to 400 h (2G) / Up to 240 h (3G)',b'Up to 4 h (2G) / Up to 5 h (3G)',,,,,,,,,,,,,,,,,
b'posh',b'Posh Ultra 5.0 LTE L500',b'https://fdn2.gsmarena.com/vv/bigpic/posh-l500-.jpg',b'GSM / HSPA / LTE',b'GSM 850 / 900 / 1800 / 1900 - SIM 1 & SIM 2',b'HSDPA 850 / 1900 / 2100 - L500B',b'HSDPA 850 / 1700(AWS) / 1900 - L500A',"b'2, 4, 7, 17'",,"b'HSPA 21.1/5.76 Mbps, LT\xd0\x95'","b'2015, July. Released 2015, July'",b'Discontinued',b'143 x 73 x 8.4 mm (5.63 x 2.87 x 0.33 in)',b'129 g (4.55 oz)',"b'Dual SIM (Micro-SIM, dual stand-by)'",b'IPS LCD',"b'5.0 inches, 68.9 cm2 (~66.0% screen-to-body ratio)'","b'720 x 1280 pixels, 16:9 ratio (~294 ppi density)'",b'Android 4.4.4 (KitKat)',b'Qualcomm MSM8916 Snapdragon 410 (28 nm)',b'Quad-core 1.2 GHz Cortex-A53',b'Adreno 306',b'microSDXC',b'8GB 1GB RAM',,"b'LED flash, panorama'",b'720p@30fps',"b'8 MP, AF'",,b'',"b'Yes, with stereo speakers'",b'Yes',"b'Wi-Fi 802.11 b/g/n, Wi-Fi Direct, DLNA, hotspot'","b'4.0, A2DP, EDR'","b'Yes, with A-GPS'",b'No',b'FM radio',b'microUSB 2.0',"b'Accelerometer, proximity, compass'",b'Li-Po 2230 mAh battery',,"b'Black, White'",,,,,,b'eMMC 4.5',,,,,,,,,,,,,,,,,,,,,,,b'2 MP',,,b'Up to 400 h (2G) / Up to 200 h (3G)',b'Up to 4 h (2G) / Up to 4 h (3G)',,,,,,,,,,,,,,,,,
b'posh',b'Posh Micro X S240',b'https://fdn2.gsmarena.com/vv/bigpic/posh-s240-.jpg',b'GSM / HSPA',b'GSM 850 / 900 / 1800 / 1900',b'HSDPA 850 / 1900 / 2100 - S240B',b'HSDPA 850 / 1700(AWS) / 1900 - S240A',,,b'HSPA 21.1/5.76 Mbps',"b'2015, July. Released 2015, July'",b'Discontinued',b'89.8 x 47.8 x 11.7 mm (3.54 x 1.88 x 0.46 in)',b'52.7 g (1.87 oz)',b'Mini-SIM',"b'TFT, 256K colors'","b'2.45 inches, 16.4 cm2 (~38.3% screen-to-body ratio)'",b'240 x 432 pixels (~202 ppi density)',b'Android 4.4.2 (KitKat)',b'Mediatek MT6572 (28 nm)',b'Dual-core 1.0 GHz Cortex-A7',b'Mali-400',b'microSDHC (dedicated slot)',b'4GB 512MB RAM',,b'Panorama',b'720p@30fps',b'2 MP',,b'',"b'Yes, with stereo speakers'",b'Yes',"b'Wi-Fi 802.11 b/g/n, Wi-Fi Direct, DLNA, hotspot'","b'4.0, A2DP, EDR'","b'Yes, with A-GPS'",b'No',b'FM radio',b'microUSB 2.0',b'Accelerometer',"b'Li-Po 650 mAh, removable'",,"b'Black, White, Blue, Pink'",,,,,,,,,,,,,,,,,,,,,,,,,,,,,b'1 MP',,,b'Up to 200 h (2G) / Up to 180 h (3G)',b'Up to 7 h (2G) / Up to 4 h (3G)',,,,,,,,,,,,,,,,,
b'posh',b'Posh Titan Max HD E600',b'https://fdn2.gsmarena.com/vv/bigpic/posh-e600.jpg',b'GSM / HSPA',b'GSM 850 / 900 / 1800 / 1900 - SIM 1 & SIM 2',b'HSDPA 850 / 1900 / 2100 - E600B',b'HSDPA 850 / 1700 / 1900 - E600A',,,b'HSPA 21.1/5.76 Mbps',"b'2014, November. Released 2015, April'",b'Discontinued',b'165.8 x 84 x 8.9 mm (6.53 x 3.31 x 0.35 in)',b'172 g (6.07 oz)',"b'Dual SIM (Mini-SIM/ Micro-SIM, dual stand-by)'",b'IPS LCD',"b'6.0 inches, 99.2 cm2 (~71.3% screen-to-body ratio)'","b'720 x 1280 pixels, 16:9 ratio (~245 ppi density)'",b'Android 4.4.2 (KitKat)',b'Mediatek MT6592 (28 nm)',b'Octa-core 1.7 GHz Cortex-A7',b'Mali-450MP4',b'microSDXC',b'8GB 1GB RAM',,"b'Dual-LED flash, panorama, HDR'",b'1080p@30fps',"b'13 MP, AF'",,b'',"b'Yes, with stereo speakers'",b'Yes',"b'Wi-Fi 802.11 b/g/n, Wi-Fi Direct, DLNA, hotspot'","b'4.0, A2DP, EDR'","b'Yes, with A-GPS'",b'No',b'FM radio',b'microUSB 2.0',"b'Accelerometer, proximity, compass'",b'Li-Po 3000 mAh battery',,"b'Black, White, Gold'",,,,,,,,,,,,,,,,,,,,,,,,,,,,,"b'5 MP, AF'",,,b'Up to 710 h (2G) / Up to 610 h (3G)',b'Up to 24 h (2G) / Up to 12 h (3G)',,,,,,,,,,,,,,,,,
b'posh',b'Posh Titan HD E500',b'https://fdn2.gsmarena.com/vv/bigpic/posh-e500.jpg',b'GSM / HSPA',b'GSM 850 / 900 / 1800 / 1900 - SIM 1 & SIM 2',b'HSDPA 850 / 1900 / 2100 - E500B',b'HSDPA 850 / 1700 / 1900 - E500A',,,b'HSPA 21.1/5.76 Mbps',"b'2014, July. Released 2014, September'",b'Discontinued',b'141.5 x 70.8 x 8 mm (5.57 x 2.79 x 0.31 in)',b'125 g (4.41 oz)',"b'Dual SIM (Mini-SIM/ Micro-SIM, dual stand-by)'",b'IPS LCD',"b'5.0 inches, 68.9 cm2 (~68.8% screen-to-body ratio)'","b'720 x 1280 pixels, 16:9 ratio (~294 ppi density)'",b'Android 4.4.2 (KitKat)',b'Mediatek MT6592M (28 nm)',b'Octa-core 1.3 GHz Cortex-A7',b'Mali-450MP4',b'microSDXC',b'8GB 1GB RAM',,"b'LED flash, panorama, HDR'",b'1080p@30fps',"b'13 MP, AF'",,b'',"b'Yes, with stereo speakers'",b'Yes',"b'Wi-Fi 802.11 b/g/n, Wi-Fi Direct, DLNA, hotspot'","b'4.0, A2DP, EDR'","b'Yes, with A-GPS'",b'No',b'FM radio',b'microUSB 2.0',"b'Accelerometer, proximity, compass'",b'Li-Po 2100 mAh battery',,"b'Black, White, Blue, Pink, Yellow, Orange, Green'",,,,,,,,,,,,,,,,,,,,,,,,,,,,,b'5 MP',,,b'Up to 600 h (2G) / Up to 520 h (3G)',b'Up to 18 h (2G) / Up to 9 h (3G)',,,,,,,,,,,,,,,,,
b'posh',b'Posh Equal S700',b'https://fdn2.gsmarena.com/vv/bigpic/posh-s700.jpg',b'GSM / HSPA',b'GSM 850 / 900 / 1800 / 1900 - SIM 1 & SIM 2',b'HSDPA 850 / 1900 / 2100 - S700B',b'HSDPA 850 / 1700 / 1900 - S700A',,,b'HSPA 21.1/5.76 Mbps',"b'2014, August. Released 2014, September'",b'Discontinued',b'193.9 x 103 x 8.9 mm (7.63 x 4.06 x 0.35 in)',b'244 g (8.61 oz)',"b'Dual SIM (Mini-SIM/ Micro-SIM, dual stand-by)'",b'TFT',"b'7.0 inches, 137.9 cm2 (~69.0% screen-to-body ratio)'","b'600 x 1024 pixels, 16:9 ratio (~170 ppi density)'",b'Android 4.4.2 (KitKat)',b'Mediatek MT8312 (28 nm)',b'Dual-core 1.3 GHz Cortex-A7',b'Mali-400',b'microSDXC',b'4GB 512MB RAM',,"b'LED flash, panorama, HDR'",b'1080p@30fps',b'5 MP',,b'',b'Yes',b'Yes',"b'Wi-Fi 802.11 b/g/n, Wi-Fi Direct, DLNA, hotspot'","b'4.0, A2DP'","b'Yes, with A-GPS, GLONASS'",b'No',b'FM radio',b'microUSB 2.0',"b'Accelerometer, compass'","b'Li-Ion 2600 mAh, non-removable'",,"b'Black, White'",,,,,,,,,,,,,,,,,,,,,,,,,,,,,b'1.3 MP',,,b'Up to 300 h (3G)',b'Up to 10 h (3G)',,,,,,,,,,,,,,,,,
b'posh',b'Posh Equal Lite W700',b'https://fdn2.gsmarena.com/vv/bigpic/posh-w700.jpg',b'No cellular connectivity',b'N/A',,,,,,"b'2014, September. Released 2014, December'",b'Discontinued',b'192 x 109 x 9.8 mm (7.56 x 4.29 x 0.39 in)',b'231 g (8.15 oz)',b'No',b'TFT',"b'7.0 inches, 137.9 cm2 (~65.9% screen-to-body ratio)'","b'600 x 1024 pixels, 16:9 ratio (~170 ppi density)'",b'Android 4.4 (KitKat)',b'Mediatek MT8127 (28 nm)',b'Quad-core 1.3 GHz Cortex-A7',b'Mali-450MP4',b'microSDHC (dedicated slot)',b'8GB 512MB RAM',,b'HDR',b'1080p@30fps',b'5 MP',,b'',"b'Yes, with stereo speakers'",b'Yes',"b'Wi-Fi 802.11 b/g/n, Wi-Fi Direct, DLNA, hotspot'","b'4.0, A2DP, EDR'","b'Yes, with A-GPS'",b'No',b'FM radio',b'microUSB 2.0',b'Accelerometer',"b'Li-Po 2100 mAh, non-removable'",,b'White',,,,,,,,,,,,,,,,,,,,,,,,,,,,,b'1.3 MP',,,b'Up to 250 h (3G)',,,b'No',b'No',,,,,,,,,,,,,,
b'posh',b'Posh Memo S580',b'https://fdn2.gsmarena.com/vv/bigpic/posh-s580.jpg',b'GSM / HSPA',b'GSM 850 / 900 / 1800 / 1900 - SIM 1 & SIM 2',b'HSDPA 850 / 2100 - S580B',b'HSDPA 850 / 1900 - S580A',,,b'HSPA 21.1/5.76 Mbps',"b'2014, June. Released 2014, August'",b'Discontinued',b'165.5 x 90.5 x 9.7 mm (6.52 x 3.56 x 0.38 in)',b'175 g (6.17 oz)',"b'Dual SIM (Mini-SIM, dual stand-by)'",b'TFT',"b'5.88 inches, 98.4 cm2 (~65.7% screen-to-body ratio)'","b'480 x 800 pixels, 5:3 ratio (~159 ppi density)'",b'Android 4.4 (KitKat)',b'Mediatek MT6572M (28 nm)',b'Dual-core 1.0 GHz Cortex-A7',b'Mali-400',b'microSDHC',b'4GB 512MB RAM',,"b'LED flash, panorama, HDR'",b'720p@30fps',b'8 MP',,b'',"b'Yes, with stereo speakers'",b'Yes',"b'Wi-Fi 802.11 b/g/n, Wi-Fi Direct, DLNA, hotspot'","b'2.1, EDR'","b'Yes, with A-GPS, GLONASS'",b'No',"b'Stereo FM radio, RDS'",b'microUSB 2.0',"b'Accelerometer, proximity'",b'Li-Ion 2500 mAh battery',,"b'Black, White'",,,,,,,,,,,,,,,,,,,,,,,,,,,,,b'1.3 MP',,,b'Up to 800 h (2G) / Up to 750 h (3G)',b'Up to 24 h (2G) / Up to 14 h (3G)',,,,,,,,,,,,,,,,,
b'posh',b'Posh Orion Max X550',b'https://fdn2.gsmarena.com/vv/bigpic/posh-x550.jpg',b'GSM / HSPA',b'GSM 850 / 900 / 1800 / 1900 - SIM 1 & SIM 2',b'HSDPA 850 / 2100 - X550B',b'HSDPA 850 / 1900 - X550A',,,b'HSPA 21.1/5.76 Mbps',"b'2014, July. Released 2014, September'",b'Discontinued',b'156.3 x 77.4 x 9.6 mm (6.15 x 3.05 x 0.38 in)',b'194 g (6.84 oz)',"b'Dual SIM (Mini-SIM, dual stand-by)'",b'IPS LCD',"b'5.5 inches, 83.4 cm2 (~68.9% screen-to-body ratio)'","b'540 x 960 pixels, 16:9 ratio (~200 ppi density)'",b'Android 4.4.2 (KitKat)',b'Mediatek MT6582M (28 nm)',b'Quad-core 1.3 GHz Cortex-A7',b'Mali-400MP2',b'microSDHC',b'4GB 1GB RAM',,"b'LED flash, panorama, HDR'",b'720p',"b'8 MP, AF'",,b'',"b'Yes, with stereo speakers'",b'Yes',b'Wi-Fi 802.11 b/g/n',"b'3.0, EDR'","b'Yes, with A-GPS, GLONASS'",b'No',"b'Stereo FM radio, RDS'",b'microUSB 2.0',"b'Accelerometer, proximity'",b'Li-Ion 2500 mAh battery',,"b'Black, White, Blue'",,,,,,,,,,,,,,,,,,,,,,,,,,,,,b'1.3 MP',,,b'Up to 650 h (2G) / Up to 600 h (3G)',b'Up to 23 h (2G) / Up to 13 h (3G)',,,,,,,,,,,,,,,,,
b'posh',b'Posh Orion Pro X500',b'https://fdn2.gsmarena.com/vv/bigpic/posh-x500.jpg',b'GSM / HSPA',b'GSM 850 / 900 / 1800 / 1900 - SIM 1 & SIM 2',b'HSDPA 850 / 2100 - X500B',b'HSDPA 850 / 1900 - X500A',,,b'HSPA 21.1/5.76 Mbps',"b'2014, January. Released 2014, April'",b'Discontinued',b'144 x 73.4 x 9.7 mm (5.67 x 2.89 x 0.38 in)',b'168 g (5.93 oz)',"b'Dual SIM (Mini-SIM, dual stand-by)'",b'IPS LCD',"b'5.0 inches, 68.9 cm2 (~65.2% screen-to-body ratio)'","b'480 x 854 pixels, 16:9 ratio (~196 ppi density)'",b'Android 4.4 (KitKat)',b'Mediatek MT6582M (28 nm)',b'Quad-core 1.3 GHz Cortex-A7',b'Mali-400MP2',b'microSDHC',b'4GB 1GB RAM',,"b'LED flash, panorama, HDR'",b'720p@30fps',b'8 MP',,b'',"b'Yes, with stereo speakers'",b'Yes',"b'Wi-Fi 802.11 b/g/n, Wi-Fi Direct, DLNA, hotspot'","b'4.0, A2DP, EDR'","b'Yes, with A-GPS'",b'No',b'FM radio',b'microUSB 2.0',"b'Accelerometer, proximity'",b'Li-Ion 1800 mAh battery',,"b'Black, White, Blue, Pink'",,,,,,,,,,,,,,,,,,,,,,,,,,,,,"b'1.3 MP, AF'",,,b'Up to 550 h (2G) / Up to 500 h (3G)',b'Up to 20 h (2G) / Up to 10 h (3G)',,,,,,,,,,,,,,,,,
b'posh',b'Posh Revel Pro X510',b'https://fdn2.gsmarena.com/vv/bigpic/posh-x510.jpg',b'GSM / HSPA',b'GSM 850 / 900 / 1800 / 1900 - SIM 1 & SIM 2',b'HSDPA 850 / 1900 / 2100 - X510B',b'HSDPA 850 / 1700 / 1900 - X510A',,,b'HSPA 21.1/5.76 Mbps',"b'2014, September. Released 2015, January'",b'Discontinued',b'142.5 x 73 x 9.4 mm (5.61 x 2.87 x 0.37 in)',b'155 g (5.47 oz)',"b'Dual SIM (Mini-SIM/ Micro-SIM, dual stand-by)'",b'TFT',"b'5.0 inches, 68.9 cm2 (~66.2% screen-to-body ratio)'","b'480 x 854 pixels, 16:9 ratio (~196 ppi density)'",b'Android 4.4.2 (KitKat)',b'Mediatek MT6582M (28 nm)',b'Quad-core 1.3 GHz Cortex-A7',b'Mali-400MP2',b'microSDHC',b'4GB 512MB RAM',,"b'LED flash, HDR, panorama'",b'720p@30fps',"b'8 MP, AF'",,b'',"b'Yes, with stereo speakers'",b'Yes',b'Wi-Fi 802.11 b/g/n',"b'4.0, A2DP, EDR, LE, aptX'","b'Yes, with A-GPS, GLONASS'",b'No',"b'Stereo FM radio, RDS'","b'microUSB 2.0, USB On-The-Go'","b'Accelerometer, proximity'",b'Li-Po 2100 mAh battery',,"b'Black, White, Blue, Pink, Yellow, Silver'",,,,,,,,,,,,,,,,,,,,,,,,,,,,,b'1.3 MP',,,b'Up to 800 h (2G) / Up to 680 h (3G)',b'Up to 24 h (2G) / Up to 14 h (3G)',,,,,,,,,,,,,,,,,
b'posh',b'Posh Revel S500',b'https://fdn2.gsmarena.com/vv/bigpic/posh-s500.jpg',b'GSM / HSPA',b'GSM 850 / 900 / 1800 / 1900 - SIM 1 & SIM 2',b'HSDPA 850 / 2100 - S500B',b'HSDPA 850 / 1900 - S500A',,,b'HSPA 21.1/5.76 Mbps',"b'2014, June. Released 2014, August'",b'Discontinued',b'147 x 73 x 9.6 mm (5.79 x 2.87 x 0.38 in)',b'160 g (5.64 oz)',"b'Dual SIM (Mini-SIM, dual stand-by)'",b'TFT',"b'5.0 inches, 68.9 cm2 (~64.2% screen-to-body ratio)'","b'480 x 854 pixels, 16:9 ratio (~196 ppi density)'",b'Android 4.4.2 (KitKat)',b'Mediatek MT6572M (28 nm)',b'Quad-core 1.0 GHz Cortex-A7',b'Mali-400',b'microSDHC',b'4GB 512MB RAM',,"b'LED flash, HDR, panorama'",b'720p@30fps',b'8 MP',,b'',"b'Yes, with stereo speakers'",b'Yes',"b'Wi-Fi 802.11 b/g/n, Wi-Fi Direct, DLNA, hotspot'","b'2.1, EDR'","b'Yes, with A-GPS, GLONASS'",b'No',"b'Stereo FM radio, RDS'",b'microUSB 2.0',"b'Accelerometer, proximity'",b'Li-Ion 1800 mAh battery',,"b'Black, White, Blue, Green'",,,,,,,,,,,,,,,,,,,,,,,,,,,,,b'1.3 MP',,,b'Up to 600 h (2G) / Up to 550 h (3G)',b'Up to 22 h (2G) / Up to 12 h (3G)',,,,,,,,,,,,,,,,,
b'posh',b'Posh Orion S450',b'https://fdn2.gsmarena.com/vv/bigpic/posh-s450.jpg',b'GSM / HSPA',b'GSM 850 / 900 / 1800 / 1900 - SIM 1 & SIM 2',,b'HSDPA 850 / 1900',,,b'HSPA 21.1/5.76 Mbps',"b'2014, January. Released 2014, April'",b'Discontinued',b'-',b'150 g (5.29 oz)',"b'Dual SIM (Mini-SIM, dual stand-by)'",b'IPS LCD',"b'4.5 inches, 55.8 cm2'","b'540 x 960 pixels, 16:9 ratio (~245 ppi density)'",b'Android 4.2.2 (Jelly Bean)',b'Mediatek MT6572M (28 nm)',b'Dual-core 1.0 GHz Cortex-A7',b'Mali-400',b'microSDHC',b'4GB 512MB RAM',,"b'LED flash, HDR, panorama'",b'720p@30fps',"b'5 MP, AF'",,b'',"b'Yes, with stereo speakers'",b'Yes',"b'Wi-Fi 802.11 b/g/n, Wi-Fi Direct, DLNA, hotspot'","b'2.1, EDR'","b'Yes, with A-GPS, GLONASS'",b'No',"b'Stereo FM radio, RDS'",b'microUSB 2.0',"b'Accelerometer, proximity'",b'Li-Ion 2000 mAh battery',,"b'Black, White'",,,,,,,,,,,,,,,,,,,,,,,,,,,,,b'VGA',,,b'Up to 600 h (2G) / Up to 550 h (3G)',b'Up to 22 h (2G) / Up to 12 h (3G)',,,,,,,,,,,,,,,,,
b'posh',b'Posh Pegasus 4G S400',b'https://fdn2.gsmarena.com/vv/bigpic/posh-s400.jpg',b'GSM / HSPA',b'GSM 850 / 900 / 1800 / 1900 - SIM 1 & SIM 2',b'HSDPA 850 / 2100 - S400B',b'HSDPA 850 / 1900 - S400A',,,b'HSPA 21.1/5.76 Mbps',"b'2014, May. Released 2014, July'",b'Discontinued',b'126.8 x 63.5 x 9.9 mm (4.99 x 2.5 x 0.39 in)',b'119 g (4.20 oz)',"b'Dual SIM (Mini-SIM, dual stand-by)'",b'TFT',"b'4.0 inches, 45.5 cm2 (~56.6% screen-to-body ratio)'","b'480 x 800 pixels, 5:3 ratio (~233 ppi density)'",b'Android 4.2.2 (Jelly Bean)',b'Mediatek MT6572M (28 nm)',b'Dual-core 1.0 GHz Cortex-A7',b'Mali-400',b'microSDHC',b'4GB 512MB RAM',,"b'HDR, panorama'",b'720p@30fps',b'5 MP',,b'',"b'Yes, with stereo speakers'",b'Yes',"b'Wi-Fi 802.11 b/g/n, hotspot'","b'2.1, A2DP, EDR'",b'No',b'No',b'FM radio',b'microUSB 2.0',b'Accelerometer',b'Li-Po 1450 mAh battery',,"b'Black, White, Blue, Green'",,,,,,,,,,,,,,,,,,,,,,,,,,,,,b'1.3 MP',,,b'Up to 450 h (2G) / Up to 350 h (3G)',b'Up to 18 h (2G) / Up to 12 h (3G)',,,,,,,,,,,,,,,,,
b'posh',b'Posh Orion Mini S350',b'https://fdn2.gsmarena.com/vv/bigpic/posh-s350.jpg',b'GSM / HSPA',b'GSM 850 / 900 / 1800 / 1900 - SIM 1 & SIM 2',b'HSDPA 850 / 2100 - S350B',b'HSDPA 850 / 1900 - S350A',,,b'HSPA 21.1/5.76 Mbps',"b'2014, July. Released 2014, September'",b'Discontinued',b'118 x 62.2 x 10.5 mm (4.65 x 2.45 x 0.41 in)',b'107 g (3.77 oz)',"b'Dual SIM (Mini-SIM, dual stand-by)'",b'TFT',"b'3.5 inches, 36.5 cm2 (~49.7% screen-to-body ratio)'","b'320 x 480 pixels, 3:2 ratio (~165 ppi density)'",b'Android 4.4.2 (KitKat)',b'Mediatek MT6572M (28 nm)',b'Dual-core 1.0 GHz Cortex-A7',b'Mali-400',b'microSDHC',b'512MB 256MB RAM',,"b'HDR, panorama'",b'720p@30fps',b'5 MP',,b'',"b'Yes, with stereo speakers'",b'Yes',"b'Wi-Fi 802.11 b/g/n, hotspot'","b'2.1, A2DP, EDR'",b'No',b'No',b'FM radio',b'microUSB 2.0',b'Accelerometer',b'Li-Po 1200 mAh battery',,"b'Black, White, Blue, Green'",,,,,,,,,,,,,,,,,,,,,,,,,,,,,b'1.3 MP',,,b'Up to 450 h (2G) / Up to 380 h (3G)',b'Up to 18 h (2G) / Up to 10 h (3G)',,,,,,,,,,,,,,,,,
b'posh',b'Posh Pegasus Plus C351',b'https://fdn2.gsmarena.com/vv/bigpic/posh-c351.jpg',b'GSM',b'GSM 850 / 900 / 1800 / 1900 - SIM 1 & SIM 2',,,,,,"b'2014, June. Released 2014, August'",b'Discontinued',b'116 x 61.6 x 11.3 mm (4.57 x 2.43 x 0.44 in)',b'100 g (3.53 oz)',"b'Dual SIM (Mini-SIM/ Micro-SIM, dual stand-by)'",b'TFT',"b'3.5 inches, 36.5 cm2 (~51.0% screen-to-body ratio)'","b'320 x 480 pixels, 3:2 ratio (~165 ppi density)'",b'Android 4.4.2 (KitKat)',b'Spreadtrum SC6815',b'1.0 GHz Cortex-A7',b'Mali-400',b'microSDHC',b'512MB 256MB RAM',,,b'480p@30fps',b'1.3 MP',,b'',"b'Yes, with stereo speakers'",b'Yes',"b'Wi-Fi 802.11 b/g/n, hotspot'","b'2.1, EDR'",b'No',b'No',b'FM radio',b'microUSB 2.0',b'Accelerometer',b'Li-Ion 1100 mAh battery',,"b'Black, White, Blue, Red'",,,,,,,,,,,,,,,,,,,,,,,,,,,,,b'1.3 MP',,,b'Up to 400 h',b'Up to 16 h',,b'Yes',b'Yes',,,,,,,,,,,,,,
b'posh',b'Posh Lynx A100',b'https://fdn2.gsmarena.com/vv/bigpic/posh-a100.jpg',b'GSM',b'GSM 850 / 900 / 1800 / 1900 - SIM 1 & SIM 2 - A100',b'No',,,,,"b'2014, February. Released 2014, March'",b'Discontinued',b'112.5 x 45.5 x 14 mm (4.43 x 1.79 x 0.55 in)',b'75 g (2.65 oz)',"b'Dual SIM (Mini-SIM, dual stand-by)'","b'TFT, 65K colors'","b'1.77 inches, 9.9 cm2 (~19.3% screen-to-body ratio)'",b'128 x 160 pixels (~116 ppi density)',,b'Mediatek MT6260',b'360 MHz',b'No',b'microSDHC',b'32MB 32MB RAM',,,b'Yes',b'VGA',,,b'Yes',b'Yes',b'No',"b'2.1, A2DP, EDR'",b'No',b'No',b'FM radio',b'microUSB 2.0',b'',b'Li-Ion 800 mAh battery',,"b'Black, White, Silver, Red, Blue'",,,,,,b'MP3/WAV/AAC+ Photo/video viewer',,,,,,,,,,,,,,,,,,,,,,,,,,b'Up to 250 h',b'Up to 8 h',,b'Yes',b'No',b'Yes',b'Yes',"b'SMS, MMS'",b'No',b'No',,,,,,,,,
