Brand,Model Name,Model Image,Technology,2G bands,3G bands,Speed,Announced,Status,Dimensions,Weight,SIM,Type,Size,Resolution,Card slot,Phonebook,Call records,Single,Features,Video,Single_1,Video_1,Loudspeaker,3.5mm jack,WLAN,Bluetooth,GPS,Radio,USB,Sensors,Messaging,Browser,Games,Java,,Type_1,Stand-by,Talk time,Music play,Colors,Price,GPRS,EDGE,_1,Internal,Alert types,_1_1,Protection,Infrared port,SAR EU,OS,CPU,Clock,Alarm,Stand-by_1,Talk time_1
b'sagem',b'Sagem Puma Phone',b'https://fdn2.gsmarena.com/vv/bigpic/sagem-puma-phone.jpg',b'GSM / HSPA',b'GSM 900 / 1800 / 1900',b'HSDPA 900 / 2100',b'HSPA 7.2/2 Mbps',"b'2010, February. Released 2010, August'",b'Discontinued',b'102 x 56 x 13 mm (4.02 x 2.20 x 0.51 in)',b'115 g (4.06 oz)',b'Mini-SIM',"b'TFT resistive touchscreen, 256K colors'","b'2.8 inches, 24.3 cm2 (~42.5% screen-to-body ratio)'","b'240 x 320 pixels, 4:3 ratio (~143 ppi density)'","b'microSDHC (dedicated slot), 2 GB included'",b'Yes',"b'20 dialed, 20 received, 20 missed calls'",b'3.15 MP',b'LED flash',b'Yes',b'VGA',b'',b'Yes',b'Yes',b'No',"b'2.1, A2DP'","b'Yes, with A-GPS'","b'Stereo FM radio, RDS'",b'2.0',"b'Accelerometer, compass'","b'SMS, MMS, Email, IM'","b'WAP 2.0/xHTML, HTML'",b'Yes',"b'Yes, MIDP 2.0'","b'Integrated solar cell with charge indicator Bike Tracker, Run Tracker, Pedometer PUMA services'",b'Removable Li-Ion 880 mAh battery',b'Up to 350 h',b'Up to 5 h (2G) / Up to 4 h (3G)',b'Up to 24 h',b'Black',b'About 400 EUR',,,,,,,,,,,,,,,
b'sagem',b'Sagem my421z',b'https://fdn2.gsmarena.com/vv/bigpic/sagem-my421z.jpg',b'GSM',b'GSM 900 / 1800 / 1900',,,"b'2008, September. Released 2008, October'",b'Discontinued',b'97 x 46 x 14 mm (3.82 x 1.81 x 0.55 in)',b'95 g (3.35 oz)',b'Mini-SIM',"b'TFT, 256K colors'","b'2.0 inches, 12.6 cm2 (~28.2% screen-to-body ratio)'",b'176 x 220 pixels (~141 ppi density)',b'microSD (dedicated slot)',b'Yes',"b'20 dialed, 20 received, 20 missed calls'",b'1.3 MP',,b'Yes',,,b'No',b'No',b'No',b'Yes',b'No',b'No',b'Proprietary',b'',"b'SMS, EMS, MMS'",b'WAP 2.0/xHTML',b'Yes',"b'Yes, MIDP 2.0'",b'No',b'Removable Li-Ion battery',b'Up to 250 h',b'Up to 3 h 30 min',,"b'Black, Silver, Pink'",,b'Yes',b'No',b'MP3/AAC player Predictive text input Organizer',,,,,,,,,,,,
b'sagem',b'Sagem Roland Garros',b'https://fdn2.gsmarena.com/vv/bigpic/sagem-rg.jpg',b'GSM',b'GSM 900 / 1800 / 1900',,,"b'2008, February. Released 2008, April'",b'Discontinued',b'106.9 x 46.3 x 10.9 mm (4.21 x 1.82 x 0.43 in)',b'81 g (2.86 oz)',b'Mini-SIM',"b'TFT, 65K colors'",b'',"b'120 x 160 pixels, 4:3 ratio'",b'microSD (dedicated slot)',b'Yes',"b'20 dialed, 20 received, 20 missed calls'",b'1.3 MP',,b'No',,,b'Yes',b'No',b'No',b'Yes',b'No',b'No',b'Proprietary',b'',"b'SMS, MMS'",b'WAP 2.0/xHTML',b'Yes',"b'Yes, MIDP 2.0'",b'No',b'Removable Li-Ion battery',b'Up to 220 h',b'Up to 3 h',,b'Black',,b'Yes',b'No',b'MP3 player Predictive text input Organizer Voice memo',b'13MB',b'Vibration; Polyphonic ringtones',,,,,,,,,,
b'sagem',b'Sagem myMobileTV 2',b'https://fdn2.gsmarena.com/vv/bigpic/mymobile-tv.jpg',b'GSM',b'GSM 900 / 1800 / 1900',,,"b'2008, February. Released 2008, April'",b'Discontinued',b'-',b'-',b'Mini-SIM',"b'TFT, 256K colors'",b'',"b'240 x 320 pixels, 4:3 ratio'",b'microSD (dedicated slot)',b'Yes',"b'20 dialed, 20 received, 20 missed calls'",b'2 MP',,b'Yes',,,b'Yes',b'No',b'No',"b'1.1, A2DP'",b'No',b'No',b'Proprietary',b'',"b'SMS, MMS, Email'",b'WAP 2.0/xHTML',b'Yes',"b'Yes, MIDP 2.0'","b'spin-and-rotate display external 65K TFT display, 72 x 96 pixel resolution'",b'Removable Li-Ion battery',,b'Up to 5 h',,b'Black',,b'Yes',b'No',b'No',b'25MB',b'Vibration; Polyphonic ringtones',b'DVB-H receiver-decoder MP3 player Predictive text input Organizer Voice memo',,,,,,,,,
b'sagem',b'Sagem my411C Oxbow',b'https://fdn2.gsmarena.com/vv/bigpic/sagem-my411c-oxbow.jpg',b'GSM',b'GSM 900 / 1800 / 1900',,,"b'2008, February. Released 2008'",b'Discontinued',b'91 x 46 x 16.5 mm (3.58 x 1.81 x 0.65 in)',b'87 g (3.07 oz)',b'Mini-SIM',"b'CSTN, 65K colors'",b'',b'128 x 160 pixels',b'microSD (dedicated slot)',b'Yes',"b'20 dialed, 20 received, 20 missed calls'",b'VGA',,b'Yes',,,b'Yes',b'No',b'No',b'Yes',b'No',b'No',b'Proprietary',b'',"b'SMS, MMS'",b'WAP 2.0/xHTML',b'Yes',b'No',b'External monochrome display',b'Removable Li-Ion battery',b'Up to 210 h',b'Up to 3 h',,b'',,b'Yes',b'No',b'No',b'10MB',,b'MP3 player Organizer Predictive text input',,,,,,,,,
b'sagem',b'Sagem my855c',b'https://fdn2.gsmarena.com/vv/bigpic/sagem-my855c.jpg',b'GSM / HSPA',b'GSM 900 / 1800 / 1900',b'HSDPA 2100',b'HSPA 3.6/0.384 Mbps',"b'2008, February. Released 2008'",b'Discontinued',b'96 x 49 x 16 mm (3.78 x 1.93 x 0.63 in)',b'95 g (3.35 oz)',b'Mini-SIM',"b'TFT, 256K colors'","b'2.0 inches, 12.4 cm2 (~26.3% screen-to-body ratio)'","b'320 x 240 pixels, 4:3 ratio (~200 ppi density)'",b'microSD (dedicated slot)',b'Yes',"b'20 dialed, 20 received, 20 missed calls'",b'2 MP',,b'Yes',b'VGA videocall camera',b'',b'Yes',b'No',b'No',"b'2.0, A2DP'",b'No',b'No',b'Proprietary',b'',"b'SMS, MMS, Instant Messaging'",b'WAP 2.0/xHTML',b'Yes',"b'Yes, MIDP 2.0'",b'Music player Predictive text input Organizer',b'Removable Li-Ion battery',b'Up to 300 h',b'Up to 4 h 30 min',,b'',,,,,,b'Vibration; Polyphonic ringtones',,,,,,,,,,
b'sagem',b'Sagem my810x',b'https://fdn2.gsmarena.com/vv/bigpic/sagem-my810x.jpg',b'GSM / UMTS',b'GSM 900 / 1800',b'UMTS 2100',"b'Yes, 384 kbps'","b'2007, October'",b'Cancelled',b'104 x 48 x 16 mm (4.09 x 1.89 x 0.63 in)',b'105 g (3.70 oz)',b'Mini-SIM',"b'TFT, 256K colors'",b'',b'176 x 220 pixels',b'microSDHC (dedicated slot)',b'1000 entries',"b'30 dialed, 30 received, 30 missed calls'",b'1.3 MP',,b'Yes',b'VGA videocall camera',b'',b'Yes',b'No',b'No',b'1.2',b'No',b'No',b'1.1',b'',"b'SMS, MMS'",b'WAP 2.0/xHTML',b'Yes',"b'Yes, MIDP 2.0'",b'MP3 player Organizer Voice memo Predictive text input',b'Removable Li-Ion battery',b'Up to 280 h',b'Up to 5 h',,b'Black',,,,,,,,,,,,,,,,
b'sagem',b'Sagem my750x',b'https://fdn2.gsmarena.com/vv/bigpic/sagem-my750x.jpg',b'GSM / HSPA',b'GSM 900 / 1800 / 1900',b'HSDPA 2100',b'HSPA 3.6/0.384 Mbps',"b'2008, February. Released 2008'",b'Discontinued',b'108 x 48 x 11 mm (4.25 x 1.89 x 0.43 in)',b'95 g (3.35 oz)',b'Mini-SIM',"b'TFT, 256K colors'","b'2.4 inches, 17.8 cm2 (~34.4% screen-to-body ratio)'","b'320 x 240 pixels, 4:3 ratio (~167 ppi density)'",b'microSD (dedicated slot)',b'Yes',"b'20 dialed, 20 received, 20 missed calls'",b'3.15 MP',b'LED flash',b'Yes',b'VGA videocall camera',b'',b'Yes',b'No',b'No',b'Yes',b'No',"b'Stereo FM radio, RDS'",b'Proprietary',b'',"b'SMS, MMS, Instant Messaging'",b'WAP 2.0/xHTML',b'Yes',"b'Yes, MIDP 2.0'",b'Music player Predictive text input Organizer',b'Removable Li-Ion battery',b'Up to 300 h',b'Up to 4 h 30 min',,"b'Violet, Green, Red, Blue, Orange'",,,,,,b'Vibration; Polyphonic ringtones',,,,,,,,,,
b'sagem',b'Sagem my721x',b'https://fdn2.gsmarena.com/vv/bigpic/sagem-my721x.jpg',b'GSM',b'GSM 900 / 1800 / 1900',,,"b'2008, February. Released 2008, May'",b'Discontinued',b'112 x 48 x 9.8 mm (4.41 x 1.89 x 0.39 in)',b'90 g (3.17 oz)',b'Mini-SIM',"b'TFT, 256K colors'","b'2.0 inches, 12.6 cm2 (~23.4% screen-to-body ratio)'",b'176 x 220 pixels (~141 ppi density)',b'microSD (dedicated slot)',b'Yes',"b'20 dialed, 20 received, 20 missed calls'",b'3.15 MP',,b'Yes',,,"b'Yes, with stereo speakers'",b'No',b'No',b'Yes',b'No',"b'Stereo FM radio, RDS'",b'Proprietary',b'',"b'SMS, MMS, Instant Messaging'",b'WAP 2.0/xHTML',b'Yes',"b'Yes, MIDP 2.0'",b'No',b'Removable Li-Ion battery',b'Up to 200 h',b'Up to 3 h',,"b'Black, Silver'",,b'Class 10',b'No',b'Music player Predictive text input Organizer',,b'Vibration; Polyphonic ringtones',,,,,,,,,,
b'sagem',b'Sagem my721z',b'https://fdn2.gsmarena.com/vv/bigpic/sagem-my721z.jpg',b'GSM',b'GSM 900 / 1800 / 1900',,,"b'2008, February. Released 2008'",b'Discontinued',b'106 x 52 x 12 mm (4.17 x 2.05 x 0.47 in)',b'125 g (4.41 oz)',b'Mini-SIM',"b'TFT, 256K colors'","b'2.2 inches, 15.2 cm2 (~27.6% screen-to-body ratio)'",b'176 x 220 pixels (~128 ppi density)',b'microSD (dedicated slot)',b'Yes',"b'20 dialed, 20 received, 20 missed calls'",b'3.15 MP',,b'Yes',,,b'Yes',b'No',b'No',b'Yes',b'No',"b'Stereo FM radio, RDS'",b'Proprietary',b'',"b'SMS, MMS, Instant Messaging'",b'WAP 2.0/xHTML',b'Yes',"b'Yes, MIDP 2.0'",b'Mirror effect',b'Removable Li-Ion battery',b'Up to 200 h',b'Up to 3 h',,b'Silver',,b'Yes',b'No',b'No',,b'Vibration; Polyphonic ringtones',b'Music player Predictive text input Organizer',,,,,,,,,
b'sagem',b'Sagem my521x',b'https://fdn2.gsmarena.com/vv/bigpic/sagem-my521x.jpg',b'GSM',b'GSM 900 / 1800 / 1900',,,"b'2008, July'",b'Discontinued',b'107 x 46 x 10 mm (4.21 x 1.81 x 0.39 in)',b'90 g (3.17 oz)',b'Mini-SIM',"b'TFT, 65K colors'","b'1.9 inches, 11.4 cm2 (~23.1% screen-to-body ratio)'",b'128 x 160 pixels (~108 ppi density)',b'microSD (dedicated slot)',b'Yes',"b'20 dialed, 20 received, 20 missed calls'",b'1.3 MP',,b'Yes',,,b'No',b'No',b'No',b'Yes',b'No',b'No',b'Proprietary',b'',"b'SMS, EMS, MMS'",b'WAP 2.0/xHTML',b'Yes',"b'Yes, MIDP 2.0'",b'No',b'Removable Li-Ion battery',b'Up to 200 h',b'Up to 3 h',,"b'Black,Silver'",,b'Yes',b'No',b'MP3/AAC player Predictive text input Organizer',b'10MB',b'Vibration; Polyphonic(32) ringtones',,,,,,,,,,
b'sagem',b'Sagem my519x',b'https://fdn2.gsmarena.com/vv/bigpic/sagem-my519x.jpg',b'GSM',b'GSM 900 / 1800 / 1900',,,"b'2008, February. Released 2008'",b'Discontinued',b'108 x 48 x 11 mm (4.25 x 1.89 x 0.43 in)',b'95 g (3.35 oz)',b'Mini-SIM',"b'TFT, 256K colors'","b'2.0 inches, 12.6 cm2 (~24.3% screen-to-body ratio)'",b'176 x 220 pixels (~141 ppi density)',b'microSD (dedicated slot)',b'Yes',"b'20 dialed, 20 received, 20 missed calls'",b'3.15 MP',,b'Yes',,,b'Yes',b'No',b'Wi-Fi 802.11b/g',b'Yes',b'No',"b'Stereo FM radio, RDS'",b'Proprietary',b'',"b'SMS, MMS, Instant Messaging'",b'WAP 2.0/xHTML',b'Yes',"b'Yes, MIDP 2.0'",b'No',b'Removable Li-Ion battery',b'Up to 240 h',b'Up to 4 h 30 min',,"b'Violet, Green, Pink'",,b'Yes',b'Class 10',b'Music player Barcode reader Predictive text input Organizer',,b'Vibration; Polyphonic ringtones',,,,,,,,,,
b'sagem',b'Sagem my421x',b'https://fdn2.gsmarena.com/vv/bigpic/sagem-my421x.jpg',b'GSM',b'GSM 900 / 1800',,,"b'2008, February. Released 2008'",b'Discontinued',b'107 x 47 x 10 mm (4.21 x 1.85 x 0.39 in)',b'81 g (2.86 oz)',b'Mini-SIM',"b'CSTN, 65K colors'","b'1.8 inches, 10.2 cm2 (~20.3% screen-to-body ratio)'",b'128 x 160 pixels (~114 ppi density)',b'microSD (dedicated slot)',b'Yes',"b'20 dialed, 20 received, 20 missed calls'",b'1.3 MP',,b'Yes',,,b'Yes',b'No',b'No',b'Yes',b'No',"b'Stereo FM radio, RDS'",b'Proprietary',b'',"b'SMS, MMS'",b'WAP 2.0/xHTML',b'Yes',"b'Yes, MIDP 2.0'",b'Glossy effect',b'Removable Li-Ion battery',b'Up to 220 h',b'Up to 3 h 40 min',,b'Black',,b'Yes',b'No',b'No',,b'Vibration; Polyphonic ringtones',b'Music player Predictive text input Organizer',,,,,,,,,
b'sagem',b'Sagem my429x',b'https://fdn2.gsmarena.com/vv/bigpic/sagem-my419x.jpg',b'GSM',b'GSM 900 / 1800',,,"b'2008, February'",b'Discontinued',b'106 x 46 x 15 mm (4.17 x 1.81 x 0.59 in)',b'95 g (3.35 oz)',b'Mini-SIM',"b'CSTN, 65K colors'","b'1.8 inches, 10.2 cm2 (~20.9% screen-to-body ratio)'",b'128 x 160 pixels (~114 ppi density)',b'No',b'Yes',"b'20 dialed, 20 received, 20 missed calls'",b'VGA',,b'Yes',,,b'Yes',b'No',b'Wi-Fi 802.11b/g',b'Yes',b'No',b'No',b'Proprietary',b'',"b'SMS, MMS'",b'WAP 2.0/xHTML',b'Yes',"b'Yes, MIDP 2.0'",b'Metallic cover with mirror effect',b'Removable Li-Ion battery',b'Up to 370 h',b'Up to 4 h',,b'Silver',,b'Yes',b'No',b'No',,b'Vibration; Polyphonic ringtones',b'Music player Predictive text input Organizer',,,,,,,,,
b'sagem',b'Sagem my419x',b'https://fdn2.gsmarena.com/vv/bigpic/sagem-my419x-new.jpg',b'GSM',b'GSM 900 / 1800',,,"b'2008, February'",b'Discontinued',b'106 x 46 x 15 mm (4.17 x 1.81 x 0.59 in)',b'95 g (3.35 oz)',b'Mini-SIM',"b'TFT, 65K colors'","b'1.8 inches, 10.2 cm2 (~20.9% screen-to-body ratio)'",b'128 x 160 pixels (~114 ppi density)',b'No',b'Yes',"b'20 dialed, 20 received, 20 missed calls'",b'VGA',,b'Yes',,,b'Yes',b'No',b'Wi-Fi 802.11b/g',b'Yes',b'No',b'No',b'Proprietary',b'',"b'SMS, MMS'",b'WAP 2.0/xHTML',b'Yes',"b'Yes, MIDP 2.0'",b'Metallic cover with mirror effect',b'Removable Li-Ion battery',b'Up to 370 h',b'Up to 4 h',,b'Silver',,b'Yes',b'No',b'No',,b'Vibration; Polyphonic ringtones',b'Music player Predictive text input Organizer',,,,,,,,,
b'sagem',b'Sagem P9522 Porsche',b'https://fdn2.gsmarena.com/vv/bigpic/Sagem-Porsche-P9522.jpg',b'GSM',b'GSM 850 / 900 / 1800 / 1900',,,"b'2008, October. Released 2008, October'",b'Discontinued',b'112 x 49 x 12 mm (4.41 x 1.93 x 0.47 in)',b'115 g (4.06 oz)',b'Mini-SIM',"b'AMOLED resistive touchscreen, 256K colors'","b'2.8 inches, 22.3 cm2 (~40.7% screen-to-body ratio)'","b'240 x 400 pixels, 5:3 ratio (~167 ppi density)'",b'microSD (dedicated slot)',b'1000 contacts',b'Yes',"b'5 MP, AF'",,b'Yes',,,b'Yes',b'No',b'Wi-Fi 802.11 b/g',b'Yes',"b'Yes, with A-GPS'","b'Stereo FM radio, RDS'",b'Proprietary',b'Fingerprint (front-mounted)',"b'SMS, MMS, Email'","b'WAP 2.0/xHTML, HTML (Opera)'",b'Yes',"b'Yes, MIDP 2.0'",b'No',b'Removable Li-Ion battery',b'Up to 300 h',b'Up to 4 h',,b'Black',b'About 600 EUR',b'Class 10',b'Class 10',b'MP3/eAAC+ player MP4/H.263 player Organizer Voice memo/dial Predictive text input',,,,b'Scratch-resistant glass',,,,,,,,
b'sagem',b'Sagem P9521 Porsche',b'https://fdn2.gsmarena.com/vv/bigpic/Sagem-Porsche-P9521.jpg',b'GSM',b'GSM 850 / 900 / 1800 / 1900',,,"b'2008, October. Released 2008, December'",b'Discontinued',b'91.5 x 48.3 x 17.8 mm (3.60 x 1.90 x 0.70 in)',b'139 g (4.90 oz)',b'Mini-SIM',"b'AMOLED, 256K colors'","b'2.2 inches, 15.0 cm2 (~33.9% screen-to-body ratio)'","b'240 x 320 pixels, 4:3 ratio (~182 ppi density)'",b'microSD (dedicated slot)',b'1000 contacts',b'Yes',"b'3.15 MP, AF'",b'LED flash',b'Yes',,,b'Yes',b'No',b'No',"b'1.2, A2DP'",b'No',b'No',b'1.1',b'Fingerprint (front-mounted)',"b'SMS, MMS, Email'",b'WAP 2.0/xHTML',b'Yes',"b'Yes, MIDP 2.0'",b'Secondary external display',b'Removable Li-Ion battery',b'Up to 240 h',b'Up to 3 h 30 min',b'Up to 7 h',b'Black',b'About 1200 EUR',b'Class 10',b'Class 10',b'No',b'22MB',,b'MP3/eAAC+ player MP4/H.263 player Organizer Voice memo/dial Predictive text input',,,,,,,,,
b'sagem',b'Sagem my730c',b'https://fdn2.gsmarena.com/vv/bigpic/sagem-my730c.jpg',b'GSM / UMTS',b'GSM 900 / 1800 / 1900',b'UMTS 2100',"b'Yes, 384 kbps'","b'2008, August. Released 2008, Q4'",b'Discontinued',b'96 x 49 x 16 mm (3.78 x 1.93 x 0.63 in)',b'95 g (3.35 oz)',b'Mini-SIM',"b'TFT, 256K colors'","b'2.0 inches, 12.4 cm2 (~26.3% screen-to-body ratio)'","b'240 x 320 pixels, 4:3 ratio (~200 ppi density)'",b'microSD (dedicated slot)',"b'1000 contacts, Photocall'","b'20 dialed, 20 received, 20 missed calls'",b'2 MP',,b'Yes',,,b'Yes',b'No',b'No',b'Yes',b'No',b'No',b'miniUSB',b'',"b'SMS, MMS'",b'WAP 2.0/xHTML',b'Yes',"b'Yes, MIDP 2.0'",b'Secondary external display Dedicated music keys',b'Removable Li-Ion 920 mAh battery',b'Up to 300 h',b'Up to 4 h',,b'Black',,,,b'No',b'54MB',,b'MP3/MP4 player Organizer Voice memo Predictive text input',,,,,,,,,
b'sagem',b'Sagem my411c',b'https://fdn2.gsmarena.com/vv/bigpic/sagem-my411c.jpg',b'GSM',b'GSM 900 / 1800 / 1900',,,"b'2008, February'",b'Discontinued',b'91 x 46 x 16 mm (3.58 x 1.81 x 0.63 in)',b'87 g (3.07 oz)',b'Mini-SIM',"b'CSTN, 65K colors'","b'1.8 inches, 10.2 cm2 (~24.4% screen-to-body ratio)'",b'128 x 160 pixels (~114 ppi density)',b'microSD (dedicated slot)',b'Yes',"b'20 dialed, 20 received, 20 missed calls'",b'VGA',,b'Yes',,,b'Yes',b'No',b'No',b'Yes',b'No',b'No',b'Proprietary',b'',"b'SMS, MMS'",b'WAP 2.0/xHTML',b'Yes',"b'Yes, MIDP 2.0'",b'Mirror effect',b'Removable Li-Ion battery',b'Up to 200 h',b'Up to 3 h',,"b'Black, Pink'",,b'Yes',b'No',b'No',,b'Vibration; Polyphonic ringtones',b'Music player Predictive text input Organizer',,,,,,,,,
b'sagem',b'Sagem my312x',b'https://fdn2.gsmarena.com/vv/bigpic/sagem-my312x.jpg',b'GSM',b'GSM 900 / 1800 / 1900',,,"b'2008, February. Released 2008'",b'Discontinued',b'109 x 48 x 11 mm (4.29 x 1.89 x 0.43 in)',b'87 g (3.07 oz)',b'Mini-SIM',"b'TFT, 65K colors'","b'1.8 inches, 10.2 cm2 (~19.5% screen-to-body ratio)'",b'128 x 160 pixels (~114 ppi density)',b'No',b'Yes',"b'20 dialed, 20 received, 20 missed calls'",,,,,,b'Yes',b'No',b'No',b'Yes',b'No',b'No',b'Proprietary',b'',"b'SMS, MMS'",b'WAP 2.0/xHTML',b'Yes',"b'Yes, MIDP 2.0'",b'No',b'Removable Li-Ion battery',b'Up to 220 h',b'Up to 3 h 40 min',,b'Black',,b'Yes',b'No',b'Predictive text input Organizer',,b'Vibration; Polyphonic ringtones',,,,,,,,,,
b'sagem',b'Sagem my234x',b'https://fdn2.gsmarena.com/vv/bigpic/sagem-my231x.jpg',b'GSM',b'GSM 900 / 1800',,,"b'2008, February. Released 2008'",b'Discontinued',b'106 x 46 x 12 mm (4.17 x 1.81 x 0.47 in)',b'75 g (2.65 oz)',b'Mini-SIM',"b'CSTN, 65K colors'","b'1.8 inches, 10.2 cm2 (~20.9% screen-to-body ratio)'",b'128 x 160 pixels (~114 ppi density)',b'No',b'Yes',"b'20 dialed, 20 received, 20 missed calls'",,,,,,b'Yes',b'No',b'No',b'No',b'No',b'FM radio',b'Proprietary',b'',b'SMS',b'No',b'Yes',b'No',b'No',b'Removable Li-Ion battery',b'Up to 450 h',b'Up to 6 h',,b'Black',,b'No',b'No',b'Predictive text input Organizer',,b'Vibration; Polyphonic ringtones',,,,,,,,,,
b'sagem',b'Sagem my231x',b'https://fdn2.gsmarena.com/vv/bigpic/sagem-my231x.jpg',b'GSM',b'GSM 900 / 1800',,,"b'2008, February. Released 2008'",b'Discontinued',b'106 x 46 x 12 mm (4.17 x 1.81 x 0.47 in)',b'75 g (2.65 oz)',b'Mini-SIM',"b'CSTN, 65K colors'","b'1.8 inches, 10.2 cm2 (~20.9% screen-to-body ratio)'",b'128 x 160 pixels (~114 ppi density)',b'No',b'Yes',"b'20 dialed, 20 received, 20 missed calls'",,,,,,b'Yes',b'No',b'No',b'Yes',b'No',b'No',b'Proprietary',b'',b'SMS',b'No',b'Yes',b'No',b'No',b'Removable Li-Ion battery',b'Up to 450 h',b'Up to 6 h',,b'Black',,b'No',b'No',b'Predictive text input Organizer',,b'Vibration; Polyphonic ringtones',,,,,,,,,,
b'sagem',b'Sagem my230x',b'https://fdn2.gsmarena.com/vv/bigpic/sagem-my230x.jpg',b'GSM',b'GSM 900 / 1800',,,"b'2008, February. Released 2008'",b'Discontinued',b'106 x 46 x 10 mm (4.17 x 1.81 x 0.39 in)',b'65 g (2.29 oz)',b'Mini-SIM',"b'CSTN, 65K colors'","b'1.8 inches, 10.2 cm2 (~20.9% screen-to-body ratio)'",b'128 x 160 pixels (~114 ppi density)',b'No',b'Yes',"b'20 dialed, 20 received, 20 missed calls'",,,,,,b'Yes',b'No',b'No',b'No',b'No',b'No',b'Proprietary',b'',b'SMS',b'No',b'mySUDOKU',b'No',b'No',b'Removable Li-Ion battery',b'Up to 240 h',b'Up to 3 h',,b'',,b'No',b'No',b'Predictive text input Organizer',,b'Vibration; Polyphonic ringtones',,,,,,,,,,
b'sagem',b'Sagem my226x',b'https://fdn2.gsmarena.com/vv/bigpic/sagem-my226x.jpg',b'GSM',b'GSM 900 / 1800',,,"b'2008, February. Released 2008'",b'Discontinued',b'103 x 46 x 11 mm (4.06 x 1.81 x 0.43 in)',b'65 g (2.29 oz)',b'Mini-SIM',"b'CSTN, 65K colors'","b', 26 x 28 mm'","b'128 x 128 pixels, 1:1 ratio'",b'No',"b'Yes, up to 250 entries'","b'20 dialed, 20 received, 20 missed calls'",,,,,,b'No',b'No',b'No',b'No',b'No',b'No',b'Proprietary',b'',b'SMS',b'No',b'Yes',b'No',b'No',b'Removable Li-Ion 670 mAh battery',b'Up to 240 h',b'Up to 3 h',,b'Black',,b'No',b'No',b'Organizer Predictive text input',,,,,,,,,,,,
b'sagem',b'Sagem my220x',b'https://fdn2.gsmarena.com/vv/bigpic/sagem-my220x.jpg',b'GSM',b'GSM 900 / 1800',,,"b'2008, February'",b'Discontinued',b'107 x 47 x 10 mm (4.21 x 1.85 x 0.39 in)',b'65 g (2.29 oz)',b'Mini-SIM',"b'CSTN, 65K colors'","b'1.5 inches, 7.3 cm2 (~14.4% screen-to-body ratio)'","b'128 x 128 pixels, 1:1 ratio (~121 ppi density)'",b'No',b'Yes',"b'20 dialed, 20 received, 20 missed calls'",,,,,,b'Yes',b'No',b'No',b'No',b'No',b'No',b'Proprietary',b'',b'SMS',b'No',b'Yes',b'No',b'No',b'Removable Li-Ion battery',b'Up to 240 h',b'Up to 3 h',,"b'Chrome, Bronze, Red'",b'About 60 EUR',b'No',b'No',b'Predictive text input Organizer',,b'Vibration; Polyphonic(32) ringtones',,,,,,,,,,
b'sagem',b'Sagem my901C',b'https://fdn2.gsmarena.com/vv/bigpic/sagem-my901c.gif',b'GSM / UMTS',b'GSM 900 / 1800 / 1900',b'UMTS 2100',"b'Yes, 384 kbps'","b'2007, March. Released 2008, February'",b'Discontinued',b'90 x 45 x 23.5 mm (3.54 x 1.77 x 0.93 in)',b'115 g (4.06 oz)',b'Mini-SIM',"b'TFT, 256K colors'","b'1.9 inches, 11.2 cm2 (~27.6% screen-to-body ratio)'","b'240 x 320 pixels, 4:3 ratio (~211 ppi density)'",b'miniSD',b'Yes',"b'20 dialed, 20 received, 20 missed calls'",b'2 MP',,b'Yes',b'VGA videocall camera',b'',b'No',b'No',b'No',"b'2.0, A2DP'",b'No',b'No',b'Proprietary',b'',"b'SMS, EMS, MMS, Email'",b'WAP 2.0/xHTML',b'Yes',"b'Yes, MIDP 2.0'","b'Second external TFT, 256K colors display (96 x 64 pixels)'",b'Removable Li-Ion battery',b'Up to 300 h',b'Up to 5 h',,"b'Black, Dark Blue, Dark Red'",,,,b'Video telephony & streaming MP3/AAC player  Predictive text input Organizer Voice memo',,b'Vibration; Downloadable polyphonic ringtones',,,,,,,,,,
b'sagem',b'Sagem my900C',b'https://fdn2.gsmarena.com/vv/bigpic/sagem-my900c.gif',b'GSM / UMTS',b'GSM 900 / 1800 / 1900',b'UMTS 2100',"b'Yes, 384 kbps'","b'2006, March'",b'Cancelled',b'90 x 45 x 23.5 mm (3.54 x 1.77 x 0.93 in)',b'115 g (4.06 oz)',b'Mini-SIM',"b'TFT, 256K colors'",b'',"b'240 x 320 pixels, 4:3 ratio'",b'miniSD',b'Yes',"b'20 dialed, 20 received, 20 missed calls'",b'2 MP',,b'Yes',b'VGA videocall camera',b'',b'No',b'No',b'No',b'Yes',b'No',b'No',b'Proprietary',b'',"b'SMS, EMS, MMS, Email'",b'WAP 2.0/xHTML',b'Yes',"b'Yes, MIDP 2.0'","b'Second external TFT, 256K colors display (96 x 64 pixels)'",b'Removable Li-Ion battery',,,,b'',,,,b'Video telephony & streaming MP3/AAC player  Predictive text input Organizer Voice memo',,b'Vibration; Downloadable polyphonic ringtones',,,,,,,,,,
b'sagem',b'Sagem my850C',b'https://fdn2.gsmarena.com/vv/bigpic/sagem-my850c.gif',b'GSM / UMTS',b'GSM 900 / 1800 / 1900',b'UMTS 2100',"b'Yes, 384 kbps'","b'2006, March'",b'Discontinued',b'96 x 49 x 16 mm (3.78 x 1.93 x 0.63 in)',b'95 g (3.35 oz)',b'Mini-SIM',"b'TFT, 256K colors'","b'2.0 inches, 12.4 cm2 (~26.3% screen-to-body ratio)'","b'240 x 320 pixels, 4:3 ratio (~200 ppi density)'",b'microSD (dedicated slot)',b'Yes',"b'20 dialed, 20 received, 20 missed calls'",b'2 MP',,b'Yes',b'VGA videocall camera',b'',b'No',b'No',b'No',"b'2.0, A2DP'",b'No',b'No',b'1.0',b'',"b'SMS, EMS, MMS, Email'",b'WAP 2.0/xHTML',b'Yes',"b'Yes, MIDP 2.0'",b'Second external mono display (96 x 64 pixels)',b'Removable Li-Ion battery',b'Up to 300 h',b'Up to 3 h 30 min',,b'Black',b'About 250 EUR',,,b'Video telephony & streaming MP3/AAC/AAC+/eAAC+ player  Predictive text input Organizer Voice memo',b'64MB',b'Vibration; Downloadable polyphonic ringtones',,,,,,,,,,
b'sagem',b'Sagem my800X',b'https://fdn2.gsmarena.com/vv/bigpic/sagem-my800x.gif',b'GSM / UMTS',b'GSM 900 / 1800 / 1900',b'UMTS 2100',"b'Yes, 384 kbps'","b'2006, March'",b'Discontinued',b'110 x 47 x 16 mm (4.33 x 1.85 x 0.63 in)',b'99 g (3.49 oz)',b'Mini-SIM',"b'TFT, 256K colors'",b'',b'176 x 220 pixels',b'miniSD',b'Yes',"b'20 dialed, 20 received, 20 missed calls'",b'1.3 MP',,b'Yes',b'VGA videocall camera',b'',b'No',b'No',b'No',b'Yes',b'No',b'No',b'1.0',b'',"b'SMS, EMS, MMS, Email'",b'WAP 2.0/xHTML',b'2',"b'Yes, MIDP 2.0'",b'Video telephony & streaming MP3/AAC player  Predictive text input Organizer Voice memo',b'Removable Li-Ion 1000 mAh battery',,,,"b'Silver, Black'",b'About 190 EUR',,,,b'16MB',b'Vibration; Downloadable polyphonic ringtones',,,,,,,,,,
b'sagem',b'Sagem my700X',b'https://fdn2.gsmarena.com/vv/bigpic/sagem-my700x.gif',b'GSM',b'GSM 850 / 900 / 1800 / 1900',,,"b'2006, February'",b'Discontinued',"b'106 x 46 x 15 mm, 73 cc (4.17 x 1.81 x 0.59 in)'",b'95 g (3.35 oz)',b'Mini-SIM',"b'TFT, 256K colors'",b'',b'176 x 220 pixels',b'miniSD',b'Yes',"b'20 dialed, 20 received, 20 missed calls'",b'1.3 MP',,b'Yes',,,b'No',b'No',b'No',"b'1.2, A2DP'",b'No',b'FM radio',b'Proprietary',b'',"b'SMS, EMS, MMS, Email'",b'WAP 2.0/xHTML',b'Yes',"b'Yes, MIDP 2.0'",b'No',b'Removable Li-Ion battery',b'Up to 350 h',b'Up to 5 h',,"b'Silver, Choco, White'",,b'Class 10',b'Class 10',b'3D sound',b'32MB',b'Vibration; Downloadable polyphonic ringtones',b'MP3/AAC/AAC+/eAAC/Wave player Graphic equalizer SyncML Predictive text input Organizer',,,,,,,,,
b'sagem',b'Sagem my600X',b'https://fdn2.gsmarena.com/vv/bigpic/sagem-my600x.gif',b'GSM / UMTS',b'GSM 900 / 1800',b'UMTS 2100',"b'Yes, 384 kbps'","b'2006, September'",b'Discontinued',b'110 x 48 x 16 mm (4.33 x 1.89 x 0.63 in)',b'99 g (3.49 oz)',b'Mini-SIM',"b'TFT, 256K colors'","b'1.8 inches, 10.2 cm2 (~19.3% screen-to-body ratio)'",b'176 x 220 pixels (~157 ppi density)',b'miniSD',b'Yes',"b'20 dialed, 20 received, 20 missed calls'",b'VGA',,b'Yes',b'Videocall camera',b'',b'No',b'No',b'No',b'Yes',b'No',b'No',b'Proprietary',b'',"b'SMS, MMS, Email'",b'WAP 2.0/xHTML',b'Yes',"b'Yes, MIDP 2.0'",b'MP3/AAC player  Predictive text input Organizer Voice memo',b'Removable Li-Ion battery',b'Up to 350 h',b'Up to 4 h',,b'White',,,,,b'16MB',"b'Vibration; Downloadable polyphonic, MP3 ringtones'",,,,,,,,,,
b'sagem',b'Sagem my600V',b'https://fdn2.gsmarena.com/vv/bigpic/sagem-my600v.gif',b'GSM / UMTS',b'GSM 900 / 1800',b'UMTS 2100',"b'Yes, 384 kbps'","b'2006, October'",b'Discontinued',b'110 x 48 x 16 mm (4.33 x 1.89 x 0.63 in)',b'100 g (3.53 oz)',b'Mini-SIM',"b'TFT, 256K colors'","b'1.9 inches, 11.4 cm2 (~21.5% screen-to-body ratio)'",b'176 x 220 pixels (~148 ppi density)',b'miniSD',b'1000 entries',"b'20 dialed, 20 received, 20 missed calls'",b'VGA',,b'Yes',b'CIF videocall camera',b'',b'No',b'No',b'No',b'Yes',b'No',b'No',b'Proprietary',b'',"b'SMS, MMS, Email'",b'WAP 2.0/xHTML',b'Yes',"b'Yes, MIDP 2.0'",b'Video telephony MP3/AAC player  Predictive text input Organizer Voice memo',b'Removable Li-Ion 1000 mAh battery',b'Up to 350 h',b'Up to 2 h 40 min',,b'Black',,,,,b'16MB',b'Vibration; Downloadable polyphonic ringtones',,,,,,,,,,
b'sagem',b'Sagem my511X',b'https://fdn2.gsmarena.com/vv/bigpic/sagem-my511x.gif',b'GSM',b'GSM 900 / 1800 / 1900',,,"b'2007, September'",b'Discontinued',b'107 x 46 x 10 mm (4.21 x 1.81 x 0.39 in)',b'90 g (3.17 oz)',b'Mini-SIM',"b'TFT, 65K colors'","b'1.9 inches, 11.4 cm2 (~23.1% screen-to-body ratio)'",b'128 x 160 pixels (~108 ppi density)',b'microSD (dedicated slot)',b'Yes',"b'20 dialed, 20 received, 20 missed calls'",b'1.3 MP',,b'Yes',,,b'No',b'No',b'No',b'Yes',b'No',b'No',b'miniUSB',b'',"b'SMS, EMS,MMS'",b'WAP 2.0/xHTML',b'Yes',"b'Yes, MIDP 2.0'",b'No',b'Removable Li-Ion battery',b'Up to 200 h',b'Up to 3 h',,"b'Black, Blue'",b'About 140 EUR',b'Class 10',b'No',b'MP3/AAC player Predictive text input Organizer',b'32MB',b'Vibration; Downloadable polyphonic ringtones',,,,,,,,,,
b'sagem',b'Sagem my501X',b'https://fdn2.gsmarena.com/vv/bigpic/sagem-my501x.gif',b'GSM',b'GSM 900 / 1800 / 1900',,,"b'2006, March'",b'Discontinued',b'100 x 46 x 16.5 mm (3.94 x 1.81 x 0.65 in)',b'90 g (3.17 oz)',b'Mini-SIM',"b'TFT, 256K colors'","b'1.9 inches, 11.4 cm2 (~24.7% screen-to-body ratio)'",b'176 x 220 pixels (~148 ppi density)',b'miniSD',b'Yes',"b'20 dialed, 20 received, 20 missed calls'",b'1.3 MP',,b'Yes',,,b'No',b'No',b'No',b'Yes',b'No',b'No',b'miniUSB',b'',"b'SMS, EMS,MMS'",b'WAP 2.0/xHTML',b'Yes',"b'Yes, MIDP 2.0'",b'No',b'Removable Li-Ion battery',b'Up to 250 h',b'Up to 3 h 30 min',,"b'Black, Silver, White'",,b'Class 10',b'No',b'MP3/AAC player Predictive text input Organizer',b'32MB',b'Vibration; Downloadable polyphonic ringtones',,,,,,,,,,
b'sagem',b'Sagem my501C',b'https://fdn2.gsmarena.com/vv/bigpic/sagem-my501c.gif',b'GSM',b'GSM 900 / 1800',,,"b'2006, August'",b'Discontinued',b'93 x 44.6 x 23.6 mm (3.66 x 1.76 x 0.93 in)',b'99 g (3.49 oz)',b'Mini-SIM',"b'CSTN, 65K colors'","b'1.8 inches, 10.2 cm2 (~24.6% screen-to-body ratio)'",b'128 x 160 pixels (~114 ppi density)',b'microSD (dedicated slot)',b'Yes',"b'20 received, dialed and missed calls'",b'1.3 MP',,b'Yes',,,b'No',b'No',b'No',b'Yes',b'No',b'No',b'Proprietary',b'',"b'SMS, MMS, Email'",b'WAP 1.2',b'Yes',b'Yes',"b'Second external OLED, 256 colors display Downloadable wallpapers'",b'Removable Li-Ion battery',b'Up to 250 h',b'Up to 3 h 30 min',,"b'Silver, Red'",b'About 140 EUR',b'Yes',b'No',b'No',b'32MB',"b'Vibration; Downloadable polyphonic, Hi-Fi ringtones'",b'MP3/AAC player Predictive text input Calculator Currency converter SyncML',,,,,,,,,
b'sagem',b'Sagem my500X',b'https://fdn2.gsmarena.com/vv/bigpic/sagem-my500x.gif',b'GSM',b'GSM 900 / 1800 / 1900',,,"b'2006, March'",b'Discontinued',b'100 x 46 x 16.5 mm (3.94 x 1.81 x 0.65 in)',b'90 g (3.17 oz)',b'Mini-SIM',"b'TFT, 256K colors'",b'',b'176 x 220 pixels',b'miniSD',b'Yes',"b'20 dialed, 20 received, 20 missed calls'",b'1.3 MP',,b'Yes',,,b'No',b'No',b'No',b'No',b'No',b'No',b'Proprietary',b'',"b'SMS, EMS,MMS'",b'WAP 2.0/xHTML',b'Yes',"b'Yes, MIDP 2.0'",b'No',b'Removable Li-Ion 850 mAh battery',b'Up to 350 h',b'Up to 4 h',,b'',,b'Class 10',b'No',b'MP3/AAC player Predictive text input Organizer',b'32MB',b'Vibration; Downloadable polyphonic ringtones',,,,,,,,,,
b'sagem',b'Sagem my411X',b'https://fdn2.gsmarena.com/vv/bigpic/sagem-my411x.gif',b'GSM',b'GSM 900 / 1800 / 1900',,,"b'2007, May'",b'Discontinued',b'103.2 x 45.2 x 14.2 mm (4.06 x 1.78 x 0.56 in)',b'85 g (3.00 oz)',b'Mini-SIM',"b'CSTN, 65K colors'",b'',b'128 x 160 pixels',b'microSD (dedicated slot)',"b'12 fields, Photo call'","b'20 dialed, 20 received, 20 missed calls'",b'VGA',,b'Yes',,,b'No',b'No',b'No',b'1.2',b'No',b'No',b'No',b'',"b'SMS, EMS, MMS'",b'WAP 2.0/xHTML',b'Yes',"b'Yes, MIDP 2.0'",b'Mirror effect on display and keypad',b'Removable Li-Ion battery',b'Up to 240 h',b'Up to 4 h',,b'Black',b'About 110 EUR',b'Class 10',b'No',b'No',,b'Vibration; Downloadable polyphonic ringtones',b'MP3/AAC player Predictive text input Organizer',,,,,,,,,
b'sagem',b'Sagem my405X',b'https://fdn2.gsmarena.com/vv/bigpic/sagem-my405x.gif',b'GSM',b'GSM 900 / 1800 / 1900',,,"b'2006, March'",b'Discontinued',b'105 x 46 x 15.5 mm (4.13 x 1.81 x 0.61 in)',b'90 g (3.17 oz)',b'Mini-SIM',"b'TFT, 65K colors'",b'',b'128 x 160 pixels',b'No',b'Yes',"b'20 dialed, 20 received, 20 missed calls'",b'VGA',,b'No',,,b'No',b'No',b'No',b'No',b'No',b'No',b'miniUSB 1.1',b'',"b'SMS, EMS, MMS'",b'WAP 2.0/xHTML',b'2',"b'Yes, MIDP 2.0'",b'No',b'Removable Li-Ion battery',b'Up to 300 h',b'Up to 3 h',,"b'Silver, Black'",,b'Class 10',b'No',b'MP3 player Predictive text input Calculator Diary assistant Voice memo Currency converter',b'64MB',b'Vibration; Downloadable polyphonic ringtones',,,,,,,,,,
b'sagem',b'Sagem my401X',b'https://fdn2.gsmarena.com/vv/bigpic/sagem-my401x.gif',b'GSM',b'GSM 900 / 1800 / 1900',,,"b'2006, Q1'",b'Discontinued',b'105 x 46 x 14 mm (4.13 x 1.81 x 0.55 in)',b'85 g (3.00 oz)',b'Mini-SIM',"b'CSTN, 65K colors'",b'',b'128 x 160 pixels',b'No',"b'12 fields, Photo call'","b'20 dialed, 20 received, 20 missed calls'",b'VGA',,b'Yes',,,b'No',b'No',b'No',b'1.2',b'No',b'No',b'No',b'',"b'SMS, EMS, MMS'",b'WAP 2.0/xHTML',b'Yes',"b'Yes, MIDP 2.0'",b'200 SMS messages',b'Removable Li-Ion battery',b'Up to 300 h',b'Up to 4 h',,b'Silver',,b'Class 10',b'No',b'No',b'3.2MB',b'Vibration; Downloadable polyphonic ringtones',b'MP3/AAC player Predictive text input Organizer',,b'Yes',,,,,,,
b'sagem',b'Sagem my401Z',b'https://fdn2.gsmarena.com/vv/bigpic/sagem-my401z.gif',b'GSM',b'GSM 900 / 1800 / 1900',,,"b'2007, July'",b'Discontinued',b'90 x 46 x 21 mm (3.54 x 1.81 x 0.83 in)',b'90 g (3.17 oz)',b'Mini-SIM',"b'CSTN, 65K colors'",b'',b'128 x 160 pixels',b'microSD (dedicated slot)',"b'12 fields, Photo call'","b'20 dialed, 20 received, 20 missed calls'",b'VGA',,b'Yes',,,b'No',b'No',b'No',b'1.2',b'No',b'No',b'No',b'',"b'SMS, EMS, MMS'",b'WAP 2.0/xHTML',b'Yes',"b'Yes, MIDP 2.0'",b'No',b'Removable Li-Ion battery',b'Up to 240 h',b'Up to 3 h 30 min',,b'Silver',,b'Class 10',b'No',b'MP3/AAC player Predictive text input Organizer',b'37MB',b'Vibration; Downloadable polyphonic ringtones',,,,,,,,,,
b'sagem',b'Sagem my401C',b'https://fdn2.gsmarena.com/vv/bigpic/sagem-my401c.gif',b'GSM',b'GSM 900 / 1800 / 1900',,,"b'2007, March'",b'Discontinued',b'86 x 43.3 x 18.5 mm (3.39 x 1.70 x 0.73 in)',b'82 g (2.89 oz)',b'Mini-SIM',"b'CSTN, 65K colors'",b'',b'128 x 160 pixels',b'microSD (dedicated slot)',"b'12 fields, Photo call'","b'20 dialed, 20 received, 20 missed calls'",b'VGA',,b'Yes',,,b'No',b'No',b'No',b'1.2',b'No',b'No',b'miniUSB 1.1',b'',"b'SMS, EMS, MMS'",b'WAP 2.0/xHTML',b'Yes',"b'Yes, MIDP 2.0'",b'No',b'Removable Li-Ion battery',b'Up to 250 h',b'Up to 3 h 30 min',,"b'Silver, Red, Blue/White, Red/White'",b'About 120 EUR',b'Class 10',b'No',b'MP3/AAC player Predictive text input Organizer',,"b'Vibration; Downloadable polyphonic, MP3 ringtones'",,,,,,,,,,
b'sagem',b'Sagem my400V',b'https://fdn2.gsmarena.com/vv/bigpic/sagem-my400v.gif',b'GSM',b'GSM 900 / 1800',,,"b'2007, February'",b'Cancelled',b'105 x 46 x 14 mm (4.13 x 1.81 x 0.55 in)',b'85 g (3.00 oz)',b'Mini-SIM',"b'CSTN, 65K colors'",b'',b'128 x 160 pixels',b'No',"b'12 fields, Photo call'","b'20 dialed, 20 received, 20 missed calls'",b'VGA',,b'Yes',,,b'No',b'No',b'No',b'No',b'No',b'No',b'No',b'',"b'SMS, EMS, MMS'",b'WAP 2.0/xHTML',b'Yes',"b'Yes, MIDP 2.0'",b'No',b'Removable Li-Ion 850 mAh battery',b'Up to 350 h',b'Up to 4 h',,b'',,b'Class 10',b'No',b'Predictive text input Organizer',,b'Vibration; Downloadable polyphonic ringtones',,,b'Yes',,,,,,,
b'sagem',b'Sagem my400X',b'https://fdn2.gsmarena.com/vv/bigpic/sagem-my400x.gif',b'GSM',b'GSM 900 / 1800',,,"b'2006, Q1'",b'Discontinued',b'105 x 46 x 14 mm (4.13 x 1.81 x 0.55 in)',b'85 g (3.00 oz)',b'Mini-SIM',"b'CSTN, 65K colors'",b'',b'128 x 160 pixels',b'No',"b'12 fields, Photo call'","b'20 dialed, 20 received, 20 missed calls'",b'VGA',,b'Yes',,,b'No',b'No',b'No',b'No',b'No',b'No',b'No',b'',"b'SMS, EMS, MMS'",b'WAP 2.0/xHTML',b'Yes',"b'Yes, MIDP 2.0'",b'200 SMS messages',b'Removable Li-Ion 850 mAh battery',b'Up to 350 h',b'Up to 4 h',,b'Silver',,b'Class 10',b'No',b'No',b'3.2MB',b'Vibration; Downloadable polyphonic ringtones',b'Predictive text input Organizer',,b'Yes',,,,,,,
b'sagem',b'Sagem my302X',b'https://fdn2.gsmarena.com/vv/bigpic/sagem-my302x.gif',b'GSM',b'GSM 900 / 1800 / 1900',,,"b'2005, Q4'",b'Discontinued',b'105 x 46 x 14 mm (4.13 x 1.81 x 0.55 in)',b'88 g (3.10 oz)',b'Mini-SIM',"b'CSTN, 65K colors'","b'1.7 inches, 9.3 cm2 (~19.3% screen-to-body ratio)'","b'128 x 128 pixels, 1:1 ratio (~106 ppi density)'",b'No',b'Yes',"b'20 dialed, 20 received, 20 missed calls'",,,,,,b'No',b'No',b'No',b'1.2',b'No',b'No',b'',b'',"b'SMS, EMS,MMS'",b'WAP 2.0/xHTML',b'Yes',"b'Yes, MIDP 2.0'","b'Dust, shock and splash resistant'",b'Removable Li-Ion battery',b'Up to 350 h',b'Up to 4 h',,b'Silver',,b'Class 10',b'No',b'No',b'3.2MB',b'Vibration; Downloadable polyphonic ringtones',b'Organizer SyncML Predictive text input',,b'Yes',,,,,,,
b'sagem',b'Sagem my301X',b'https://fdn2.gsmarena.com/vv/bigpic/sagem-my301x.gif',b'GSM',b'GSM 900 / 1800 / 1900',,,"b'2005, Q4'",b'Discontinued',b'105 x 46 x 14 mm (4.13 x 1.81 x 0.55 in)',b'88 g (3.10 oz)',b'Mini-SIM',"b'CSTN, 65K colors'","b'1.7 inches, 9.3 cm2 (~19.3% screen-to-body ratio)'","b'128 x 128 pixels, 1:1 ratio (~106 ppi density)'",b'No',b'Yes',"b'20 dialed, 20 received, 20 missed calls'",,,,,,b'No',b'No',b'No',b'1.2',b'No',b'No',b'',b'',"b'SMS, EMS,MMS'",b'WAP 2.0/xHTML',b'Yes',"b'Yes, MIDP 2.0'",b'No',b'Removable Li-Ion battery',b'Up to 350 h',b'Up to 4 h',,b'',,b'Class 10',b'No',b'Predictive text input Organizer SyncML',b'3.2MB',b'Vibration; Downloadable polyphonic ringtones',,,b'Yes',,,,,,,
b'sagem',b'Sagem my300X',b'https://fdn2.gsmarena.com/vv/bigpic/sagem-my300x.gif',b'GSM',b'GSM 900 / 1800',,,"b'2005, Q4'",b'Discontinued',b'105 x 46 x 14 mm (4.13 x 1.81 x 0.55 in)',b'88 g (3.10 oz)',b'Mini-SIM',"b'CSTN, 65K colors'","b'1.7 inches, 9.3 cm2 (~19.3% screen-to-body ratio)'","b'128 x 128 pixels, 1:1 ratio (~106 ppi density)'",b'No',b'Yes',"b'20 dialed, 20 received, 20 missed calls'",,,,,,b'No',b'No',b'No',b'No',b'No',b'No',b'',b'',"b'SMS, EMS,MMS'",b'WAP 2.0/xHTML',b'Yes',"b'Yes, MIDP 2.0'",b'No',b'Removable Li-Ion 850 mAh battery',b'Up to 350 h',b'Up to 4 h',,"b'Blue, Silver, Red'",,b'Class 10',b'No',b'Predictive text input Organizer SyncML',b'3.2MB',b'Vibration; Downloadable polyphonic ringtones',,,b'Yes',,,,,,,
b'sagem',b'Sagem my300C',b'https://fdn2.gsmarena.com/vv/bigpic/sagem-my300c.gif',b'GSM',b'GSM 900 / 1800',,,"b'2007, March'",b'Discontinued',b'79.2 x 43.5 x 21.7 mm (3.12 x 1.71 x 0.85 in)',b'79 g (2.79 oz)',b'Mini-SIM',"b'CSTN, 65K colors'",b'',"b'128 x 128 pixels, 1:1 ratio'",b'No',"b'Yes, Photo call'","b'20 dialed, 20 received, 20 missed calls'",b'VGA',,b'No',,,b'Yes',b'No',b'No',b'No',b'No',b'No',b'Proprietary',b'',"b'SMS, MMS'",b'WAP 2.0/xHTML',b'mySudoku',"b'Yes, MIDP 2.0'",b'No',b'Removable Li-Ion battery',,,,"b'Black, Silver, Red'",b'About 80 EUR',b'Class 10',b'No',b'Predictive text input Organizer',b'3MB',b'Vibration; Downloadable polyphonic ringtones',,,,b'1.25 W/kg (head)',,,,,,
b'sagem',b'Sagem my215x',b'https://fdn2.gsmarena.com/vv/bigpic/sagem-my215x.gif',b'GSM',b'GSM 900 / 1800',,,"b'2007, January'",b'Discontinued',b'103 x 44.5 x 15 mm (4.06 x 1.75 x 0.59 in)',b'69 g (2.43 oz)',b'Mini-SIM',"b'CSTN, 65K colors'",b'',"b'128 x 128 pixels, 1:1 ratio'",b'No',b'Yes',"b'20 dialed, 20 received, 20 missed calls'",,,,,,b'No',b'No',b'No',b'No',b'No',b'No',b'Proprietary',b'',b'SMS',b'No',b'2 embedded',b'No',b'No',b'Removable Li-Ion 680 mAh battery',b'Up to 255 h',b'Up to 3 h 50 min',,b'',b'About 80 EUR',b'No',b'No',b'MP3/iMelody/Midi/AAC player Predictive text input Organizer',b'256MB',"b'Vibration; Polyphonic(32) ringtones, composer'",,,,,,,,,,
b'sagem',b'Sagem my210x',b'https://fdn2.gsmarena.com/vv/bigpic/sagem-my210x.jpg',b'GSM',b'GSM 900 / 1800',,,"b'2007, October. Released 2007, October'",b'Discontinued',b'103 x 44.5 x 15.4 mm (4.06 x 1.75 x 0.61 in)',b'69 g (2.43 oz)',b'Mini-SIM',"b'CSTN, 65K colors'",b'',"b'128 x 128 pixels, 1:1 ratio'",b'No',b'Yes',"b'20 dialed, 20 received, 20 missed calls'",,,,,,b'No',b'No',b'No',b'No',b'No',b'No',b'miniUSB',b'',b'SMS',b'No',b'2 embedded',b'No',b'No',b'Removable Li-Ion battery',b'Up to 255 h',b'Up to 3 h 50 min',,"b'Black, Blue, White, Green'",,b'No',b'No',b'Predictive text input Organizer',,"b'Vibration; Polyphonic(32) ringtones, composer'",,,,,,,,,,
b'sagem',b'Sagem my200x',b'https://fdn2.gsmarena.com/vv/bigpic/sagem-my200x.gif',b'GSM',b'GSM 900 / 1800',,,"b'2006, February'",b'Discontinued',b'104 x 43 x 15.5 mm (4.09 x 1.69 x 0.61 in)',b'76 g (2.68 oz)',b'Mini-SIM',"b'CSTN, 4096 colors'",b'',b'101 x 80 pixels',b'No',b'250 entries',"b'20 dialed, 20 received, 20 missed calls'",,,,,,b'Yes',b'No',b'No',b'No',b'No',b'No',b'No',b'',"b'SMS, EMS(my201x only),MMS(my202x only)'",b'WAP 1.2  (my201x only)',b'1 embedded',b'No',b'240 KB shared memory (my201x) 470B shared memory (my202x)',b'Removable Li-Ion battery',b'Up to 255h',b'Up to 3 h 50 min',,b'',,b'Yes (my202x only)',b'No',b'No',,"b'Vibration; Polyphonic(8) ringtones, composer'",b'Predictive text input Organizer',,,,,,,,,
b'sagem',b'Sagem my200C',b'https://fdn2.gsmarena.com/vv/bigpic/sagem-my200c.gif',b'GSM',b'GSM 900 / 1800',,,"b'2007, February'",b'Discontinued',b'74 x 42 x 21 mm (2.91 x 1.65 x 0.83 in)',b'85 g (3.00 oz)',b'Mini-SIM',"b'CSTN, 65K colors'",b'',"b'128 x 128 pixels, 1:1 ratio'",b'No',"b'100 numbers, 15 groups'","b'20 dialed, 10 received, 10 missed calls'",,,,,,b'No',b'No',b'No',b'No',b'No',b'No',b'',b'',"b'SMS, EMS, MMS'",b'Yes',b'mySudoku',b'No',b'No',b'Removable Li-Ion 680 mAh battery',b'Up to 240 h',b'Up to 4 h',,"b'Black, Red, Silver, White & Pink'",b'About 70 EUR',b'Yes',b'No',b'Predictive text input Organizer',b'240 KB',b'Vibration; Downloadable polyphonic ringtones',,,,b'1.10 W/kg (head)',,,,,,
b'sagem',b'Sagem my150X',b'https://fdn2.gsmarena.com/vv/bigpic/sagem-my150x.jpg',b'GSM',b'GSM 900 / 1800',,,"b'2006, February'",b'Discontinued',b'107 x 47 x 10 mm (4.21 x 1.85 x 0.39 in)',b'65 g (2.29 oz)',b'Mini-SIM',b'Monochrome graphics',"b'1.8 inches, 9.5 cm2 (~18.8% screen-to-body ratio)'",b'101 x 64 pixels (~66 ppi density)',b'No',b'100 entries',b'20 redail list',,,,,,b'Yes',b'No',b'No',b'No',b'No',b'No',b'No',b'',b'SMS',b'No',b'1 embedded',b'No',b'Blue glow backlight',b'Removable Li-Ion battery',b'Up to 240 h',b'Up to 3 h',,"b'Silver/Black, Pink/Black'",b'About 60 EUR',b'No',b'No',b'No',,"b'Vibration; Polyphonic(8) ringtones, composer'",b'Predictive text input Organizer',,,,,,,,,
b'sagem',b'Sagem my101X',b'https://fdn2.gsmarena.com/vv/bigpic/sagem-my101x.jpg',b'GSM',b'GSM 900 / 1800',,,"b'2006, February'",b'Discontinued',b'104.2 x 42.6 x 15.3 mm (4.10 x 1.68 x 0.60 in)',b'76 g (2.68 oz)',b'Mini-SIM',b'Monochrome graphics',b'',b'101 x 64 pixels',b'No',b'100 entries',b'20 redail list',,,,,,b'Yes',b'No',b'No',b'No',b'No',b'No',b'No',b'',b'SMS',b'No',b'1 embedded',b'No',b'Backlight keypad amber(my101X) and green (my100X)',b'Removable Li-Ion battery',b'Up to 255 h',b'Up to 3 h 50 min',,"b'Black, White'",,b'No',b'No',b'No',,"b'Vibration; Polyphonic(8) ringtones, composer'",b'Predictive text input Organizer',,,,,,,,,
b'sagem',b'Sagem my100X',b'https://fdn2.gsmarena.com/vv/bigpic/sagem-my100x.gif',b'GSM',b'GSM 900 / 1800',,,"b'2006, February'",b'Discontinued',b'104 x 42 x 15.5 mm (4.09 x 1.65 x 0.61 in)',b'76 g (2.68 oz)',b'Mini-SIM',b'Monochrome graphics',b'',b'101 x 64 pixels',b'No',b'100 entries',b'20 redail list',,,,,,b'Yes',b'No',b'No',b'No',b'No',b'No',b'No',b'',b'SMS',b'No',b'1 embedded',b'No',b'Backlight keypad amber(my101X) and green (my100X)',b'Removable Li-Ion 720 mAh battery',b'Up to 255h',b'Up to 3 h 50 min',,b'',,b'No',b'No',b'No',,"b'Vibration; Polyphonic(8) ringtones, composer'",b'Predictive text input Organizer',,,,,,,,,
b'sagem',b'Sagem VS4',b'https://fdn2.gsmarena.com/vv/bigpic/sagem-vs4.gif',b'GSM',b'GSM 900 / 1800 / 1900',,,"b'2005, June'",b'Discontinued',b'111 x 46.8 x 14.7 mm (4.37 x 1.84 x 0.58 in)',b'90 g (3.17 oz)',b'Mini-SIM',"b'CSTN, 65K colors'","b'1.7 inches, 27.3 x 32.6 mm, 9.1 cm2 (~17.5% screen-to-body ratio)'",b'128 x 160 pixels (~121 ppi density)',b'No',b'1000 entries',"b'20 received, dialed and missed calls'",,,,,,b'Yes',b'No',b'No',b'No',b'No',b'No',b'Proprietary',b'',b'SMS',b'WAP',b'No',b'No',b'No',b'Removable Li-Ion 850 mAh battery',b'Up to 166 h',b'Up to 4 h',,b'Silver',,b'Class 8',b'No',b'Predictive text input Reminder',b'4MB',b'Vibration; Polyphonic(16) ringtones',,,,,,,,,,
b'sagem',b'Sagem VS3',b'https://fdn2.gsmarena.com/vv/bigpic/sagem-vs3.gif',b'GSM',b'GSM 900 / 1800',,,"b'2005, Q4'",b'Discontinued',b'85 x 42 x 23 mm (3.35 x 1.65 x 0.91 in)',b'76 g (2.68 oz)',b'Mini-SIM',"b'CSTN, 65K colors'",b'',b'128 x 160 pixels',b'No',b'1000 entries',"b'20 received, dialed and missed calls'",,,,,,b'Yes',b'No',b'No',b'No',b'No',b'No',b'Proprietary',b'',"b'SMS, MMS'",b'WAP',b'No',b'No',b'Second external STN mono display (96 x 55 pixels)',b'Removable Li-Ion 730 mAh battery',b'Up to 240 h',b'Up to 4 h',,b'Silver',,b'Class 8',b'No',b'No',b'4MB',b'Vibration; Polyphonic(16) ringtones',b'Predictive text input Reminder',,,,,,,,,
b'sagem',b'Sagem VS2',b'https://fdn2.gsmarena.com/vv/bigpic/sagem-vs2.gif',b'GSM',b'GSM 900 / 1800 / 1900',,,"b'2005, Q2'",b'Discontinued',b'118.7 x 47.5 x 20.3 mm (4.67 x 1.87 x 0.80 in)',b'125 g (4.41 oz)',b'Mini-SIM',"b'TFT, 65K colors'",b'',b'128 x 160 pixels',b'No',b'1000 entries',"b'20 received, dialed and missed calls'",,,,,,b'Yes',b'No',b'No',b'No',b'No',b'No',b'Proprietary',b'',"b'SMS, MMS'",b'',b'No',b'No',b'No',b'Removable Li-Ion 920 mAh battery',b'Up to 300 h',b'Up to 4 h',,b'Black',,b'Class 8',b'No',b'Predictive text input Remainder',b'4MB',b'Vibration; Polyphonic(16) ringtones',,,,,,,,,,
b'sagem',b'Sagem VS1',b'https://fdn2.gsmarena.com/vv/bigpic/sagem-vs1.gif',b'GSM',b'GSM 900 / 1800 / 1900',,,"b'2005, Q2'",b'Discontinued',b'123.5 x 52.5 x 24.8 mm (4.86 x 2.07 x 0.98 in)',b'125 g (4.41 oz)',b'Mini-SIM',b'65K colors',b'',b'128 x 160 pixels',b'No',b'1000 entries',"b'20 received, dialed and missed calls'",,,,,,b'Yes',b'No',b'No',b'No',b'No',b'No',b'Proprietary',b'',"b'SMS, MMS'",b'',b'No',b'No',b'No',b'Removable Li-Ion 920 mAh battery',b'Up to 300 h',b'Up to 4 h',,b'Silver',,b'Class 8',b'No',b'Predictive text input Remainder',b'4MB',b'Vibration; Polyphonic(16) ringtones',,,,,,,,,,
b'sagem',b'Sagem MY V-85',b'https://fdn2.gsmarena.com/vv/bigpic/sagem-myv85.gif',b'GSM / UMTS',b'GSM 900 / 1800 / 1900',b'UMTS 2100',"b'Yes, 384 kbps'","b'2005, Q4'",b'Discontinued',b'112 x 20 x 46 mm (4.41 x 0.79 x 1.81 in)',b'120 g (4.23 oz)',b'Mini-SIM',"b'TFT, 256K colors'",b'',b'176 x 220 pixels',b'microSD (dedicated slot)',"b'Yes, Photocall'","b'20 dialed, 20 received, 20 missed calls'",b'1.3 MP',,b'QCIF',b'VGA videocall camera',b'',b'No',b'No',b'No',b'Yes',b'No',b'No',b'Proprietary',b'',"b'SMS, EMS, MMS, EMail'",b'WAP 2.0/xHTML',b'Yes + downloadable',"b'Yes, MIDP 2.0'",b'MP3 player Predictive text input Calculator Photo editor',b'Removable Li-Ion battery',b'Up to 300 h',b'Up to 4 h',,b'Graphite',,,,,b'8MB',b'Vibration; Downloadable polyphonic ringtones',,,b'Yes',,,,,,,
b'sagem',b'Sagem MY V-76',b'https://fdn2.gsmarena.com/vv/bigpic/sagem-myv76.gif',b'GSM',b'GSM 900 / 1800 / 1900',,,"b'2005, July'",b'Discontinued',b'110 x 19 x 47 mm (4.33 x 0.75 x 1.85 in)',b'104 g (3.67 oz)',b'Mini-SIM',"b'TFT, 256K colors'",b'',b'176 x 220 pixels',b'microSD (dedicated slot)',"b'Yes, Photocall'","b'20 dialed, 20 received, 20 missed calls'",b'1.3 MP',b'LED flash',b'Yes',,,b'No',b'No',b'No',b'1.2',b'No',b'No',b'',b'',"b'SMS, EMS, MMS'",b'WAP 2.0/xHTML',b'Yes + downloadable',"b'Yes, MIDP 2.0'",b'No',b'Removable Li-Ion 920 mAh battery',b'Up to 350 h',b'Up to 4 h',,b'Silver',,b'Class 10',b'No',b'MP3 player Calculator Photo editor Voice memo Predictive text input',b'8MB',b'Vibration; Downloadable polyphonic ringtones',,,b'Yes',,,,,,,
b'sagem',b'Sagem MY V-56',b'https://fdn2.gsmarena.com/vv/bigpic/sagem-myv56.gif',b'GSM',b'GSM 900 / 1800 / 1900',,,"b'2004, Q4'",b'Discontinued',b'106 x 19 x 46 mm (4.17 x 0.75 x 1.81 in)',b'97 g (3.42 oz)',b'Mini-SIM',"b'CSTN, 65K colors'",b'',b'128 x 160 pixels',b'No',"b'In shared memory, Photo call'","b'20 dialed, 20 received, 20 missed calls'",b'VGA',,b'No',,,b'Yes',b'No',b'No',b'No',b'No',b'No',b'',b'',"b'SMS, MMS'",b'WAP 2.0/xHTML',b'Yes + downloadable',b'Yes',b'Animated screensavers Color backgrounds Downloadable logos',b'Removable Li-Ion 920 mAh battery',b'Up to 370 h',b'Up to 4 h 50 min',,b'Silver',,b'Class 10',b'No',b'No',b'4MB',"b'Vibration; Downloadable polyphonic, Hi-Fi ringtones'",b'Predictive text input Organizer Voice dial/memo Exchangeable cover',,b'Yes',,,,,,,
b'sagem',b'Sagem myW-7',b'https://fdn2.gsmarena.com/vv/bigpic/sagem-myw7.gif',b'GSM / UMTS',b'GSM 900 / 1800 / 1900',b'UMTS 2100',"b'Yes, 384 kbps'","b'2006, February'",b'Discontinued',"b'112 x 46 x 20 mm, 93 cc (4.41 x 1.81 x 0.79 in)'",b'119 g (3.84 oz)',b'Mini-SIM',"b'TFT, 256K colors'",b'',b'176 x 220 pixels',b'microSD (dedicated slot)',b'Yes',"b'20 dialed, 20 received, 20 missed calls'",b'1.3 MP',,b'Yes',b'VGA videocall camera',b'',b'Yes',b'No',b'No',b'Yes',b'No',b'No',b'Proprietary',b'',"b'SMS, EMS, MMS, Email'",b'WAP 2.0/xHTML',b'Yes + downloadable',"b'Yes, MIDP 2.0'",b'Video telephony & streaming MP3/AAC player  Predictive text input Organizer Voice memo',b'Removable Li-Ion 1100 mAh battery',b'Up to 300 h',b'Up to 4 h',,b'Silver',,,,,b'6MB',b'Vibration; Downloadable polyphonic ringtones',,,b'Yes',,,,,,,
b'sagem',b'Sagem myMobileTV',b'https://fdn2.gsmarena.com/vv/bigpic/sagem-mymobiletv.gif',b'GSM',b'GSM 900 / 1800 / 1900',,,"b'2006, February'",b'Discontinued',"b'115 x 47 x 20.8 mm, 107 cc (4.53 x 1.85 x 0.82 in)'",b'125 g (4.41 oz)',b'Mini-SIM',"b'TFT, 256K colors'",b'',"b'240 x 320 pixels, 4:3 ratio'",b'microSD (dedicated slot)',b'Yes',"b'20 dialed, 20 received, 20 missed calls'",b'1.3 MP',,b'Yes',,,b'Yes',b'No',b'No',b'No',b'No',b'No',b'Proprietary (optional)',b'',"b'SMS, EMS, MMS, EMail, Instant Messaging'",b'WAP 2.0/xHTML',b'Yes',"b'Yes, MIDP 2.0'",b'No',b'Removable Li-Ion battery',b'Up to 350 h',b'Up to 5 h',,b'Black',,b'Class 10',b'No',b'DVB-H TV receiver MP3 player  Predictive text input Organizer Voice memo',b'40MB',b'Vibration; Downloadable polyphonic ringtones',,,b'Yes',,,,,,,
b'sagem',b'Sagem MY C2-3',b'https://fdn2.gsmarena.com/vv/bigpic/sagem-myc2-3.gif',b'GSM',b'GSM 900 / 1800',,,"b'2005, Q4'",b'Discontinued',"b'73 x 42 x 21 mm, 70 cc (2.87 x 1.65 x 0.83 in)'",b'75 g (2.65 oz)',b'Mini-SIM',"b'CSTN, 4096 colors'",b'',"b'101 x 80 pixels, 6 lines'",b'No',"b'255 entries, contact groups'","b'20 received, dialed and missed calls'",,,,,,b'Yes',b'No',b'No',b'No',b'No',b'No',b'',b'',"b'SMS, EMS, MMS'",b'WAP 1.2',b'',b'No',b'Downloadable wallpapers',b'Removable Li-Ion 700 mAh battery',b'Up to 240 h',b'Up to 3 h',,b'',,b'Class 10',b'No',b'Message templates',b'240 KB',"b'Vibration; Downloadable polyphonic, Hi-Fi ringtones'",b'Predictive text input Calculator Currency converter',,,,,,,,,
b'sagem',b'Sagem myZ-5',b'https://fdn2.gsmarena.com/vv/bigpic/sagem-myz5.gif',b'GSM',b'GSM 900 / 1800 / 1900',,,"b'2006, February'",b'Discontinued',b'85 x 42 x 23 mm (3.35 x 1.65 x 0.91 in)',b'85 g (3.00 oz)',b'Mini-SIM',"b'TFT, 65K colors'",b'',b'128 x 160 pixels',b'No',b'Yes',"b'20 dialed, 20 received, 20 missed calls'",b'VGA',,b'Yes',,,b'Yes',b'No',b'No',b'No',b'No',b'No',b'Proprietary',b'',"b'SMS, EMS, MMS'",b'WAP 2.0/xHTML',b'2',"b'Yes, MIDP 2.0'",b'Screensavers and wallpapers Downloadable logos and applications',b'Removable Li-Ion battery',b'Up to 240 h',b'Up to 3 h',,b'',,b'Class 10',b'No',b'No',b'3.7MB',"b'Vibration; Downloadable polyphonic, MP3 ringtones'",b'Predictive text input Organizer',,,,,,,,,
b'sagem',b'Sagem MY C5-3',b'https://fdn2.gsmarena.com/vv/bigpic/sagem-myc5-3.gif',b'GSM',b'GSM 900 / 1800',,,"b'2006, October'",b'Discontinued',b'82 x 43 x 23 mm (3.23 x 1.69 x 0.91 in)',b'85 g (3.00 oz)',b'Mini-SIM',"b'CSTN, 65K colors'",b'',b'128 x 160 pixels',b'No',"b'500 x 10 fields, Photo call, 15 groups'","b'20 dialed, 10 received, 10 missed calls'",b'VGA',,b'Yes',,,b'No',b'No',b'No',b'No',b'No',b'No',b'',b'',"b'SMS, EMS, MMS'",b'WAP 2.0/xHTML',b'Yes  + downloadable',"b'Yes, MIDP 2.0'",b'Second external display B/W (96 x 64 pixels)',b'Removable Li-Ion 700 mAh battery',b'Up to 240 h',b'Up to 3 h',,b'',b'About 110 EUR',b'Yes',b'No',b'100 short messages',b'3MB',"b'Vibration; Downloadable polyphonic, MP3 ringtones'",b'Predictive text input Organizer Photo editor',,,,,,,,,
b'sagem',b'Sagem MY C3-2',b'https://fdn2.gsmarena.com/vv/bigpic/samyc3-2.gif',b'GSM',b'GSM 900 / 1800',,,"b'2005, Q1'",b'Discontinued',"b'77 x 41 x 22 mm, 70 cc (3.03 x 1.61 x 0.87 in)'",b'75 g (2.65 oz)',b'Mini-SIM',"b'CSTN, 65K colors'",b'',"b'128  x 128 pixels, 6 lines, 1:1 ratio'",b'No',b'Yes',"b'20 received, dialed and missed calls'",,,,,,b'Yes',b'No',b'No',b'No',b'No',b'No',b'',b'',"b'SMS, EMS, MMS'",b'WAP 1.2',b'Yes',"b'Yes, MIDP 2.0 (MY C3-2j only)'",b'Second external display (96 x 64 pixels) Downloadable wallpapers',b'Removable Li-Ion 650 mAh battery',b'Up to 240 h',b'Up to 3 h',,b'',,b'Yes',b'No',b'No',,b'Vibration; Downloadable polyphonic ringtones',b'Predictive text input Organizer',,,,,,,,,
b'sagem',b'Sagem MY Z-55',b'https://fdn2.gsmarena.com/vv/bigpic/sagem-myz55.gif',b'GSM',b'GSM 900 / 1800',,,"b'2005, Q1'",b'Discontinued',b'81 x 41 x 24 mm (3.19 x 1.61 x 0.94 in)',b'85 g (3.00 oz)',b'Mini-SIM',"b'CSTN, 65K colors'",b'',b'128 x 160 pixels',b'No',b'Yes',"b'20 dialed, 20 received, 20 missed calls'",b'VGA',,b'No',,,b'No',b'No',b'No',b'No',b'No',b'No',b'Proprietary',b'',"b'SMS, EMS, MMS'",b'WAP 2.0/xHTML',b'2',b'Yes',b'Screensavers and wallpapers Downloadable logos and applications',b'Removable Li-Ion battery',b'Up to 300 h',b'Up to 3 h',,b'',,b'Class 10',b'No',b'No',b'3.7MB',b'Vibration; Downloadable polyphonic ringtones',b'Predictive text input Organizer',,,,,,,,,
b'sagem',b'Sagem MY X6-2',b'https://fdn2.gsmarena.com/vv/bigpic/sagem-myx6-2.gif',b'GSM',b'GSM 900 / 1800 / 1900',,,"b'2005, Q1'",b'Discontinued',b'110 x 47 x 19 mm (4.33 x 1.85 x 0.75 in)',b'104 g (3.67 oz)',b'Mini-SIM',"b'TFT, 256K colors'","b'2.0 inches, 31 x 39 mm, 12.6 cm2 (~24.3% screen-to-body ratio)'",b'176 x 220 pixels (~141 ppi density)',b'microSD (dedicated slot)',b'1500',"b'20 dialed, 10 received, 10 missed calls'",b'1.3 MP',,b'Yes',,,b'Yes',b'No',b'No',b'1.2',b'No',b'No',b'',b'',"b'SMS, EMS, MMS'",b'WAP 2.0/xHTML',b'Yes + downloadable',"b'Yes, MIDP 2.0'",b'Screensavers and wallpapers Downloadable logos',b'Removable Li-Ion 760 mAh battery',b'Up to 350 h',b'Up to 4 h',,b'',,b'Class 10',b'No',b'No',b'10MB',"b'Vibration; Downloadable polyphonic, MP3 ringtones'",b'MP3/AAC player Predictive text input Calculator Photo editor Voice memo',,b'Yes',,,,,,,
b'sagem',b'Sagem MY X2-2',b'https://fdn2.gsmarena.com/vv/bigpic/samyx2-2.gif',b'GSM',b'GSM 900 / 1800',,,"b'2005, Q1'",b'Discontinued',b'105.6 x 46 x 20 mm (4.16 x 1.81 x 0.79 in)',b'88 g (3.10 oz)',b'Mini-SIM',b'4096 colors',b'',b'101 x 80 pixels',b'No',b'500 x 10 fields',"b'10 dialed, 10 received, 10 missed calls'",,,,,,b'Yes',b'No',b'No',b'No',b'No',b'No',b'',b'',"b'SMS, EMS, MMS (myX2-2m only)'",b'WAP 1.2.1',b'1 embedded',b'No',b'Downloadable screensavers',b'Removable Li-Ion 680 mAh battery',b'Up to 200 h',b'Up to 3 h 20 min',,b'',,b'Yes (myX2-2m only)',b'No',b'myX2-2m: up to 470 KB myX2-2: up to 240 KB',,b'Vibration; Downloadable polyphonic ringtones',b'Predictive text input Calculator Currency converter Changeable covers',,,,,,,,,
b'sagem',b'Sagem MY X1-2',b'https://fdn2.gsmarena.com/vv/bigpic/samyx1-2.gif',b'GSM',b'GSM 900 / 1800',,,"b'2005, Q1'",b'Discontinued',b'106 x 47 x 21 mm (4.17 x 1.85 x 0.83 in)',b'93 g (3.28 oz)',b'Mini-SIM',b'Monochrome graphics',b'',"b'96 x 64 pixels, 3:2 ratio'",b'No',b'100 entries',"b'10 dialed, 10 received, 10 missed calls'",,,,,,b'Yes',b'No',b'No',b'No',b'No',b'No',b'',b'',"b'SMS, EMS(myX1-2w only)'",b'WAP 1.2.1 (myX1-2w only)',b'Yes',b'No',b'GSM 850 / 1900 - US version',b'Removable Li-Ion battery',b'Up to 240 h',b'Up to 3 h',,b'',,b'Class 8',b'No',b'Downloadable wallpapers',,"b'Vibration; Polyphonic(16) ringtones, composer'",b'Exchangeable covers',,,,,,,,,
b'sagem',b'Sagem MY C5-2',b'https://fdn2.gsmarena.com/vv/bigpic/samyc5-2.gif',b'GSM',b'GSM 900 / 1800',,,"b'2004, Q4'",b'Discontinued',b'82 x 43 x 23 mm (3.23 x 1.69 x 0.91 in)',b'80 g (2.82 oz)',b'Mini-SIM',"b'CSTN, 65K colors'",b'',b'128 x 160 pixels',b'No',"b'500 x 10 fields, Photo call, 15 groups'","b'20 dialed, 10 received, 10 missed calls'",b'VGA',,b'No',,,b'No',b'No',b'No',b'No',b'No',b'No',b'',b'',"b'SMS, EMS, MMS'",b'WAP 1.2.1',"b""Siberian Strike, Gulo's Tale  + downloadable""","b'Yes, MIDP 2.0'",b'Second external display B/W (96 x 64 pixels)',b'Removable Li-Ion 670 mAh battery',b'Up to 240 h',b'Up to  3 h',,b'',,b'Yes',b'No',b'100 short messages',b'3.7MB',b'Vibration; Downloadable polyphonic ringtones',b'Predictive text input Organizer Photo editor',,,,,,,,,
b'sagem',b'Sagem MY X-8',b'https://fdn2.gsmarena.com/vv/bigpic/samyx8.gif',b'GSM',b'GSM 900 / 1800 / 1900',,,"b'2004, Q3'",b'Discontinued',b'115 x 47 x 20.8 mm (4.53 x 1.85 x 0.82 in)',b'125 g (4.41 oz)',b'Mini-SIM',"b'TFT, 256K colors'","b'2.2 inches, 34 x 45 mm, 15.0 cm2 (~27.7% screen-to-body ratio)'","b'240 x 320 pixels, 4:3 ratio (~182 ppi density)'",b'miniSD',"b'300 entries, Photo call'","b'20 dialed, 10 received, 10 missed calls'",b'1.3 MP',b'LED flash',b'Yes',,,b'Yes',b'No',b'No',b'1.2',b'No',b'No',b'Proprietary',b'',"b'SMS, EMS, MMS'",b'WAP 2.0/xHTML',b'Yes',"b'Yes, MIDP 2.0'",b'Animated screensavers Color backgrounds',b'Removable Li-Ion battery',b'Up to 350 h',b'Up to 5 h',,b'',,b'Class 10',b'No',b'No',b'40MB',"b'Vibration; Downloadable polyphonic, MP3, Hi-Fi ringtones'",b'Video/MP3 player Predictive text input Organizer',,b'Yes',,,,,,,
b'sagem',b'Sagem MY X-4',b'https://fdn2.gsmarena.com/vv/bigpic/samyx4.gif',b'GSM',b'GSM 900 / 1800',,,"b'2004, Q3'",b'Discontinued',b'104 x 46 x 18 mm (4.09 x 1.81 x 0.71 in)',b'95 g (3.35 oz)',b'Mini-SIM',"b'TFT, 65K colors'",b'',"b'120 x 160 pixels, 4:3 ratio'",b'No',"b'500 x 10 fields, 15 groups, Photo call'","b'20 dialed, 10 received, 10 missed calls'",,,,,,b'Yes',b'No',b'No',b'No',b'No',b'No',b'Proprietary',b'',"b'SMS, MMS, Instant Messaging'",b'WAP',b'2 + downloadable',"b'Yes, MIDP 2.0'",b'5-way navi key Downloadable pictures',b'Removable Li-Ion battery',b'Up to 340 h',b'Up to 4 h',,b'',,b'Class 10',b'No',b'No',b'3.5MB',b'Vibration; Downloadable polyphonic ringtones',b'Predictive text input Video/media player Organizer Exchangeable covers',,,,,,,,,
b'sagem',b'Sagem MY C4-2',b'https://fdn2.gsmarena.com/vv/bigpic/sagem-myc4-2.gif',b'GSM',b'GSM 900 / 1800',,,"b'2004, Q4'",b'Discontinued',b'77 x 42 x 23 mm (3.03 x 1.65 x 0.91 in)',b'75 g (2.65 oz)',b'Mini-SIM',"b'CSTN, 65K colors'",b'',"b'128 x 128 pixels, 1:1 ratio'",b'No',b'Yes',"b'20 dialed, 10 received, 10 missed calls'",b'VGA',b'LED flash',b'No',,,b'No',b'No',b'No',b'No',b'No',b'No',b'',b'',"b'SMS, EMS, MMS'",b'WAP 2.0/xHTML',b'Yes',"b'Yes, MIDP 2.0'",b'Second external display B/W (96 x 64 pixels) Wallpapers Downloadable pictures',b'Removable Li-Ion 650 mAh battery',b'Up to 240 h',b'Up to 3 h',,"b'Silver , Black'",,b'Class 8',b'No',b'No',,"b'Vibration; Downloadable polyphonic, Hi-Fi ringtones'",b'Predictive text input Organizer Voice memo',,,,,,,,,
b'sagem',b'Sagem MY C-4',b'https://fdn2.gsmarena.com/vv/bigpic/samyc4.gif',b'GSM',b'GSM 900 / 1800',,,"b'2004, Q3'",b'Discontinued',b'90 x 44.5 x 23 mm (3.54 x 1.75 x 0.91 in)',b'92 g (3.25 oz)',b'Mini-SIM',"b'CSTN, 65K colors'",b'',"b'128 x 128 pixels, 1:1 ratio'",b'No',b'In shared memory',"b'20 dialed, 10 received, 10 missed calls'",,,,,,b'No',b'No',b'No',b'No',b'No',b'No',b'',b'',"b'SMS, EMS, MMS'",b'WAP 1.2.1',b'2',"b'Yes, MIDP 2.0'",b'Wallpapers Downloadable pictures',b'Removable Li-Ion 630 mAh battery',b'Up to 240 h',b'Up to 4 h',,b'Wine red',,b'Class 10',b'No',b'No',b'4.7MB',"b'Vibration; Downloadable polyphonic, Hi-Fi ringtones'",b'Predictive text input Organizer Voice memo',,,,,,,,,
b'sagem',b'Sagem MY S-7',b'https://fdn2.gsmarena.com/vv/bigpic/samys7.gif',b'GSM',b'GSM 900 / 1800 / 1900',,,"b'2004, Q1'",b'Discontinued',"b'110 x 49 x 21 mm, 110 cc (4.33 x 1.93 x 0.83 in)'",b'120 g (4.23 oz)',b'Mini-SIM',"b'TFT, 65K colors'","b'2.2 inches, 35 x 44 mm, 15.2 cm2 (~28.3% screen-to-body ratio)'",b'176 x 220 pixels (~128 ppi density)',b'MMC/SD',,,b'VGA',,b'Yes',,,b'Yes',b'No',b'No',b'No',b'No',b'No',b'Proprietary',b'',,b'WAP 2.0/xHTML',,,b'Animated screensavers Color backgrounds Downloadable logos',b'Removable Li-Ion battery',b'Up to 100 h',b'Up to 4 h',,b'',,b'Class 10',b'No',b'No',b'32MB',"b'Vibration; Downloadable polyphonic, MP3, Hi-Fi ringtones'",b'MP3 player Predictive text input Organizer Voice memo',,b'Yes',,b'Microsoft Smartphone 2003 SE',b'Intel PXA 262 200 MHz',,,,
b'sagem',b'Sagem MY Z-3',b'https://fdn2.gsmarena.com/vv/bigpic/samyz3.gif',b'GSM',b'GSM 900 / 1800',,,"b'2004, Q1'",b'Discontinued',b'100 x 45 x 24 mm (3.94 x 1.77 x 0.94 in)',b'105 g (3.70 oz)',b'Mini-SIM',"b'CSTN, 65K colors'",b'',b'128 x 160 pixels',b'No',b'255 entries',"b'15 dialed, 15 received, 15 missed calls'",,,,,,b'No',b'No',b'No',b'No',b'No',b'No',b'Proprietary',b'',"b'SMS, EMS, MMS'",b'WAP 1.2.1',b'2',b'No',b'Screensavers and wallpapers Downloadable logos and applications',b'Removable Li-Ion 780 mAh battery',b'Up to 300h',b'Up to 3 h',,b'',,b'Class 10',b'No',b'No',b'1.5MB',b'Vibration; Downloadable polyphonic ringtones',b'Predictive text input Organizer',,b'Yes',,,,,,,
b'sagem',b'Sagem MY C2-2',b'https://fdn2.gsmarena.com/vv/bigpic/samyc2-2.gif',b'GSM',b'GSM 900 / 1800',,,"b'2004, Q2'",b'Discontinued',b'85 x 44 x 21 mm (3.35 x 1.73 x 0.83 in)',b'80 g (2.82 oz)',b'Mini-SIM',"b'CSTN, 4096 colors'",b'',"b'101 x 80 pixels, 6 lines'",b'No',"b'250 entries, contact groups'","b'20 received, dialed and missed calls'",,,,,,b'Yes',b'No',b'No',b'No',b'No',b'No',b'',b'',"b'SMS, EMS'",b'WAP 1.2',b'',b'No',b'Downloadable wallpapers',b'Removable Li-Ion battery',b'Up to 360 h',b'Up to 3 h',,b'',,b'No',b'No',b'100 short messages Message templates',,"b'Vibration; Downloadable polyphonic, Hi-Fi ringtones'",b'Predictive text input Calculator Currency converter',,,,,,,,,
b'sagem',b'Sagem SG 321i',b'https://fdn2.gsmarena.com/vv/bigpic/sasg321i.gif',b'GSM',b'GSM 900 / 1800',,,"b'2004, Q1'",b'Discontinued',b'100 x 45 x 24 mm (3.94 x 1.77 x 0.94 in)',b'105 g (3.70 oz)',b'Mini-SIM',"b'TFT, 65K colors'",b'',b'128 x 160 pixels',b'No',b'Yes',"b'15 dialed, 15 received, 15 missed calls'",,,,,,b'No',b'No',b'No',b'No',b'No',b'No',b'Proprietary',b'',"b'SMS, EMS, MMS'","b'WAP 2.0/xHTML, iMode'",b'Yes + downloadable',b'Yes',b'Screensavers and wallpapers Downloadable logos',b'Removable Li-Ion battery',,,,b'',,b'Class 8',b'No',b'No',,b'Vibration; Downloadable polyphonic ringtones',b'Predictive text input Organizer',,,,,,,,,
b'sagem',b'Sagem MY V-55',b'https://fdn2.gsmarena.com/vv/bigpic/samyv55.gif',b'GSM',b'GSM 900 / 1800 / 1900',,,"b'2004, Q2'",b'Discontinued',b'106 x 46 x 19 mm (4.17 x 1.81 x 0.75 in)',b'97 g (3.42 oz)',b'Mini-SIM',"b'CSTN, 65K colors'",b'',b'128 x 160 pixels',b'No',"b'In shared memory, Photo call'","b'20 dialed, 20 received, 20 missed calls'",b'VGA',,b'No',,,b'Yes',b'No',b'No',b'No',b'No',b'No',b'',b'',"b'SMS, MMS'",b'WAP 2.0/xHTML',b'Yes + downloadable',b'Yes',b'Animated screensavers Color backgrounds Downloadable logos',b'Removable Li-Ion 920 mAh battery',b'Up to 375 h',b'Up to 4 h 45 min',,b'',,b'Class 10',b'No',b'No',b'4MB',"b'Vibration; Downloadable polyphonic, Hi-Fi ringtones'",b'Predictive text input Organizer Voice dial/memo Exchangeable cover',,b'Yes',,,,,,,
b'sagem',b'Sagem MY X5-2',b'https://fdn2.gsmarena.com/vv/bigpic/samyx52.gif',b'GSM',b'GSM 900 / 1800 / 1900',,,"b'2004, Q1'",b'Discontinued',b'106 x 46 x 19 mm (4.17 x 1.81 x 0.75 in)',b'97 g (3.42 oz)',b'Mini-SIM',"b'CSTN, 65K colors'",b'',b'128 x 160 pixels',b'No',b'1500',"b'15 dialed, 15 received, 15 missed calls'",b'VGA',,b'No',,,b'Yes',b'No',b'No',b'No',b'No',b'No',b'Proprietary',b'',"b'SMS, EMS, MMS'",b'WAP 2.0/xHTML',b'Yes + downloadable',"b'Yes, MIDP 2.0'",b'Screensavers and wallpapers Downloadable logos',b'Removable Li-Ion battery',b'Up to 300 h',b'Up to 5 h',,b'',,b'Class 10',b'No',b'No',b'4MB',b'Vibration; Downloadable polyphonic ringtones',b'Predictive text input Organizer Photo editor Voice memo',,b'Yes',,,,,,,
b'sagem',b'Sagem MY V-75',b'https://fdn2.gsmarena.com/vv/bigpic/samyv75.gif',b'GSM',b'GSM 900 / 1800 / 1900',,,"b'2004, Q1'",b'Discontinued',b'110 x 46 x 22 mm (4.33 x 1.81 x 0.87 in)',b'106 g (3.74 oz)',b'Mini-SIM',"b'TFT, 65K colors'",b'',b'128 x 160 pixels',b'No',b'In shared memory',"b'15 dialed, 15 received, 15 missed calls'",b'VGA',,b'No',,,b'Yes',b'No',b'No',b'No',b'No',b'No',b'',b'',"b'SMS, MMS'",b'WAP 1.2.1',b'Yes + Java downloadable',b'No',b'Animated screensavers Color backgrounds Downloadable logos',b'Removable Li-Ion battery',,,,b'',,b'Yes',b'No',b'No',b'4MB',"b'Vibration; Downloadable polyphonic, Hi-Fi ringtones'",b'Predictive text input Organizer',,b'Yes',,,,,,,
b'sagem',b'Sagem MY C-3b',b'https://fdn2.gsmarena.com/vv/bigpic/samyc3b.gif',b'GSM',b'GSM 900 / 1800',,,"b'2004, Q1'",b'Discontinued',b'81 x 51 x 22.5 mm (3.19 x 2.01 x 0.89 in)',b'85 g (3.00 oz)',b'Mini-SIM',"b'CSTN, 65K colors'",b'',"b'128 x 160 pixels, 12 lines'",b'No',b'300 x 9 fields',"b'20 dialed, 10 received, 10 missed calls'",,,,,,b'No',b'No',b'No',b'No',b'No',b'No',b'',b'',"b'SMS, EMS, MMS'",b'WAP 2.0/xHTML',b'3',b'No',b'Animated screensavers Color backgrounds',b'Removable Li-Ion battery',b'Up to 120 h',b'Up to 2 h',,"b'2 - Silver, Red'",,b'Class 8',b'No',b'No',b'1.5MB',"b'Vibration; Downloadable polyphonic, Hi-Fi ringtones'",b'Predictive text input Organizer Voice memo',,,,,,,,,
b'sagem',b'Sagem MY C-3s',b'https://fdn2.gsmarena.com/vv/bigpic/samyc3s.gif',b'GSM',b'GSM 900 / 1800',,,"b'2004, Q1'",b'Discontinued',b'81 x 52 x 22.5 mm (3.19 x 2.05 x 0.89 in)',b'90 g (3.17 oz)',b'Mini-SIM',"b'CSTN, 65K colors'",b'',"b'128 x 160 pixels, 12 lines'",b'No',b'250',"b'20 dialed, 10 received, 10 missed calls'",,,,,,b'No',b'No',b'No',b'No',b'No',b'No',b'',b'',"b'SMS, EMS, MMS'",b'WAP 2.0/xHTML',b'3',b'No',b'Animated screensavers Color backgrounds',b'Removable Li-Ion 750 mAh battery',b'Up to 100 h',b'Up to 3 h',,"b'2 - Silver, Red'",,b'Class 8',b'No',b'No',,"b'Vibration; Downloadable polyphonic, Hi-Fi ringtones'",b'Predictive text input Organizer',,b'Yes',,,,,,,
b'sagem',b'Sagem MY X3-2',b'https://fdn2.gsmarena.com/vv/bigpic/samyx32.gif',b'GSM',b'GSM 900 / 1800',,,"b'2004, Q1'",b'Discontinued',b'100 x 45 x 21 mm (3.94 x 1.77 x 0.83 in)',b'89 g (3.14 oz)',b'Mini-SIM',"b'CSTN, 4096 colors'",b'',b'101 x 80 pixels',b'No',b'1500',"b'20 dialed, 20 received, 20 missed calls'",,,,,,b'No',b'No',b'No',b'No',b'No',b'No',b'',b'',"b'SMS, EMS, MMS, Email'",b'WAP 1.2.1',"b'2 - Picture Puzzle, MegaBox Conquest + downloadable'",b'No',b'GSM 850 / 1900 - MY X3-2a',b'Removable Li-Ion battery',b'Up to 340 h',b'Up to 5 h',,"b'4 - Silver, Light blue, Purple and White'",,b'Class 8',b'No',b'Downloadable logos',,"b'Vibration; Downloadable polyphonic, Hi-Fi ringtones'",b'Predictive text input Calculator Currency converter Interchangeable front and back covers',,,,,,,,,
b'sagem',b'Sagem MY X-7',b'https://fdn2.gsmarena.com/vv/bigpic/samyx7.gif',b'GSM',b'GSM 900 / 1800 / 1900',,,"b'2004, Q1'",b'Discontinued',"b'110 x 46 x 22 mm, 111 cc (4.33 x 1.81 x 0.87 in)'",b'106 g (3.74 oz)',b'Mini-SIM',"b'TFT, 65K colors'",b'',"b'128 x 160 pixels, 12 lines'",b'No',"b'300 x 9 fields, Photo call'","b'20 dialed, 10 received, 10 missed calls'",b'VGA',,b'Yes',,,b'No',b'No',b'No',b'No',b'No',b'No',b'',b'',"b'SMS, EMS, MMS'",b'WAP 2.0/xHTML',"b""2 - Siberian Strike, Guio's Tale + Java downloadable""","b'Yes, MIDP 2.0'",b'Animated screensavers Color backgrounds',b'Removable Li-Ion 1050 mAh battery',b'Up to 310 h',b'Up to 4 h 30 min',,b'',,b'Class 10',b'No',b'No',b'4MB',"b'Vibration; Downloadable polyphonic, Hi-Fi ringtones'",b'Predictive text input Organizer Chronometer Voice memo (30 sec.) Changeable covers',,b'Yes',,,,,,,
b'sagem',b'Sagem MY V-65',b'https://fdn2.gsmarena.com/vv/bigpic/samyv65.gif',b'GSM',b'GSM 900 / 1800 / 1900',,,"b'2003, Q4'",b'Discontinued',b'110 x 46 x 22 mm (4.33 x 1.81 x 0.87 in)',b'106 g (3.74 oz)',b'Mini-SIM',"b'TFT, 65K colors'",b'',b'128 x 160 pixels',b'No',b'In shared memory',"b'15 dialed, 15 received, 15 missed calls'",b'VGA',,b'No',,,b'Yes',b'No',b'No',b'No',b'No',b'No',b'',b'',"b'SMS, MMS'",b'WAP 1.2.1',b'Yes + Java downloadable',b'Yes',b'Animated screensavers Color backgrounds',b'Removable Li-Ion 1050 mAh battery',b'Up to 310 h',b'Up to 4 h 30 min',,b'',,b'Yes',b'No',b'100 short messages',b'4MB',"b'Vibration; Downloadable polyphonic, Hi-Fi ringtones'",b'Predictive text input PCSync Organizer',,b'Yes',,,,,,,
b'sagem',b'Sagem MY C-1',b'https://fdn2.gsmarena.com/vv/bigpic/samyc1.gif',b'GSM',b'GSM 900 / 1800',,,"b'2003, Q4'",b'Discontinued',b'86 x 44 x 20 mm (3.39 x 1.73 x 0.79 in)',b'80 g (2.82 oz)',b'Mini-SIM',b'Monochrome graphic',b'',"b'96 x 64 pixels, 7 lines, 3:2 ratio'",b'No',b'Yes',"b'20 received, dialed and missed calls'",,,,,,b'No',b'No',b'No',b'No',b'No',b'No',b'',b'',b'SMS',b'',b'1',b'No',b'No',b'Removable Li-Ion battery',b'Up to 200 h',b'Up to 2 h 30 min',,b'',,b'No',b'No',b'Predictive text input Organizer',,b'Vibration; Downloadable polyphonic ringtones',,,,,,,,,,
b'sagem',b'Sagem MY X-1w',b'https://fdn2.gsmarena.com/vv/bigpic/samyx1w.gif',b'GSM',b'GSM 900 / 1800',,,"b'2003, Q4'",b'Discontinued',b'106 x 47 x 21 mm (4.17 x 1.85 x 0.83 in)',b'93 g (3.28 oz)',b'Mini-SIM',b'Monochrome graphic',b'',"b'64 x 96 pixels, 7 lines, 3:2 ratio'",b'No',b'Yes',"b'10 dialed, 10 received, 10 missed calls'",,,,,,b'Yes',b'No',b'No',b'No',b'No',b'No',b'',b'',"b'SMS, EMS'",b'WAP 1.2.1',b'Yes',b'No',b'Four way navigation keys Downloadable logos',b'Removable Li-Ion battery',b'Up to 240 h',b'Up to 3 h',,b'',,b'Class 4',b'No',b'No',,b'Downloadable polyphonic ringtones',b'Predictive text input Organizer Interchangeable front and back covers',,,,,,,,,
b'sagem',b'Sagem MY C-2',b'https://fdn2.gsmarena.com/vv/bigpic/samyc2.gif',b'GSM',b'GSM 900 / 1800',,,"b'2003, Q4'",b'Discontinued',b'82 x 42 x 23 mm (3.23 x 1.65 x 0.91 in)',b'90 g (3.17 oz)',b'Mini-SIM',"b'CSTN, 256 colors'",b'',"b'101 x 80 pixels, 6 lines'",b'No',"b'250 entries, contact groups'","b'20 received, dialed and missed calls'",,,,,,b'Yes',b'No',b'No',b'No',b'No',b'No',b'',b'',"b'SMS, EMS'",b'WAP 1.2.1',b'1 - Picture puzzle',b'No',b'Backgrounds and screensavers',b'Removable Li-Ion battery',b'Up to 190 h',b'Up to 3 h',,b'',,b'No',b'No',b'100 short messages Message templates',,"b'Vibration; Downloadable polyphonic, Hi-Fi ringtones'",b'Predictive text input Calculator Currency converter',,,,,,,,,
b'sagem',b'Sagem MY C-6',b'https://fdn2.gsmarena.com/vv/bigpic/samyc6.gif',b'GSM',b'GSM 900 / 1800',,,"b'2003, Q3'",b'Discontinued',b'84 x 46 x 22 mm (3.31 x 1.81 x 0.87 in)',b'86 g (3.03 oz)',b'Mini-SIM',"b'TFT, 65K colors'",b'',"b'160 x 120 pixels, 4:3 ratio'",b'No',b'300',"b'10 dialed, 10 received, 10 missed calls'",,,,,,b'No',b'No',b'No',b'No',b'No',b'No',b'',b'',"b'SMS, EMS, MMS'",b'WAP',b'',b'No',"b'Second external display, 84 x 40 pixels, SNT Four way navigation keys Downloadable screensavers'",b'Removable Li-Ion 750 mAh battery',b'Up to 140 h',b'Up to 4 h',,b'',,b'Class 8',b'No',b'No',,b'Vibration; Polyphonic(16) ringtones',b'Predictive text input Calculator',,b'Yes',,,,b'Yes',b'Yes',,
b'sagem',b'Sagem MY C-5w',b'https://fdn2.gsmarena.com/vv/bigpic/samyc5w.gif',b'GSM',b'GSM 900 / 1800',,,"b'2003, Q3'",b'Discontinued',b'88 x 44 x 20 mm (3.46 x 1.73 x 0.79 in)',b'80 g (2.82 oz)',b'Mini-SIM',"b'CSTN, 256 colors'",b'',"b'101 x 80 pixels, 6 lines'",b'No',b'300',"b'10 dialed, 10 received, 10 missed calls'",,,,,,b'No',b'No',b'No',b'No',b'No',b'No',b'',b'',"b'SMS, EMS'",b'WAP 1.2.1',"b'2 - MegaBox Conquest, Picture puzzle'",b'No',b'Backgrounds and screensavers',b'Removable Li-Po 1000 mAh battery',b'Up to 200 h',b'Up to 3 h',,b'',,b'Class 8',b'No',b'No',,"b'Vibration; Downloadable polyphonic, Hi-Fi ringtones'",b'Predictive text input Calculator Currency converter',,b'Yes',,,,b'Yes',b'Yes',,
b'sagem',b'Sagem MY X-2',b'https://fdn2.gsmarena.com/vv/bigpic/samyx2.gif',b'GSM',b'GSM 900 / 1800',,,"b'2003, Q3'",b'Discontinued',b'99 x 45 x 21 mm (3.90 x 1.77 x 0.83 in)',b'89 g (3.14 oz)',b'Mini-SIM',"b'CSTN, 256 colors'",b'',"b'101 x 80 pixels, 6 lines'",b'No',b'250',"b'20 received, dialed and missed calls'",,,,,,b'Yes',b'No',b'No',b'No',b'No',b'No',b'',b'',"b'SMS, EMS'",b'WAP 1.2.1',b'Yes - Picture Puzzle',b'No',b'Screensavers and backgrounds',b'Removable Li-Ion battery',b'up to 340 h',b'up to 5 h',,b'',,b'No',b'No',b'100 short messages Message templates',,"b'Vibration; Downloadable polyphonic, Hi-Fi ringtones'",b'Predictive text input Calculator Currency converter Interchangeable front and back covers',,,,,,b'Yes',b'Yes',,
b'sagem',b'Sagem MY X-6',b'https://fdn2.gsmarena.com/vv/bigpic/samyx6.gif',b'GSM',b'GSM 900 / 1800',,,"b'2003, Q1'",b'Discontinued',"b'110 x 46 x 22 mm, 111 cc (4.33 x 1.81 x 0.87 in)'",b'106 g (3.74 oz)',b'Mini-SIM',"b'TFT, 65K colors'",b'',"b'128 x 160 pixels, 12 lines'",b'No',"b'In shared memory, Photo call'","b'20 dialed, 10 received, 10 missed calls'",b'VGA',,b'No',,,b'Yes',b'No',b'No',b'No',b'No',b'No',b'',b'',"b'SMS, EMS 5.0, MMS'",b'WAP 1.2.1',b'Yes + In-Fusio downloadable',b'No',b'65K colors Animated screensavers Color backgrounds',b'Removable Li-Ion 1050 mAh battery',b'Up to 310 h',b'Up to 4 h 40 min',,b'',,b'Class 10',b'No',b'100 short messages',b'2.3MB',"b'Vibration; Downloadable polyphonic, Hi-Fi ringtones'","b'Predictive text input Organizer Voice memo Interchangeable covers Formats: BMP, JPEG, PNG, GIF, animated GIF, Midi, iMelody, Wave, AMR'",,b'Yes',,,,b'Yes',b'Yes',,
b'sagem',b'Sagem MY G5',b'https://fdn2.gsmarena.com/vv/bigpic/samyg5.gif',b'GSM',b'GSM 900 / 1800',,,b'2002',b'Discontinued',"b'105 x 46 x 20 mm, 77 cc (4.13 x 1.81 x 0.79 in)'",b'92 g (3.25 oz)',b'Mini-SIM',"b'CSTN, 256 colors'",b'',"b'101 x 80 pixels, 8 lines'",b'No',b'300',"b'10 dialed, 10 received, 10 missed calls'",,,,,,b'Yes',b'No',b'No',b'No',b'No',b'No',b'',b'',"b'SMS, EMS, MMS (MY G5m only)'",b'WAP 1.2',b'Yes',b'Yes',b'Softkeys 3D animated icons 50 icons (17 downloadable)',b'Removable Li-Ion battery',b'240 h',b'4 h',,b'',,b'Yes',b'No',b'100 short messages',,b'Vibration; Downloadable polyphonic ringtones',b'Predictive text input Calculator Currency converter Interchangeable front and back covers',,b'Yes',,,,b'Yes',b'Yes',,
b'sagem',b'Sagem MY X-3',b'https://fdn2.gsmarena.com/vv/bigpic/samyx3.gif',b'GSM',b'GSM 900 / 1800',,,b'2002',b'Discontinued',"b'106 x 46 x 20 mm, 79 cc (4.17 x 1.81 x 0.79 in)'",b'92 g (3.25 oz)',b'Mini-SIM',b'Monochrome graphic',b'',"b'96 x 64 pixels, 3:2 ratio'",b'No',b'200',"b'20 dialed, 20 received, 20 missed calls'",,,,,,b'No',b'No',b'No',b'No',b'No',b'No',b'',b'',"b'SMS, EMS'",b'WAP 1.2',"b'2 - Picture Puzzle, MegaBox Conquest + downloadable'",b'No',b'Blue backlight Downloadable animated  screensavers',b'Removable Li-Ion battery',b'240 h',b'4 h',,b'',,b'Class 8',b'No',b'100 short messages 50 EMS pictures',,"b'Vibration; Downloadable monophonic ringtones, composer'",b'Predictive text input Calculator Currency converter Interchangeable front and back covers',,,,,,b'Yes',b'Yes',,
b'sagem',b'Sagem MY X-5',b'https://fdn2.gsmarena.com/vv/bigpic/samyx5.gif',b'GSM',b'GSM 900 / 1800',,,b'2002',b'Discontinued',"b'105 x 46 x 20 mm, 77 cc (4.13 x 1.81 x 0.79 in)'",b'92 g (3.25 oz)',b'Mini-SIM',"b'CSTN, 256 colors'",b'',"b'101 x 80 pixels, 8 lines'",b'No',b'300 x 3 numbers',"b'10 dialed, 10 received, 10 missed calls'",,,,,,b'Yes',b'No',b'No',b'No',b'No',b'No',b'',b'',"b'SMS, EMS, MMS'",b'WAP 1.2.1',b'Downloadable',b'No',b'Dynamic font size Softkeys 3D animated icons 30 icons + downloadable',b'Removable Li-Ion 720 mAh battery',b'240 h',b'up to 4 h',,b'',,b'Class 10',b'No',b'100 short messages',,b'Vibration; Downloadable polyphonic ringtones',b'Predictive text input Calculator Currency converter Interchangeable front and back covers',,b'Yes',,,,b'Yes',b'Yes',,
b'sagem',b'Sagem MY 3078',b'https://fdn2.gsmarena.com/vv/bigpic/samy3078.gif',b'GSM',b'GSM 900 / 1800',,,b'2002',b'Discontinued',b'23 x 45 x 75 mm (0.91 x 1.77 x 2.95 in)',b'85 g (3.00 oz)',b'Mini-SIM',b'Monochrome graphic',b'',"b'96 x 64 pixels, 8 lines, 3:2 ratio'",b'No',b'200',"b'10 dialed, 10 received, 10 missed calls'",,,,,,b'No',b'No',b'No',b'No',b'No',b'No',b'',b'',b'SMS',b'WAP 1.1',"b'Megabox Conquest, Picture Puzzle, Mini Golf'",b'No',b'Softkeys 3D animated screensavers 20 downloadable screens 10 downloadable icons (group calling)',b'Removable Li-Ion battery',b'up to 180 h',b'up to 2 h 15 min',,b'',,b'No',b'No',b'No',,b'Vibration; Downloadable monophonic ringtones',b'Predictive text input Downloadable games Calculator Currency converter',,b'Yes',,,,b'Yes',b'Yes',,
b'sagem',b'Sagem MW 3026',b'https://fdn2.gsmarena.com/vv/bigpic/samw3026.gif',b'GSM',b'GSM 900 / 1800',,,b'2001',b'Discontinued',b'105 x 50 x 23 mm (4.13 x 1.97 x 0.91 in)',b'112 g (3.95 oz)',b'Mini-SIM',b'Monochrome graphic',b'',b'up to 8 lines',b'No',b'50',b'',,,,,,b'Yes',b'No',b'No',b'No',b'No',b'No',b'',b'',b'SMS',b'WAP 1.1',b'3',b'No',b'Blue backlight Softkeys 3D animated icons',b'Removable NiMH battery',b'185 h',b'3 h',,b'',,b'No',b'No',b'10 short messages',,b'Vibration; Downloadable monophonic ringtones',b'Predictive text input Calculator Curency converter',,,,,,b'Yes',b'Yes',,
b'sagem',b'Sagem MW 3052',b'https://fdn2.gsmarena.com/vv/bigpic/samw3052.gif',b'GSM',b'GSM 900 / 1800',,,b'2001',b'Discontinued',b'105 x 50 x 23 mm (4.13 x 1.97 x 0.91 in)',b'100 g (3.53 oz)',b'Mini-SIM',b'Monochrome graphic',b'',b'up to 8 lines',b'No',b'100',"b'10 dialed, 10 received, 10 missed calls'",,,,,,b'Yes',b'No',b'No',b'No',b'No',b'No',b'',b'',b'SMS',b'WAP 1.1',b'3',b'No',b'Blue backlight Softkeys 3D animated icons',b'Removable Li-Ion battery',b'200 h',b'3 h',,b'',,b'Class 4',b'No',b'10 short messages',,b'Vibration; Downloadable monophonic ringtones',b'Predictive text input Calculator Curency converter',,b'Yes',,,,b'Yes',b'Yes',,
b'sagem',b'Sagem MW 3042',b'https://fdn2.gsmarena.com/vv/bigpic/samw3042.gif',b'GSM',b'GSM 900 / 1800',,,b'2001',b'Discontinued',"b'105 x 45 x 18 mm, 79 cc (4.13 x 1.77 x 0.71 in)'",b'97 g (3.42 oz)',b'Mini-SIM',b'Monochrome graphic',b'',b'up to 8 lines',b'No',b'100',"b'10 dialed, 10 received, 10 missed calls'",,,,,,b'Yes',b'No',b'No',b'No',b'No',b'No',b'',b'',b'SMS',b'WAP 1.1',b'3',b'No',b'Blue backlight Softkeys 3D animated icons',b'Removable NiMH battery',b'207 h',b'3 h 45 min',,b'',,b'No',b'No',b'10 short messages',,b'Vibration; Downloadable monophonic ringtones',b'Predictive text input Calculator Curency converter Interchangeable front covers',,,,,,b'Yes',b'Yes',,
b'sagem',b'Sagem MW 3040',b'https://fdn2.gsmarena.com/vv/bigpic/samw3040.gif',b'GSM',b'GSM 900 / 1800',,,b'2001',b'Discontinued',"b'105 x 45 x 18 mm, 79 cc (4.13 x 1.77 x 0.71 in)'",b'97 g (3.42 oz)',b'Mini-SIM',b'Monochrome graphic',b'',b'up to 8 lines',b'No',b'100',b'',,,,,,b'Yes',b'No',b'No',b'No',b'No',b'No',b'',b'',b'SMS',b'WAP',b'3',b'No',b'Blue backlight Softkeys 3D animated icons',b'Removable NiMH battery',b'170 h',b'4 h 30 min',,b'',,b'No',b'No',b'10 short messages',,b'Vibration; Downloadable monophonic ringtones',b'Predictive text input Calculator Curency converter Interchangeable front covers',,,,,,b'Yes',b'Yes',,
b'sagem',b'Sagem MW X1',b'https://fdn2.gsmarena.com/vv/bigpic/samwx1.gif',b'GSM',b'GSM 900 / 1800',,,b'2001',b'Discontinued',b'140 x 57 x 20 mm (5.51 x 2.24 x 0.79 in)',b'180 g (6.35 oz)',b'Mini-SIM',b'Monochrome graphic',b'',"b'124 x 68 pixels, up to 8 lines, 17:9 ratio'",b'No',b'100',"b'20 dialed, 20 received, 20 missed calls'",,,,,,b'Yes',b'No',b'No',b'No',b'No',b'No',b'',b'',b'SMS',b'WAP',b'Yes',b'No',b'Softkeys',b'Removable Li-Ion 800 mAh battery',b'150 h',b'300 min',,b'',,b'No',b'No',b'20 SMS messages',,b'Vibration; Monophonic ringtones',b'Predictive text input Calculator Curency converter',,b'Yes',,,,b'Yes',b'Yes',b'600 h (35 g+)',b'-'
b'sagem',b'Sagem WA 3050',b'https://fdn2.gsmarena.com/vv/bigpic/sawa3050.gif',b'GSM',b'GSM 900 / 1800',,,b'2001',b'Discontinued',b'130 x 80 x 17 mm (5.12 x 3.15 x 0.67 in)',b'198 g (6.98 oz)',b'Mini-SIM',b'Greyscale resistive touchscreen',b'',"b'240 x 320 pixels, 60 x 80 mm, 4:3 ratio'",b'No',,,,,,,,b'No',b'No',b'No',b'No',b'No',b'No',b'',b'',,b'WAP 1.1',,,b'No',b'Removable Li-Ion battery',b'170 h',b'130 min',,b'',,b'Yes (for the GPRS model)',b'No',b'MP3 player Predictive text input',,b'Vibration; Downloadable monophonic ringtones',,,b'Yes',,b'Microsoft Windows PocketPC',b'206 MHz ARM SA-1110',b'Yes',b'Yes',,
b'sagem',b'Sagem MW 3020',b'https://fdn2.gsmarena.com/vv/bigpic/samw3020.gif',b'GSM',b'GSM 900 / 1800',,,b'2001',b'Discontinued',"b'105 x 45 x 18 mm, 79 cc (4.13 x 1.77 x 0.71 in)'",b'112 g (3.95 oz)',b'Mini-SIM',b'Monochrome graphic',b'',b'up to 7 lines',b'No',b'50',b'',,,,,,b'Yes',b'No',b'No',b'No',b'No',b'No',b'',b'',b'SMS',b'WAP',b'Yes',b'No',b'Softkeys',b'Removable NiMH battery',b'170 h',b'130 min',,b'',,b'No',b'No',b'10 short messages',,b'Vibration; Downloadable monophonic ringtones',b'Predictive text input Calculator Curency converter',,,,,,b'Yes',b'Yes',,
b'sagem',b'Sagem MC 3000',b'https://fdn2.gsmarena.com/vv/bigpic/samc3000.gif',b'GSM',b'GSM 900 / 1800',,,b'2001',b'Discontinued',"b'105 x 45 x 18 mm, 79 cc (4.13 x 1.77 x 0.71 in)'",b'112 g (3.95 oz)',b'Mini-SIM',b'Monochrome graphic',b'',b'up to 7 lines',b'No',b'40',b'',,,,,,b'Yes',b'No',b'No',b'No',b'No',b'No',b'',b'',b'SMS',b'',b'Yes',b'No',b'Softkeys',b'Removable NiMH battery',b'140 h',b'105 min',,b'',,b'No',b'No',b'10 short messages',,b'Vibration; Downloadable monophonic ringtones',b'Predictive text input Calculator Curency converter',,,,,,b'Yes',b'Yes',,
b'sagem',b'Sagem MC 939 WAP',b'https://fdn2.gsmarena.com/vv/bigpic/samc939b.gif',b'GSM',b'GSM 900 / 1800',,,b'2000',b'Discontinued',b'116 x 45 x 18 mm (4.57 x 1.77 x 0.71 in)',b'117 g (4.13 oz)',b'Mini-SIM',b'Monochrome graphic',b'',b'up to 7 lines',b'No',b'100',b'',,,,,,b'Yes',b'No',b'No',b'No',b'No',b'No',b'',b'',b'SMS',b'WAP',b'Yes',b'No',b'Fixed icons Softkeys',b'Removable Li-Ion battery',b'150 h',b'3 h',,b'',,b'No',b'No',b'20 short messages',,b'Vibration; Downloadable monophonic ringtones',b'Predictive text input Calculator Curency converter',,,,,,b'Yes',b'Yes',,
b'sagem',b'Sagem MC 936',b'https://fdn2.gsmarena.com/vv/bigpic/samc936b.gif',b'GSM',b'GSM 900 / 1800',,,b'2000',b'Discontinued',b'116 x 45 x 18 mm (4.57 x 1.77 x 0.71 in)',b'117 g (4.13 oz)',b'Mini-SIM',b'Monochrome graphic',b'',b'up to 7 lines',b'No',b'100',b'',,,,,,b'Yes',b'No',b'No',b'No',b'No',b'No',b'',b'',b'SMS',b'',b'Yes',b'No',b'Fixed icons Softkeys',b'Removable Li-Ion battery',b'150 h',b'3 h',,b'',,b'No',b'No',b'20 short messages',,b'Vibration; Downloadable monophonic ringtones',b'Predictive text input Calculator Curency converter',,,,,,b'Yes',b'Yes',,
b'sagem',b'Sagem MC 950',b'https://fdn2.gsmarena.com/vv/bigpic/samc950b.gif',b'GSM',b'GSM 900 / 1800',,,b'2000',b'Discontinued',b'116 x 45 x 18 mm (4.57 x 1.77 x 0.71 in)',b'95 g (3.35 oz)',b'Mini-SIM',b'Monochrome graphic',b'',b'up to 7 lines',b'No',b'250',b'',,,,,,b'Yes',b'No',b'No',b'No',b'No',b'No',b'',b'',b'SMS',b'',b'Yes',b'No',b'Fixed icons Softkeys',b'Removable Li-Ion battery',b'150 h',b'3 h',,b'',,b'No',b'No',b'20 short messages',,b'Vibration; Downloadable monophonic ringtones',b'Predictive text input Calculator Curency converter',,,,,,b'Yes',b'Yes',,
b'sagem',b'Sagem MC 959',b'https://fdn2.gsmarena.com/vv/bigpic/samc959b.gif',b'GSM',b'GSM 900 / 1800',,,b'2000',b'Discontinued',b'116 x 45 x 18 mm (4.57 x 1.77 x 0.71 in)',b'95 g (3.35 oz)',b'Mini-SIM',b'Monochrome graphic',b'',b'up to 7 lines',b'No',b'250',b'',,,,,,b'Yes',b'No',b'No',b'No',b'No',b'No',b'',b'',b'SMS',b'',b'Yes',b'No',b'Fixed icons Softkeys',b'Removable Li-Ion battery',b'150 h',b'3 h',,b'',,b'No',b'No',b'20 short messages',,b'Vibration; Downloadable monophonic ringtones',b'Predictive text input Calculator Curency converter Active flip',,,,,,b'Yes',b'Yes',,
b'sagem',b'Sagem MC 940',b'https://fdn2.gsmarena.com/vv/bigpic/samc940b.gif',b'GSM',b'GSM 900 / 1800',,,b'2000',b'Discontinued',b'116 x 45 x 18 mm (4.57 x 1.77 x 0.71 in)',b'117 g (4.13 oz)',b'Mini-SIM',b'Monochrome graphic',b'',b'up to 7 lines',b'No',b'100',b'',,,,,,b'Yes',b'No',b'No',b'No',b'No',b'No',b'',b'',b'SMS',b'',b'Yes',b'No',b'Fixed icons Softkeys',b'Removable Li-Ion battery',b'160 h',b'3 h',,b'',,b'No',b'No',b'20 short messages',,b'Vibration; Downloadable monophonic ringtones',b'Predictive text input Calculator Curency converter',,,,,,b'Yes',b'Yes',,
b'sagem',b'Sagem MC 932',b'https://fdn2.gsmarena.com/vv/bigpic/samc932b.gif',b'GSM',b'GSM 900 / 1800',,,b'1999',b'Discontinued',b'116 x 45 x 18 mm (4.57 x 1.77 x 0.71 in)',b'117 g (4.13 oz)',b'Mini-SIM',b'Monochrome graphic',b'',b'up to 7 lines',b'No',b'100',b'',,,,,,b'Yes',b'No',b'No',b'No',b'No',b'No',b'',b'',b'SMS',b'',b'Yes',b'No',b'Fixed icons Softkeys',b'Removable Li-Ion battery',b'150 h',b'3 h',,b'',,b'No',b'No',b'20 short messages',,b'Vibration; Downloadable monophonic ringtones',b'Predictive text input Calculator Curency converter',,,,,,b'Yes',b'Yes',,
b'sagem',b'Sagem RC 922',b'https://fdn2.gsmarena.com/vv/bigpic/sarc922b.gif',b'GSM',b'GSM 900 / 1800',,,b'1999',b'Discontinued',b'116 x 45 x 18 mm (4.57 x 1.77 x 0.71 in)',b'121 g (4.27 oz)',b'Mini-SIM',b'Alphanumeric',b'',b'3x 12 chars',b'No',b'100',b'',,,,,,b'Yes',b'No',b'No',b'No',b'No',b'No',b'',b'',b'SMS',b'',b'No',b'No',b'Fixed icons Softkeys',b'Removable NiMH 500 mAh battery',b'130 h',b'3 h',,b'',,b'No',b'No',b'20 short messages',,b'Vibration; Downloadable monophonic ringtones',b'Calculator Curency converter',,,,,,b'Yes',b'Yes',,
b'sagem',b'Sagem MC 912',b'https://fdn2.gsmarena.com/vv/bigpic/samc912b.gif',b'GSM',b'GSM 900 / 1800',,,b'1999',b'Discontinued',b'116 x 45 x 22 mm (4.57 x 1.77 x 0.87 in)',b'117 g (4.13 oz)',b'Mini-SIM',b'Alphanumeric',b'',b'4 x 12 chars',b'No',b'100',b'',,,,,,b'Yes',b'No',b'No',b'No',b'No',b'No',b'',b'',b'SMS',b'',b'No',b'No',b'Fixed icons Softkeys',b'Removable Li-Ion battery',b'130 h',b'3 h',,b'',,b'No',b'No',b'20 short messages',,b'Vibration; Downloadable monophonic ringtones',b'Calculator Curency converter',,,,,,b'Yes',b'Yes',,
b'sagem',b'Sagem MC 850',b'https://fdn2.gsmarena.com/vv/bigpic/samc850b.gif',b'GSM',b'GSM 900 / 1800',,,b'1998',b'Discontinued',b'132 x 50 x 21 mm (5.20 x 1.97 x 0.83 in)',b'137 g (4.83 oz)',b'Mini-SIM',b'Monochrome graphic',b'',b'3 x 12 chars',b'No',b'100',b'',,,,,,b'Yes',b'No',b'No',b'No',b'No',b'No',b'',b'',b'SMS',b'',b'No',b'No',b'Fixed icons Softkeys',b'Removable Li-Ion battery',b'140 h',b'5 h',,b'',,b'No',b'No',b'No',,b'Vibration; Monophonic ringtones',b'Predictive text input Calculator Curency converter',,,,,,b'Yes',b'Yes',,
b'sagem',b'Sagem MC 825 FM',b'https://fdn2.gsmarena.com/vv/bigpic/sa825fmb.gif',b'GSM',b'GSM 900 / 1800',,,b'1998',b'Discontinued',b'132 x 50 x 26 mm (5.20 x 1.97 x 1.02 in)',b'152 g (5.36 oz)',b'Mini-SIM',b'Alphanumeric',b'',b'3 x 12 chars',b'No',b'100',b'',,,,,,b'Yes',b'No',b'No',b'No',b'No',b'FM radio',b'',b'',b'SMS',b'',b'No',b'No',b'Fixed icons Softkeys',b'Removable NiMH battery',b'90 h',b'3 h',,b'',,b'No',b'No',b'6 FM stations',,b'Vibration; Monophonic ringtones',b'Calculator Curency converter',,,,,,b'Yes',b'Yes',,
b'sagem',b'Sagem MC 820',b'https://fdn2.gsmarena.com/vv/bigpic/samc820b.gif',b'GSM',b'GSM 900 / 1800',,,b'1998',b'Discontinued',b'130 x 50 x 26 mm (5.12 x 1.97 x 1.02 in)',b'135 g (4.76 oz)',b'Mini-SIM',b'Alphanumeric',b'',b'3 x 12 chars',b'No',b'100',b'',,,,,,b'Yes',b'No',b'No',b'No',b'No',b'No',b'',b'',b'SMS',b'',b'No',b'No',b'Fixed icons Softkeys',b'Removable NiMH battery',b'90 h',b'3 h',,b'',,b'No',b'No',b'No',,b'Vibration; Monophonic ringtones',b'Calculator',,,,,,b'Yes',b'Yes',,
b'sagem',b'Sagem RC 750',b'https://fdn2.gsmarena.com/vv/bigpic/sarc750b.gif',b'GSM',b'GSM 900',,,b'1998',b'Discontinued',b'140 x 50 x 21 mm (5.51 x 1.97 x 0.83 in)',b'158 g (5.57 oz)',b'Mini-SIM',b'Alphanumeric',b'',b'3 x 12 chars',b'No',b'100',b'',,,,,,b'No',b'No',b'No',b'No',b'No',b'No',b'',b'',b'SMS',b'',b'No',b'No',b'Fixed icons',b'Removable NiMH 600 mAh battery',b'80 h',b'150 min',,b'',,b'No',b'No',b'No',,b'Vibration; Monophonic ringtones',b'Calculator Voice memo Serial cable',,,,,,b'Yes',b'Yes',,
b'sagem',b'Sagem RC 730',b'https://fdn2.gsmarena.com/vv/bigpic/sarc730b.gif',b'GSM',b'GSM 900',,,b'1997',b'Discontinued',b'140 x 50 x 21 mm (5.51 x 1.97 x 0.83 in)',b'158 g (5.57 oz)',b'Mini-SIM',b'Alphanumeric',b'',b'3 x 12 chars',b'No',b'100',b'',,,,,,b'No',b'No',b'No',b'No',b'No',b'No',b'',b'',b'SMS',b'',b'No',b'No',b'Fixed icons',b'Removable NiMH 600 mAh battery',b'70 h',b'150 min',,b'',,b'No',b'No',b'No',,b'Monophonic ringtones',b'Calculator',,,,,,b'Yes',b'Yes',,
