Brand,Model Name,Model Image,Technology,2G bands,,3G bands,_1,4G bands,5G bands,Speed,Announced,Status,Dimensions,Weight,Build,SIM,_1_1,Type,Size,Resolution,Protection,OS,Chipset,CPU,GPU,Card slot,Internal,Quad,Features,Video,Single,Features_1,Video_1,Loudspeaker,3.5mm jack,WLAN,Bluetooth,GPS,NFC,Radio,USB,Sensors,Type_1,Charging,Colors,Models,SAR,SAR EU,Price,Performance,Display,Camera,Loudspeaker_1,Battery life,128GB 12GB RAM,256GB 12GB RAM,512GB 16GB RAM,Triple,128GB 8GB RAM,256GB 8GB RAM,32GB 3GB RAM,64GB 4GB RAM,128GB 4GB RAM,Dual,128GB 6GB RAM,Single_1,512GB 12GB RAM,8GB 1GB RAM,16GB 1GB RAM,32GB 2GB RAM,64GB 6GB RAM,Audio quality,512GB 8GB RAM,16GB 2GB RAM,4GB 768MB RAM,4GB 1.5GB RAM,GPRS,EDGE,1TB 12GB RAM,32GB 4GB RAM,Triple_1,Dual_1,Stand-by,Talk time,Music play,256GB 6GB RAM,256GB 4GB RAM,Infrared port,Talk time_1,Phonebook,Call records,Messaging,Games,Java,Keyboard,Browser,Stand-by_1,Alert types,Clock,Alarm,Languages
b'siemens',b'Siemens AL21',b'https://fdn2.gsmarena.com/vv/bigpic/siemens-al21.gif',b'GSM',b'GSM 900 / 1800 / 1900',b'GSM 850 / 1800 / 1900 - US version',,b'No',,,,"b'2005, November'",b'Discontinued',b'86.8 x 45.8 x 19.2 mm (3.42 x 1.80 x 0.76 in)',b'78 g (2.75 oz)',,b'Mini-SIM',b'Predictive text input Organizer',"b'TFT, 65K colors'",b'',"b'130 x 130 pixels, 1:1 ratio'",,,,,,b'No',b'1.5MB',,,,,,,b'Yes',b'No',b'No',b'No',b'No',,b'No',b'Proprietary',b'',b'Removable Li-Ion 600 mAh battery',,"b'Red Temptation, Black Magic'",,,,,,,,,,,,,,,,,,,,,,,,,,,,,,,,b'Class 8',b'No',,,,,b'Up to 220 h',b'Up to 5 h',,,,,,b'Yes',"b'10 dialed, 10 received, 10 missed calls'","b'SMS, EMS, MMS'",b'Yes + downloadable',"b'Yes, MIDP 1.0'",,b'WAP 1.2.1',,b'Vibration; Polyphonic(32) ringtones',,,
b'siemens',b'Siemens A31',b'https://fdn2.gsmarena.com/vv/bigpic/siemens-a31.gif',b'GSM',b'GSM 900 / 1800',b'GSM 850 / 1900 - US version',,b'No',,,,"b'2005, November'",b'Discontinued',"b'102 x 46 x 17.6 mm, 75 cc (4.02 x 1.81 x 0.69 in)'",b'85 g (3.00 oz)',,b'Mini-SIM',b'Predictive text input Organizer',"b'CSTN, 65K colors'",b'',"b'128 x 128 pixels, 1:1 ratio'",,,,,,b'No',b'1.5MB',,,,,,,b'Yes',b'No',b'No',b'No',b'No',,b'No',b'No',b'',b'Removable Li-Ion 820 mAh battery',,"b'Anthracite, Ruby Red'",,,,,,,,,,,,,,,,,,,,,,,,,,,,,,,,b'Class 8',b'No',,,,,b'Up to 270 h',b'Up to 5 h',,,,,,b'Yes',"b'10 dialed, 10 received, 10 missed calls'","b'SMS, EMS, MMS'",b'Yes + downloadable',"b'Yes, MIDP 1.0'",,b'WAP 1.2.1',,b'Vibration; Polyphonic(32) ringtones',,,
b'siemens',b'Siemens AF51',b'https://fdn2.gsmarena.com/vv/bigpic/siemens-af51.gif',b'GSM',b'GSM 900 / 1800 / 1900',"b'Second external 65K colors display, CSTN (96 x 64 pixels)'",,b'No',,,,"b'2005, November'",b'Discontinued',b'79 x 41 x 19.6 mm (3.11 x 1.61 x 0.77 in)',b'80 g (2.82 oz)',,b'Mini-SIM',b'Predictive text input Organizer Voice dial',"b'CSTN, 65K colors'",b'',"b'130 x 130 pixels, 1:1 ratio'",,,,,,b'No',,,,,,,,b'Yes',b'No',b'No',b'No',b'No',,b'No',b'',b'',b'Removable Li-Ion 620 mAh battery',,"b'Panther Black, Dolphin Grey'",,,,,,,,,,,,,,,,,,,,,,,,,,,,,,,,b'Class 8',b'No',,,,,b'Up to 220 h',b'Up to 5 h',,,,,,b'Yes',"b'10 dialed, 10 received, 10 missed calls'","b'SMS, MMS'",b'Yes + downloadable',"b'Yes, MIDP 1.0'",,b'WAP 1.2.1',,b'Vibration; Polyphonic(32) ringtones',,,
b'siemens',b'Siemens ME75',b'https://fdn2.gsmarena.com/vv/bigpic/siemens-me75.gif',b'GSM',b'GSM 900 / 1800 / 1900',"b'Dust, shock and splash resistant'",,b'No',,,,"b'2005, October'",b'Discontinued',b'105 x 46 x 18 mm (4.13 x 1.81 x 0.71 in)',b'95 g (3.35 oz)',,b'Mini-SIM',b'Organizer SyncML Voice memo Predictive text input',"b'TFT, 65K colors'",b'',"b'132 x 176 pixels, 4:3 ratio'",,,,,,b'No',b'10MB',,,b'Yes',b'VGA',,,b'Yes',b'No',b'No',b'No',b'No',,b'No',b'Proprietary',b'',b'Removable Li-Ion 1000 mAh battery',,"b'Amazon Green, Atlas Grey'",,,,,,,,,,,,,,,,,,,,,,,,,,,,,,,,b'Class 10',b'No',,,,,b'Up to 450 h',b'Up to 8 h',,,,b'Yes',,"b'1000 x 20 fields, Photo call'","b'100 dialed, 100 received, 100 missed calls'","b'SMS, MMS, Email, Instant Messaging'",b'Yes + downloadable',b'Yes',,b'WAP 2.0/xHTML',,b'Vibration; Downloadable polyphonic ringtones',,,
b'siemens',b'Siemens AP75',b'https://fdn2.gsmarena.com/vv/bigpic/siemens-ap75.gif',b'GSM',b'GSM 900 / 1800 / 1900',b'5-way navigation key',,b'500 KB free memory',,,,"b'2005, October'",b'Discontinued',b'102 x 44 x 18 mm (4.02 x 1.73 x 0.71 in)',b'86 g (3.03 oz)',,b'Mini-SIM',b'Predictive text input Organizer',"b'CSTN, 65K colors'",b'',"b'128 x 128 pixels, 1:1 ratio'",,,,,,b'No',,,,b'No',b'CIF',,,b'Yes',b'No',b'No',b'Yes',b'No',,b'No',b'Proprietary',b'',b'Removable Li-Ion 860 mAh battery',,b'Cosmic Grey',,,,,,,,,,,,,,,,,,,,,,,,,,,,,,,,b'Class 10',b'No',,,,,b'Up to 161 h',b'Up to 5 h 40 min',,,,,,b'Yes',"b'10 dialed, 10 received, 10 missed calls'","b'SMS, EMS, MMS'",b'Yes',b'No',,b'WAP 2.0/xHTML',,b'Vibration; Downloadable polyphonic ringtones',,,
b'siemens',b'Siemens AX72',b'https://fdn2.gsmarena.com/vv/bigpic/siemens-ax72.gif',b'GSM',b'GSM 900 / 1800 / 1900',b'5-way navigation key',,b'1.5 MB free memory',,,,"b'2005, October'",b'Discontinued',b'105.6 x 46.8 x 17.5 mm (4.16 x 1.84 x 0.69 in)',b'79 g (2.79 oz)',,b'Mini-SIM',b'Predictive text input Organizer',"b'CSTN, 65K colors'",b'',"b'128 x 128 pixels, 1:1 ratio'",,,,,,b'No',,,,,,,,b'Yes',b'No',b'No',b'No',b'No',,b'No',b'Proprietary',b'',b'Removable Li-Ion 600 mAh battery',,b'Basalt Black',,,,,,,,,,,,,,,,,,,,,,,,,,,,,,,,b'Class 8',b'No',,,,,b'Up to 220 h',b'Up to 5 h',,,,,,b'Yes',"b'10 dialed, 10 received, 10 missed calls'","b'SMS, EMS, MMS'",b'Yes',"b'Yes, MIDP 1.0'",,b'WAP 1.2.1',,b'Vibration; Downloadable polyphonic ringtones',,,
b'siemens',b'Siemens SG75',b'https://fdn2.gsmarena.com/vv/bigpic/siemens-sg75.gif',b'GSM / UMTS',b'GSM 900 / 1800 / 1900',b'CIF videocall camera',b'UMTS 2100',b'Video telephony MP3 player Predictive text input Organizer',,,"b'Yes, 384 kbps'","b'2005, Sep'",b'Cancelled',"b'98 x 49.5 x 23 mm, 104 cc (3.86 x 1.95 x 0.91 in)'",b'123 g (4.34 oz)',,b'Mini-SIM',,"b'TFD, 256K colors'","b'2.0 inches, 30 x 40 mm, 12.6 cm2 (~26.0% screen-to-body ratio)'",b'176 x 220 pixels (~141 ppi density)',,,,,,b'RS-MMC',b'70MB',,,b'Yes',b'1.3 MP',,,b'No',b'No',b'No',b'Yes',b'No',,b'No',b'Proprietary',b'',b'Removable Li-Po 920 mAh battery',,b'Metallic White',,,,,,,,,,,,,,,,,,,,,,,,,,,,,,,,,,,,,,b'Up to 325 h',b'Up to 3 h 20 min',,,,,,b'Yes',"b'10 dialed, 10 received, 10 missed calls'","b'SMS, MMS, EMail, Instant Messaging'",b'Yes + downloadable',"b'Yes, MIDP 2.0'",,b'WAP 2.0/xHTML',,"b'Vibration; Downloadable polyphonic, MP3 ringtones'",,,
b'siemens',b'Siemens SFG75',b'https://fdn2.gsmarena.com/vv/bigpic/siemens-sfg75.gif',b'GSM / UMTS',b'GSM 900 / 1800',"b'Second CSTN display (96 x 96 pixels), 65K colors Wallpapers Downloadable pictures'",b'UMTS 2100',b'CIF videocall camera',,,"b'Yes, 384 kbps'","b'2005, Sep'",b'Discontinued',"b'90 x 45 x 24 mm, 97 cc (3.54 x 1.77 x 0.94 in)'",b'110 g (3.88 oz)',,b'Mini-SIM',b'Video telephony MP3/MP4 player Predictive text input Organizer',"b'TFT, 256K colors'","b'2.0 inches, 30 x 40 mm, 12.6 cm2 (~31.1% screen-to-body ratio)'",b'176 x 220 pixels (~141 ppi density)',,,,,,b'miniSD',b'32MB',,b'LED flash',b'Yes',b'1.3 MP',,,b'No',b'No',b'No',b'Yes',b'No',,b'No',b'Proprietary',b'',b'Removable Li-Ion 840 mAh battery',,b'Silver Black',,,,,,,,,,,,,,,,,,,,,,,,,,,,,,,,,,,,,,b'Up to 250 h',b'Up to 3 h',,,,b'Yes',,"b'Yes, Photo call'","b'10 dialed, 10 received, 10 missed calls'","b'SMS, MMS, Email'",b'Yes',"b'Yes, MIDP 2.0'",,b'WAP 2.0/xHTML',,"b'Vibration; Downloadable polyphonic, MP3 ringtones'",,,
b'siemens',b'Siemens CC75',b'https://fdn2.gsmarena.com/vv/bigpic/siemens-cc75.gif',b'GSM',b'GSM 900 / 1800 / 1900',b'5-way navigation key',,b'No',,,,"b'2005, August'",b'Cancelled',"b'111 x 44 x 12.6 mm, 65 cc (4.37 x 1.73 x 0.50 in)'",b'80 g (2.82 oz)',,b'Mini-SIM',b'Predictive text input Organizer Birthday reminder Voice memo',"b'TFT, 65K colors'",b'',b'128 x 160 pixels',,,,,,b'No',b'3MB',,,,,,,b'No',b'No',b'No',b'No',b'No',,b'No',b'Proprietary',b'',b'Removable Li-Ion 800 mAh battery (EBA-720)',,b'Aluminium Silver',,,,,,,,,,,,,,,,,,,,,,,,,,,,,,,,b'Class 10',b'No',,,,,b'Up to 270 h',b'Up to 3 h 30 min',,,,b'Yes',,b'Yes',"b'10 dialed, 10 received, 10 missed calls'","b'SMS, MMS'",b'Yes + downloadable',b'No',,b'WAP 2.0/xHTML',,b'Vibration; Downloadable polyphonic ringtones',,,
b'siemens',b'Siemens CF110',b'https://fdn2.gsmarena.com/vv/bigpic/siemens-cf110.gif',b'GSM',b'GSM 900 / 1800 / 1900',b'No',,b'Predictive text input Organizer',,,,"b'2005, August'",b'Discontinued',"b'83 x 45 x 18 mm, 68 cc (3.27 x 1.77 x 0.71 in)'",b'76.5 g (2.68 oz)',,b'Mini-SIM',,"b'TFT, 65K colors'",b'',"b'130 x 130 pixels, 1:1 ratio'",,,,,,b'No',b'1.5MB',,,,,,,b'Yes',b'No',b'No',b'No',b'No',,b'No',b'Proprietary',b'',b'Removable Li-Ion 600 mAh battery (EBA-160)',,"b'Moonlight Silver, Midnight Blue'",,,,,,,,,,,,,,,,,,,,,,,,,,,,,,,,b'Class 8',b'No',,,,,b'Up to 220 h',b'Up to 5 h',,,,,,b'Yes',"b'10 dialed, 10 received, 10 missed calls'","b'SMS, EMS, MMS'",b'Yes + downloadable',"b'Yes, MIDP 1.0'",,b'WAP 2.0/xHTML',,b'Vibration; Downloadable polyphonic ringtones',,,
b'siemens',b'Siemens C72',b'https://fdn2.gsmarena.com/vv/bigpic/siemens-c72.gif',b'GSM',b'GSM 900 / 1800 / 1900',b'Download assistant for logos',,b'No',,,,"b'2005, August'",b'Discontinued',b'105 x 47 x 18 mm (4.13 x 1.85 x 0.71 in)',b'86 g (3.03 oz)',,b'Mini-SIM',b'Predictive text input Stopwatch Organizer',"b'CSTN, 65K colors'",b'',"b'128 x 128 pixels, 1:1 ratio'",,,,,,b'No',,,,b'Yes',b'VGA',,,b'No',b'No',b'No',b'No',b'No',,b'No',b'Proprietary',b'',b'Removable Li-Ion 750 mAh battery',,b'Liquid Silver',,,,,,,,,,,,,,,,,,,,,,,,,,,,,,,,b'Class 10',b'No',,,,,b'Up to 300 h',b'Up to 5 h',,,,b'Yes',,b'Yes',"b'100 received, 100 dialed and 100 missed calls'","b'SMS, EMS, MMS, Email, Instant Messaging'",b'2',"b'Yes, MIDP 2.0'",,b'WAP 2.0/xHTML',,b'Vibration; Downloadable polyphonic ringtones',,,
b'siemens',b'Siemens S75',b'https://fdn2.gsmarena.com/vv/bigpic/siemens-s75.gif',b'GSM',b'GSM 900 / 1800 / 1900',b'100 short messages',,b'No',,,,"b'2005, Q2'",b'Discontinued',"b'103 x 47 x 18.5 mm, 84 cc (4.06 x 1.85 x 0.73 in)'",b'99 g (3.49 oz)',,b'Mini-SIM',b'Push to Talk MP3/AAC/MP4 player Predictive text input Organizer SyncML Voice memo',"b'TFT, 256K colors'","b'1.9 inches, 28 x 38 mm, 11.2 cm2 (~23.1% screen-to-body ratio)'","b'132 x 176 pixels, 4:3 ratio (~116 ppi density)'",,,,,,"b'RS-MMC, up to 1 GB, 128 MB included'",b'20MB',,b'LED flash',b'Yes',b'1.3 MP',,,b'No',b'No',b'No',b'1.2',b'No',,b'No',b'Proprietary',b'',b'Removable Li-Ion 820 mAh battery',,"b'Piano Black, Zirconia'",,,,,,,,,,,,,,,,,,,,,,,,,,,,,,,,b'Class 10',b'Yes',,,,,b'Up to 300 h',b'Up to 5 h',,,,b'Yes',,"b'1000 x 43 fields, Photo call'","b'100 dialed, 100 received, 100 missed calls'","b'SMS, MMS, EMail, Instant Messaging'",b'Yes + downloadable',"b'Yes, MIDP 2.0'",,b'WAP 2.0/xHTML',,"b'Vibration; Downloadable polyphonic, MP3, AAC ringtones'",,,
b'siemens',b'Siemens SL75',b'https://fdn2.gsmarena.com/vv/bigpic/siemens-sl75.gif',b'GSM',b'GSM 900 / 1800 / 1900',b'No',,b'MP3/AAC/MP4 player Predictive text input Organizer Voice memo',,,,"b'2005, Q2'",b'Discontinued',"b'92 x 48 x 23 mm, 78 cc (3.62 x 1.89 x 0.91 in)'",b'99 g (3.49 oz)',,b'Mini-SIM',,"b'TFT, 256K colors'",b'',"b'132 x 176 pixels, 4:3 ratio'",,,,,,b'No',b'52MB',,b'LED flash',b'Yes',b'1.3 MP',,,b'No',b'No',b'No',b'1.2',b'No',,b'No',b'Proprietary',b'',b'Removable Li-Ion 700 mAh battery',,"b'Pure Silver, Polar White, Onyx Black'",,,,,,,,,,,,,,,,,,,,,,,,,,,,,,,,b'Class 10',b'Yes',,,,,b'Up to 300 h',b'Up to 5 h',,,,,,"b'1000 x 23 fields, Photo call'","b'100 dialed, 100 received, 100 missed calls'","b'SMS, MMS, Email, Instant Messaging'","b'SeaBattle, Wappo 2, Golf + downloadable'","b'Yes, MIDP 2.0'",,b'WAP 2.0/xHTML',,"b'Vibration; Downloadable polyphonic, MP3, AAC ringtones'",,,
b'siemens',b'Siemens C75',b'https://fdn2.gsmarena.com/vv/bigpic/siemens-c75.gif',b'GSM',b'GSM 900 / 1800 / 1900',b'5-way joystick Download assistant for logos',,b'100 short messages',,,,"b'2005, May'",b'Discontinued',b'103 x 44 x 17 mm (4.06 x 1.73 x 0.67 in)',b'85 g (3.00 oz)',,b'Mini-SIM',b'Predictive text input Stopwatch Organizer Voice memo Clip-it covers User profiles SyncML',"b'TFT, 65K colors'",b'',"b'132 x 176 pixels, 9 lines, 4:3 ratio'",,,,,,b'No',b'10MB',,,b'Yes',b'VGA',,,b'Yes',b'No',b'No',b'No',b'No',,b'No',b'Proprietary',b'',b'Removable Li-Ion 750 mAh battery',,b'Palladium and Light Silver',,,,,,,,,,,,,,,,,,,,,,,,,,,,,,,,b'Class 10',b'No',,,,,b'Up to 300 h',b'Up to 5 h 30 min',,,,b'Yes',,"b'1000 x 20 fields, Photo call'","b'100 received, 100 dialed and 100 missed calls'","b'SMS, EMS, MMS, Email, Instant Messaging'",b'Yes',b'Yes',,b'WAP 2.0/xHTML',,b'Vibration; Downloadable polyphonic ringtones',,,
b'siemens',b'Siemens SP65',b'https://fdn2.gsmarena.com/vv/bigpic/sisp65.gif',b'GSM',b'GSM 900 / 1800 / 1900',b'Download assistant for logos',,b'No',,,,"b'2005, March'",b'Discontinued',"b'109 x 48 x 18 mm, 85 cc (4.29 x 1.89 x 0.71 in)'",b'98 g (3.46 oz)',,b'Mini-SIM',b'Predictive text input Organizer Stopwatch Reminder list Voice memo SyncML',"b'TFT, 65K colors'","b'2.1 inches, 32 x 42 mm, 13.7 cm2 (~26.1% screen-to-body ratio)'","b'132 x 176 pixels, 9 lines, 4:3 ratio (~105 ppi density)'",,,,,,b'RS-MMC',,,,,,,,b'Yes',b'No',b'No',b'1.2',b'No',,b'No',b'Proprietary',b'',b'Removable Li-Ion 750 mAh battery',,"b'Steel black, Bordeaux'",,,,,,,,,,,,,,,,,,,,,,,,,,,,,,,,b'Class 10',b'No',,,,,b'Up to 250 h',b'Up to 5 h',,,,b'Yes',,b'1000 x 20 fields',"b'100 dialed, 100 received, 100 missed calls'","b'SMS, EMS, MMS, Email, Instant messaging'",b'Yes + downloadable',"b'Yes, MIDP 2.0'",,b'WAP 2.0/xHTML',,b'Vibration; Downloadable polyphonic ringtones',,,
b'siemens',b'Siemens SXG75',b'https://fdn2.gsmarena.com/vv/bigpic/siemens-sxg75.gif',b'GSM / UMTS',b'GSM 900 / 1800 / 1900',b'64 MB free memory',b'UMTS 2100',b'CIF videocall camera',,,"b'Yes, 384 kbps'","b'2005, Q1'",b'Discontinued',"b'111.5 x 53 x 20 mm, 108 cc (4.39 x 2.09 x 0.79 in)'",b'134 g (4.73 oz)',,b'Mini-SIM',b'Predictive text input Organizer Infrared transfer of data between compatible phones Xpress-on covers Profiles',"b'TFT, 256K colors'","b'2.2 inches, 33 x 45 mm, 15.0 cm2 (~25.4% screen-to-body ratio)'","b'240 x 320 pixels, 4:3 ratio (~182 ppi density)'",,,,,,b'RS-MMC',b'128MB',,,b'Yes',b'2 MP',,,b'Yes',b'No',b'No',b'1.1',b'Yes',,"b'Stereo FM radio, RDS'",b'Proprietary',b'',b'Removable Li-Ion 1000 mAh battery',,"b'Metallic White, Metallic Black'",,,,,,,,,,,,,,,,,,,,,,,,,,,,,,,,,,,,,,b'Up to 400 h',b'Up to 6 h',,,,b'Yes',,b'250 entries',"b'10 dialed, 10 received, 10 missed calls'","b'SMS, MMS, EMail, Instant Messaging'",b'Yes + downloadable',"b'Yes, MIDP 2.0'",,b'WAP 2.0/xHTML',,"b'Vibration; Downloadable polyphonic ringtones, composer'",,,
b'siemens',b'Siemens M75',b'https://fdn2.gsmarena.com/vv/bigpic/siemens-m75.gif',b'GSM',b'GSM 900 / 1800 / 1900',"b'Dust, shock and splash resistant Metal frame'",,b'No',,,,"b'2005, Q1'",b'Discontinued',"b'110.5 x 51.5 x 20.8 mm, 104 cc (4.35 x 2.03 x 0.82 in)'",b'110 g (3.88 oz)',,b'Mini-SIM',b'MP3/AAC player Video player Organizer Voice memo Predictive text input',"b'TFT, 256K colors'","b'1.9 inches, 28 x 38 mm, 11.2 cm2 (~19.6% screen-to-body ratio)'","b'132 x 176 pixels, 4:3 ratio (~116 ppi density)'",,,,,,"b'RS-MMC, 32 MB included'",b'14MB',,,b'Yes',b'1.3 MP',,,b'No',b'No',b'No',b'1.2',b'No',,b'No',b'Proprietary',b'',b'Removable Li-Ion 750 mAh battery',,"b'Safari Green, Volcano Black'",,,,,,,,,,,,,,,,,,,,,,,,,,,,,,,,b'Class 10',b'No',,,,,b'Up to 250 h',b'Up to 5 h',,,,b'Yes',,"b'1000 x 20 fields, Photo call'","b'10 dialed, 10 received, 10 missed calls'","b'SMS, MMS, EMail'",b'Yes + downloadable',"b'Yes, MIDP 2.0'",,b'WAP 2.0/xHTML',,"b'Vibration; Downloadable polyphonic, MP3, AAC ringtones'",,,
b'siemens',b'Siemens CX75',b'https://fdn2.gsmarena.com/vv/bigpic/siemens-cx75.gif',b'GSM',b'GSM 900 / 1800 / 1900',b'No',,b'Push and Talk MP3/AAC player Predictive text input Organizer SyncML',,,,"b'2005, Q1'",b'Discontinued',"b'112 x 48 x 19 mm, 90 cc (4.41 x 1.89 x 0.75 in)'",b'98 g (3.46 oz)',,b'Mini-SIM',,"b'TFT, 256K colors'","b'1.9 inches, 28 x 38 mm, 11.2 cm2 (~20.8% screen-to-body ratio)'","b'132 x 176 pixels, 4:3 ratio (~116 ppi density)'",,,,,,b'RS-MMC',b'14MB',,,b'QCIF',b'1.3 MP',,,b'Yes',b'No',b'No',b'1.2',b'No',,b'No',b'Proprietary',b'',b'Removable Li-Ion 750 mAh battery',,"b'Titan grey, Sand silver'",,,,,,,,,,,,,,,,,,,,,,,,,,,,,,,,b'Class 10',b'No',,,,,b'Up to 250 h',b'Up to 5 h',,,,b'Yes',,"b'1000 x 20 fields, Photo call'","b'10 dialed, 10 received, 10 missed calls'","b'SMS, MMS, EMail, Instant Messaging'",b'Yes + downloadable',"b'Yes, MIDP 2.0'",,b'WAP 2.0/xHTML',,"b'Vibration; Downloadable polyphonic, MP3 ringtones'",,,
b'siemens',b'Siemens CF75',b'https://fdn2.gsmarena.com/vv/bigpic/siemens-cf75.gif',b'GSM',b'GSM 900 / 1800 / 1900',"b'Second external 4K colors display, CSTN (96 x 64 pixels) 5-way navigation key'",,b'No',,,,"b'2005, Q1'",b'Discontinued',"b'94 x 47 x 22 mm, 80 cc (3.70 x 1.85 x 0.87 in)'",b'91 g (3.21 oz)',,b'Mini-SIM',b'Push to talk Media player Predictive text input Organizer SyncML Voice memo',"b'CSTN, 65K colors'",b'',b'128 x 160 pixels',,,,,,b'No',b'10MB',,,b'Yes',b'VGA',,,b'Yes',b'No',b'No',b'No',b'No',,b'No',b'Proprietary',b'',b'Removable Li-Ion 600 mAh battery',,"b'Ocean blue, Pearl black'",,,,,,,,,,,,,,,,,,,,,,,,,,,,,,,,b'Class 10',b'Yes',,,,,b'Up to 250 h',b'Up to 2 h 30 min',,,,b'Yes',,"b'1000 x 20 fields, Photo call'","b'10 dialed, 10 received, 10 missed calls'","b'SMS, EMS, MMS, EMail'",b'Yes + downloadable',"b'Yes, MIDP 2.0'",,b'WAP 2.0/xHTML',,b'Vibration; Downloadable polyphonic ringtones',,,
b'siemens',b'Siemens CL75',b'https://fdn2.gsmarena.com/vv/bigpic/siemens-cl75.gif',b'GSM',b'GSM 900 / 1800 / 1900',"b'Second external 65K colors display, CSTN (96 x 64 pixels)'",,b'100 short messages',,,,"b'2005, Q1'",b'Discontinued',"b'87 x 44 x 23 mm, 74 cc (3.43 x 1.73 x 0.91 in)'",b'90 g (3.17 oz)',,b'Mini-SIM',b'Push to talk Predictive text input Organizer Voice memo',"b'TFT, 256K colors'",b'',b'128 x 160 pixels',,,,,,b'No',b'11MB',,,b'Yes',b'VGA',,,b'No',b'No',b'No',b'No',b'No',,b'No',b'Proprietary',b'',b'Removable Li-Ion 780 mAh battery',,"b'Silk Flower Red,  Pin Striped Black'",,,,,,,,,,,,,,,,,,,,,,,,,,,,,,,,b'Class 10',b'No',,,,,b'Up to 220 h',b'Up to 3 h',,,,b'Yes',,"b'500 x 20 fields, Photo call'","b'10 dialed, 10 received, 10 missed calls'","b'SMS, EMS, MMS, Instant Messaging'","b'2- Angels&Clouds, C\xe2\x80\x99est La Vie + downloadable'","b'Yes, MIDP 1.0'",,b'WAP 2.0/xHTML',,b'Vibration; Downloadable polyphonic ringtones',,,
b'siemens',b'Siemens AX75',b'https://fdn2.gsmarena.com/vv/bigpic/siemens-ax75.gif',b'GSM',b'GSM 900 / 1800 / 1900',b'GSM 850 / 1800 / 1900 - US version',,b'4-way navigation key Softkeys',,,,"b'2005, Q1'",b'Discontinued',"b'106 x 47 x 18 mm, 75 cc (4.17 x 1.85 x 0.71 in)'",b'76 g (2.68 oz)',,b'Mini-SIM',b'Predictive text input Organizer Voice dial/voice command Optional VGA camera',"b'CSTN, 65K colors'",b'',"b'128 x 128 pixels, 7 lines, 1:1 ratio'",,,,,,b'No',b'1.5MB',,,,,,,b'Yes',b'No',b'No',b'No',b'No',,b'No',b'Proprietary',b'',b'Removable Li-Ion 600 mAh battery',,"b'2 - Ice Blue, Cream Stone'",,,,,,,,,,,,,,,,,,,,,,,,,,,,,,,,b'Class 8',b'No',,,,,b'Up to 220 h',b'Up to 5 h',,,,b'Yes',,b'500 x 12 fields',"b'10 dialed, 10 received, 10 missed calls'","b'SMS, EMS, MMS'",b'Yes + downloadable',"b'Yes, MIDP 1.0'",,b'WAP 1.2.1',,b'Vibration; Downloadable polyphonic ringtones',,,
b'siemens',b'Siemens A75',b'https://fdn2.gsmarena.com/vv/bigpic/siemens-a75.gif',b'GSM',b'GSM 900 / 1800 / 1900',b'GSM 850 / 1800 / 1900 - US version',,b'4-way navigation key Screensaver',,,,"b'2005, Q1'",b'Discontinued',b'101 x 44 x 20 mm (3.98 x 1.73 x 0.79 in)',b'78 g (2.75 oz)',,b'Mini-SIM',b'Predictive text input Calculator Stopwatch',"b'CSTN, 4096 colors'",b'',b'101 x 80 pixels',,,,,,b'No',,,,,,,,b'Yes',b'No',b'No',b'No',b'No',,b'No',b'',b'',b'Removable Li-Ion 650 mAh battery',,"b'2 - Atlantic Blue, Polar Silver'",,,,,,,,,,,,,,,,,,,,,,,,,,,,,,,,b'Class 8',b'No',,,,,b'Up to 250 h',b'Up to 5 h',,,,,,"b'100 numbers, 4 groups'","b'10 dialed, 10 received, 10 missed calls'","b'SMS, EMS'",b'2 - Stack Attack Junior and Magic Picture',b'No',,b'WAP 1.2.1',,b'Polyphonic(32) ringtones',,,
b'siemens',b'Siemens A70',b'https://fdn2.gsmarena.com/vv/bigpic/siemens-a70.gif',b'GSM',b'GSM 900 / 1800 / 1900',b'GSM 850 / 1800 / 1900 - US version',,b'Softkeys',,,,"b'2005, Q1'",b'Discontinued',b'101 x 45 x 20 mm (3.98 x 1.77 x 0.79 in)',b'78 g (2.75 oz)',,b'Mini-SIM',b'Predictive text input Calculator',b'Monochrome graphic',b'',b'101 x 64 pixels',,,,,,b'No',,,,,,,,b'No',b'No',b'No',b'No',b'No',,b'No',b'',b'',b'Removable Li-Ion 650 mAh battery',,"b'2 - Pebble, Palladium'",,,,,,,,,,,,,,,,,,,,,,,,,,,,,,,,b'',b'No',,,,,b'Up to 250 h',b'Up to 5 h',,,,,,b'250 entries (SIM)',"b'10 dialed, 10 received, 10 missed calls'","b'SMS, EMS'",b'2 -  Balloon Shooter and Stack Attack',b'No',,b'',,b'Vibration; Polyphonic(32) ringtones',,,
b'siemens',b'Siemens SF65',b'https://fdn2.gsmarena.com/vv/bigpic/sisf65.gif',b'GSM',b'GSM 900 / 1800',b'Swivel and rotate 180 deg Screensavers and wallpapers Downloadable logos',,b'No',,,,"b'2004, Q3'",b'Discontinued',"b'91 x 44 x 23 mm, 86 cc (3.58 x 1.73 x 0.91 in)'",b'97 g (3.42 oz)',,b'Mini-SIM',b'Predictive text input Photo editor Organizer',"b'TFT, 65K colors'",b'',b'128 x 160 pixels',,,,,,b'No',b'20MB',,b'LED flash',b'No',b'1.3 MP',,,b'Yes',b'No',b'No',b'No',b'No',,b'No',b'Proprietary',b'',b'Removable Li-Ion 660 mAh battery',,"b'2 - Polar white, Onyx black'",,,,,,,,,,,,,,,,,,,,,,,,,,,,,,,,b'Class 10',b'No',,,,,b'Up to 400 h',b'Up to 4 h',,,,b'Yes',,"b'500 x 9 files, Photo call'","b'30 received, dialed and missed calls'","b'SMS, EMS, MMS, EMail'",b'Yes + downloadable',"b'Yes, MIDP 2.0'",,b'WAP 1.2.1',,b'Vibration; Downloadable polyphonic ringtones',,,
b'siemens',b'Siemens CX70 Emoty',b'https://fdn2.gsmarena.com/vv/bigpic/sicx70em.gif',b'GSM',b'GSM 900 / 1800 / 1900',"b'5-way joystick Downloadable logos Integrated stroke, press and shake sensors control 3 preinstalled Emoty characters'",,b'No',,,,"b'2004, Q3'",b'Discontinued',b'115 x 56 x 24 mm (4.53 x 2.20 x 0.94 in)',b'116 g (4.09 oz)',,b'Mini-SIM',b'Push-To-Talk Predictive text input Stopwatch Organizer Emoty characters can be sent via MMS Clip-it covers',"b'TFT, 65K colors'",b'',"b'132 x 176 pixels, 9 lines, 4:3 ratio'",,,,,,b'No',b'9.5MB',,,b'Yes',b'VGA',,,b'Yes',b'No',b'No',b'No',b'No',,b'No',b'Proprietary',b'',b'Removable Li-Ion 750 mAh battery',,b'Bluewater',,,,,,,,,,,,,,,,,,,,,,,,,,,,,,,,b'Class 10',b'No',,,,,b'Up to 300 h',b'Up to 5 h 30 min',,,,b'Yes',,"b'14 fields, in shared memory, Photo call'","b'100 dialed, 100 received, 100 missed calls'","b'SMS, MMS, Email'",b'Yes + downloadable',b'Yes',,b'WAP 2.0/xHTML',,b'Vibration; Downloadable polyphonic ringtones',,,
b'siemens',b'Siemens CX70',b'https://fdn2.gsmarena.com/vv/bigpic/sicx70.gif',b'GSM',b'GSM 900 / 1800 / 1900',b'5-way joystick Downloadable logos',,b'No',,,,"b'2004, Q3'",b'Discontinued',b'108 x 46 x 18 mm (4.25 x 1.81 x 0.71 in)',b'90 g (3.17 oz)',,b'Mini-SIM',"b'Push-To-Talk Predictive text input Stopwatch Organizer Voice dial, command Clip-it covers'","b'TFT, 65K colors'",b'',"b'132 x 176 pixels, 9 lines, 4:3 ratio'",,,,,,b'No',b'9.5MB',,,b'Yes',b'VGA',,,b'Yes',b'No',b'No',b'No',b'No',,b'No',b'Proprietary',b'',b'Removable Li-Ion 750 mAh battery',,b'',,,,,,,,,,,,,,,,,,,,,,,,,,,,,,,,b'Class 10',b'No',,,,,b'Up to 250 h',b'Up to 5 h',,,,b'Yes',,"b'14 fields, in shared memory, Photo call'","b'100 dialed, 100 received, 100 missed calls'","b'SMS, MMS, Email'",b'Yes + downloadable',b'Yes',,b'WAP 2.0/xHTML',,b'Vibration; Downloadable polyphonic ringtones',,,
b'siemens',b'Siemens SX66',b'https://fdn2.gsmarena.com/vv/bigpic/sisx66.gif',b'GSM',b'GSM 850 / 900 / 1800 / 1900',b'Downloadable logos',,b'No',,,,"b'2004, Q4'",b'Discontinued',b'125 x 71 x 18 mm (4.92 x 2.80 x 0.71 in)',b'210 g (7.41 oz)',,b'Mini-SIM',b'Microsoft ActiveSync MP3/AAC player Predictive text input',"b'TFT resistive touchscreen, 65K colors'","b'3.5 inches, 53 x 71 mm, 37.9 cm2 (~42.7% screen-to-body ratio)'","b'240 x 320 pixels, 4:3 ratio (~114 ppi density)'",,b'Microsoft Windows Mobile 2003 SE PocketPC',,b'Intel Xscale PXA272 520 MHz',,b'SDIO/MMC',b'128MB RAM',,,,,,,b'Yes',b'No',b'Wi-Fi 802.11b',b'Yes',b'No',,b'No',b'Proprietary',b'',b'Removable Li-Ion battery',,b'Silver',,,,,,,,,,,,,,,,,,,,,,,,,,,,,,,,b'Class 10',b'No',,,,,b'Up to 200 h',b'Up to 4 h',,,,b'Yes',,,,,,,b'QWERTY',b'HTML (PocketIE)',,"b'Vibration; Downloadable polyphonic, MP3 ringtones'",,,
b'siemens',b'Siemens SK65',b'https://fdn2.gsmarena.com/vv/bigpic/sisk65.gif',b'GSM',b'GSM 900 / 1800 / 1900',b'Downloadable pictures',,b'30 MB available to user',,,,"b'2004, Q3'",b'Discontinued',"b'120 x 47 x 22 mm, 115 cc (4.72 x 1.85 x 0.87 in)'",b'144 g (5.08 oz)',,b'Mini-SIM',b'Push to talk (VoIP service) E-mail push based on BlackBerry Built-In technology from RIM Predictive text input SyncML Organizer',"b'TFT, 65K colors'",b'',"b'132 x 176 pixels, 4:3 ratio'",,,,,,b'No',b'64MB',,,,,,,b'Yes',b'No',b'No',b'1.2',b'No',,b'No',b'Proprietary',b'',b'Removable Li-Ion 750 mAh battery (EBA-660)',,b'Black Silver',,,,,,,,,,,,,,,,,,,,,,,,,,,,,,,,b'Class 10',b'No',,,,,b'Up to 250 h',b'Up to 5 h',,,,b'Yes',,b'2000',"b'100 dialed, 100 received, 100 missed calls'","b'SMS, MMS, Email'","b'3 - Chess master, Golf and Sea Battle + downloadable'","b'Yes, MIDP 2.0'",b'QWERTY',b'WAP 2.0/xHTML',,b'Vibration; Downloadable polyphonic ringtones',,,
b'siemens',b'Siemens A65',b'https://fdn2.gsmarena.com/vv/bigpic/sia65.gif',b'GSM',b'GSM 900 / 1800 / 1900',b'Download assistant for logos',,b'No',,,,"b'2004, July'",b'Discontinued',"b'101 x 45 x 19 mm, 72 cc (3.98 x 1.77 x 0.75 in)'",b'75 g (2.65 oz)',,b'Mini-SIM',b'Predictive text input Currency converter Calculator Stopwatch Reminder list Optional digital camera',"b'CSTN, 4096 colors'",b'',b'101 x 80 pixels',,,,,,b'No',b'1.5MB',,,,,,,b'No',b'No',b'No',b'No',b'No',,b'No',b'',b'',b'Removable Li-Ion 700 mAh battery (EBA-510)',,b'Sparkling Silver and Mystery Silver',,,,,,,,,,,,,,,,,,,,,,,,,,,,,,,,b'Class 8',b'No',,,,,b'Up to 260 h',b'Up to 2 h',,,,,,b'50 entries',"b'10 dialed, 10 received, 10 missed calls'","b'SMS, EMS, MMS'","b'Stack Attack Jr, Wappo, Magic Picture  + downloadable'","b'Yes, MIDP 2.0'",,b'WAP 1.2.1',,b'Vibration; Downloadable polyphonic ringtones',,,
b'siemens',b'Siemens A62',b'https://fdn2.gsmarena.com/vv/bigpic/sia62.gif',b'GSM',b'GSM 900 / 1800 / 1900',b'4-way navi key Download assistant for logos',,b'No',,,,"b'2004, Q4'",b'Discontinued',"b'101 x 45 x 19 mm, 72 cc (3.98 x 1.77 x 0.75 in)'",b'76 g (2.68 oz)',,b'Mini-SIM',b'Predictive text input Currency converter Calculator Stopwatch Reminder list',"b'CSTN, 4096 colors'",b'',b'101 x 80 pixels',,,,,,b'No',,,,,,,,b'No',b'No',b'No',b'No',b'No',,b'No',b'',b'',b'Removable Li-Ion 700 mAh battery',,b'Denim Blue and Mystic Purple',,,,,,,,,,,,,,,,,,,,,,,,,,,,,,,,b'Class 8',b'No',,,,,b'Up to 250 h',b'Up to 5 h',,,,,,b'50 entries',"b'10 dialed, 10 received, 10 missed calls'","b'SMS, EMS'","b'MagicPicture, Stack Attack  + downloadable'",b'No',,b'WAP 1.2.1',,b'Vibration; Downloadable polyphonic ringtones',,,
b'siemens',b'Siemens A51',b'https://fdn2.gsmarena.com/vv/bigpic/sia51.gif',b'GSM',b'GSM 900 / 1800',b'Screensavers',,b'No',,,,"b'2004, Q4'",b'Discontinued',"b'103 x 46 x 21 mm, 75 cc (4.06 x 1.81 x 0.83 in)'",b'84 g (2.96 oz)',,b'Mini-SIM',b'Predictive text input Currency converter Calculator Exchangable covers',b'Monochrome graphic',b'',"b'101 x 64 pixels, 5 lines'",,,,,,b'No',,,,,,,,b'No',b'No',b'No',b'No',b'No',,b'No',b'',b'',b'Removable Li-Ion 700 mAh battery',,b'Urban Grey',,,,,,,,,,,,,,,,,,,,,,,,,,,,,,,,b'',b'No',,,,,b'Up to 250 h',b'Up to 5 h',,,,,,b'50 entries',"b'10 dialed, 10 received, 10 missed calls'","b'SMS, EMS'",b'Stack Attack and Wacko',b'No',,b'WAP 1.2.1',,b'Downloadable polyphonic ringtones',,,
b'siemens',b'Siemens SL65',b'https://fdn2.gsmarena.com/vv/bigpic/sisl65.gif',b'GSM',b'GSM 900 / 1800 / 1900',b'5-way navi key Downloadable logos',,b'No',,,,"b'2004, June'",b'Discontinued',"b'90 x 47.6 x 21 mm, 78 cc (3.54 x 1.87 x 0.83 in)'",b'99 g (3.49 oz)',,b'Mini-SIM',b'Predictive text input Stopwatch Organizer SyncML',"b'TFT, 65K colors'","b'1.8 inches, 10.5 cm2 (~24.4% screen-to-body ratio)'","b'130 x 130 pixels, 7 lines, 1:1 ratio (~102 ppi density)'",,,,,,b'No',b'11MB',,,b'Yes',b'VGA',,,b'Yes',b'No',b'No',b'No',b'No',,b'No',b'Proprietary',b'',b'Removable Li-Ion 700 mAh battery (EBA-650)',,"b'2 - Ivory, Ebony'",,,,,,,,,,,,,,,,,,,,,,,,,,,,,,,,b'Class 10',b'No',,,,,b'Up to 230',b'Up to 4h 3 min',,,,b'Yes',,b'Yes',"b'100 dialed, 100 received, 100 missed calls'","b'SMS, MMS, Email, Instant Messaging'","b'Yes - Golf, Rally + downloadable'","b'Yes, MIDP 2.0'",,b'WAP 2.0/xHTML',,b'Vibration; Downloadable polyphonic ringtones',,,
b'siemens',b'Siemens CFX65',b'https://fdn2.gsmarena.com/vv/bigpic/sicfx65.gif',b'GSM',b'GSM 900 / 1800',b'Second external display B/W (96 x 64 pixels) Downloadable logos',,b'No',,,,"b'2004, June'",b'Discontinued',"b'85 x 48 x 23 mm, 78 cc (3.35 x 1.89 x 0.91 in)'",b'88 g (3.10 oz)',,b'Mini-SIM',"b'Predictive text input Organizer Stopwatch Supported formats: JPEG, GIF, PNG, BMP, WBMP Voice memo'","b'CSTN, 65K colors'",b'',b'128 x 160 pixels',,,,,,b'No',b'4MB',,b'LED flash',b'No',b'VGA',,,b'Yes',b'No',b'No',b'No',b'No',,b'No',b'Proprietary',b'',b'Removable Li-Ion 600 mAh battery (EBA-670)',,"b'2 - Chameleon, Blue Pearl'",,,,,,,,,,,,,,,,,,,,,,,,,,,,,,,,b'Class 10',b'No',,,,,b'Up to 200 h',b'Up to 3 h 20 min',,,,b'Yes',,"b'250 x 14 fields, Photo call'","b'100 dialed, 100 received, 100 missed calls'","b'SMS, EMS, MMS, Email(receive only)'",b'Yes + downloadable',"b'Yes, MIDP 2.0'",,b'WAP 2.0/xHTML',,b'Vibration; Downloadable polyphonic ringtones',,,
b'siemens',b'Siemens S65',b'https://fdn2.gsmarena.com/vv/bigpic/sis65.gif',b'GSM',b'GSM 900 / 1800 / 1900',b'Download assistant for logos',,b'No',,,,"b'2004, March'",b'Discontinued',"b'109 x 48 x 18 mm, 85 cc (4.29 x 1.89 x 0.71 in)'",b'98 g (3.46 oz)',,b'Mini-SIM',b'Predictive text input Organizer Stopwatch Voice memo SyncML',"b'TFT, 65K colors'","b'2.1 inches, 32 x 42 mm, 13.7 cm2 (~26.1% screen-to-body ratio)'","b'132 x 176 pixels, 9 lines, 4:3 ratio (~105 ppi density)'",,,,,,"b'RS-MMC, 32 MB included'",b'11MB',,,b'Yes',b'1.3 MP',,,b'Yes',b'No',b'No',b'1.2',b'No',,b'No',b'Proprietary',b'',b'Removable Li-Ion 750 mAh battery (EBA-660)',,b'Steel Black',,,,,,,,,,,,,,,,,,,,,,,,,,,,,,,,b'Class 10',b'No',,,,,b'Up to 250 h',b'Up to 5 h',,,,b'Yes',,b'1000 x 20 fields',"b'100 dialed, 100 received, 100 missed calls'","b'SMS, EMS, MMS, Email, Instant messaging'",b'Yes + downloadable',"b'Yes, MIDP 2.0'",,b'WAP 2.0/xHTML',,b'Vibration; Downloadable polyphonic ringtones',,,
b'siemens',b'Siemens M65',b'https://fdn2.gsmarena.com/vv/bigpic/sim65.gif',b'GSM',b'GSM 900 / 1800 / 1900',"b'Dust, shock and splash resistant Metal frame'",,b'No',,,,"b'2004, March'",b'Discontinued',"b'109 x 49 x 19 mm, 89 cc (4.29 x 1.93 x 0.75 in)'",b'104 g (3.67 oz)',,b'Mini-SIM',b'Organizer SyncML Photo editor Voice memo Predictive text input',"b'TFT, 65K colors'",b'',"b'132 x 176 pixels, 9 lines, 4:3 ratio'",,,,,,b'No',b'11MB',,,b'Yes',b'VGA',,,b'Yes',b'No',b'No',b'No',b'No',,b'No',b'Proprietary',b'',b'Removable Li-Ion 750 mAh battery (EBA-660)',,b'Cool Gray',,,,,,,,,,,,,,,,,,,,,,,,,,,,,,,,b'Class 10',b'No',,,,,b'Up to 300 h',b'Up to 5 h',,,,b'Yes',,"b'14 fields, in shared memory'","b'100 received, 100 dialed and 100 missed calls'","b'SMS, EMS, MMS, Email'","b'Turrican, Team Point Blank, Stack Attack Advanced'","b'Yes, MIDP 2.0'",,b'WAP 2.0/xHTML',,b'Vibration; Downloadable polyphonic ringtones',,,
b'siemens',b'Siemens C65',b'https://fdn2.gsmarena.com/vv/bigpic/sic65.gif',b'GSM',b'GSM 900 / 1800 / 1900',b'GSM 850 / 1800 / 1900 - Siemens C66',,b'Download assistant for logos',,,,"b'2004, March'",b'Discontinued',"b'105 x 45 x 16 mm, 76 cc (4.13 x 1.77 x 0.63 in)'",b'86 g (3.03 oz)',,b'Mini-SIM',b'Predictive text input Stopwatch Organizer SyncML Clip-it covers',"b'CSTN, 65K colors'",b'',"b'130 x 130 pixels, 1:1 ratio'",,,,,,b'No',b'10MB',,,b'No',b'CIF',,,b'Yes',b'No',b'No',b'No',b'No',,b'No',b'Proprietary',b'',b'Removable Li-Ion 600 mAh battery (EBA-670)',,b'Blue Shadow',,,,,,,,,,,,,,,,,,,,,,,,,,,,,,,,b'Class 10',b'No',,,,,b'Up to 250 h',b'Up to 6 h',,,,b'Yes',,"b'14 fields, in shared memory'","b'100 dialed, 100 received, 100 missed calls'","b'SMS, EMS, MMS'",b'Photopet + downloadable',"b'Yes, MIDP 2.0'",,b'WAP 2.0/xHTML',,b'Vibration; Downloadable polyphonic ringtones',,,
b'siemens',b'Siemens CXT65',b'https://fdn2.gsmarena.com/vv/bigpic/sicxt65.gif',b'GSM',b'GSM 900 / 1800 / 1900',b'5-way joystick Downloadable logos',,b'No',,,,b'2004',b'Discontinued',b'108 x 46 x 18 mm (4.25 x 1.81 x 0.71 in)',b'90 g (3.17 oz)',,b'Mini-SIM',b'Predictive text input Stopwatch Organizer Voice dial Voice command Clip-it covers User profiles SyncML',"b'TFT, 65K colors'",b'',"b'132 x 176 pixels, 9 lines, 4:3 ratio'",,,,,,b'No',b'11MB',,,b'Yes',b'VGA',,,b'Yes',b'No',b'No',b'No',b'No',,b'No',b'Proprietary',b'',b'Removable Li-Ion 750 mAh battery',,b'Cool Silver',,,,,,,,,,,,,,,,,,,,,,,,,,,,,,,,b'Class 10',b'No',,,,,b'Up to 250 h',b'Up to 5 h',,,,b'Yes',,"b'14 fields, in shared memory, Photo call'","b'10 dialed, 10 received, 10 missed calls'","b'SMS, MMS, Email'",b'Yes + downloadable',"b'Yes, MIDP 2.0'",,b'WAP 2.0/xHTML',,b'Vibration; Downloadable polyphonic ringtones',,,
b'siemens',b'Siemens CX65',b'https://fdn2.gsmarena.com/vv/bigpic/sicx65.gif',b'GSM',b'GSM 900 / 1800 / 1900',b'GSM 850 / 1800 / 1900 - Siemens CX66',,b'5-way joystick Download assistant for logos',,,,"b'2004, February'",b'Discontinued',b'108 x 46 x 18 mm (4.25 x 1.81 x 0.71 in)',b'90 g (3.17 oz)',,b'Mini-SIM',b'Predictive text input Organizer Stopwatch Voice memo Clip-it covers User profiles SyncML',"b'TFT, 65K colors'","b'2.1 inches, 13.7 cm2 (~27.5% screen-to-body ratio)'","b'132 x 176 pixels, 9 lines, 4:3 ratio (~105 ppi density)'",,,,,,b'No',b'11MB',,,b'Yes',b'VGA',,,b'Yes',b'No',b'No',b'No',b'No',,b'No',b'Proprietary',b'',b'Removable Li-Ion 750 mAh battery (EBA-660)',,b'Cool Silver',,,,,,,,,,,,,,,,,,,,,,,,,,,,,,,,b'Class 10',b'No',,,,,b'Up to 250 h',b'Up to 5 h',,,,b'Yes',,"b'14 fields, in mem, PhotoCall'","b'100 received, 100 dialed and 100 missed calls'","b'SMS, MMS, Email'",b'Yes',b'Yes',,b'WAP 2.0/xHTML',,b'Vibration; Downloadable polyphonic ringtones',,,
b'siemens',b'Siemens CF62',b'https://fdn2.gsmarena.com/vv/bigpic/sicf62.gif',b'GSM',b'GSM 900 / 1800 / 1900',b'GSM 850 / 1800 / 1900 - Siemens CF63',,b'Second external monochrome display (blue illuminated) 4-way navi key Screensavers',,,,"b'2004, February'",b'Discontinued',"b'82 x 45 x 22 mm, 78 cc (3.23 x 1.77 x 0.87 in)'",b'85 g (3.00 oz)',,b'Mini-SIM',b'Predictive text input Organizer Optional digital camera',"b'CSTN, 65K colors'",b'',"b'130 x 130 pixels, 1:1 ratio'",,,,,,b'No',,,,,,,,b'Yes',b'No',b'No',b'No',b'No',,b'No',b'',b'',b'Removable Li-Ion 600 mAh battery (EBA-670)',,"b'2 - Cool Grey, Cool Cashmere'",,,,,,,,,,,,,,,,,,,,,,,,,,,,,,,,b'Class 10',b'No',,,,,b'Up to 220 h',b'Up to 5 h',,,,,,b'500 x 15 fields',"b'10 dialed, 20 received, 20 missed calls'","b'SMS, EMS, MMS'",b'Yes + downloadable',b'Yes',,b'WAP 1.2.1',,b'Vibration; Downloadable polyphonic ringtones',,,
b'siemens',b'Siemens A57',b'https://fdn2.gsmarena.com/vv/bigpic/sia57.gif',b'GSM',b'GSM 900 / 1800',"b'Softkeys Downloadable logos, animations'",,b'25 short messages',,,,"b'2004, Q2'",b'Discontinued',"b'103 x 46 x 21.5 mm, 75 cc (4.06 x 1.81 x 0.85 in)'",b'84 g (2.96 oz)',,b'Mini-SIM',b'Predictive text input Organizer Exchangeable Clip-it covers',b'Monochrome graphic',b'',"b'101 x 64 pixels, 5 lines'",,,,,,b'No',,,,,,,,b'No',b'No',b'No',b'No',b'No',,b'No',b'',b'',b'Removable Li-Ion 700 mAh battery (EBA-510)',,"b'Cassis, Pebble'",,,,,,,,,,,,,,,,,,,,,,,,,,,,,,,,b'No',b'No',,,,,b'Up to 250 h',b'Up to 2 h',,,,,,"b'50 entries, 4 groups, Picture call'","b'10 dialed, 10 received, 10 missed calls'","b'SMS, EMS'","b'4 - Stack Attack, Balloon Shooter, Move the Box, Wacko'",b'No',,b'WAP 1.2.1',,b'Vibration; Downloadable polyphonic ringtones',,,
b'siemens',b'Siemens PenPhone',b'https://fdn2.gsmarena.com/vv/bigpic/sipen.gif',b'GSM',b'GSM 900 / 1800 / 1900',b'5-way navi key',,b'No',,,,"b'2004, Q1'",b'Cancelled',b'140 x 25 x 19 mm (5.51 x 0.98 x 0.75 in)',b'-',,b'Mini-SIM',b'Handwriting recognition Appointments and contacts',b'LCD',b'',b'',,,,,,b'No',,,,,,,,b'No',b'No',b'No',b'No',b'No',,b'No',b'',b'',b'Removable battery',,b'',,,,,,,,,,,,,,,,,,,,,,,,,,,,,,,,b'',b'No',,,,,,,,,,,,b'',b'',b'SMS',b'',b'No',,b'',,b'Monophonic ringtones',,,
b'siemens',b'Siemens ST60',b'https://fdn2.gsmarena.com/vv/bigpic/sist60.gif',b'GSM',b'GSM 900 / 1800',b'5-way navi key',,b'No',,,,"b'2004, Q1'",b'Discontinued',"b'99 x 49 x 22 mm, 76 cc (3.90 x 1.93 x 0.87 in)'",b'87 g (3.07 oz)',,b'Mini-SIM',b'Predictive text input Organizer Voice dial Voice command',"b'TFT, 65K colors'",b'',"b'120 x 160 pixels, 4:3 ratio'",,,,,,b'No',b'5MB',,,b'Yes',b'VGA',,,b'Yes',b'No',b'No',b'No',b'No',,b'No',b'',b'',b'Removable Li-Ion 750 mAh battery (EBA-595)',,b'',,,,,,,,,,,,,,,,,,,,,,,,,,,,,,,,b'Class 10',b'No',,,,,b'Up to 140 h',b'Up to 4 h 30 min',,,,,,"b'250 entries, Photo call'","b'10 dialed, 20 received, 20 missed calls'","b'SMS, EMS, MMS, Email'",b'Tetris + Java games',b'Yes',,b'WAP 2.0/xHTML',,"b'Vibration; Downloadable polyphonic ringtones, composer'",,,
b'siemens',b'Siemens CL55',b'https://fdn2.gsmarena.com/vv/bigpic/sicl55.gif',b'GSM',b'GSM 900 / 1800',b'Dual screen display Navi key Downloadable logos',,b'No',,,,"b'2003, Q4'",b'Discontinued',b'83 x 41 x 22 mm (3.27 x 1.61 x 0.87 in)',b'79 g (2.79 oz)',,b'Mini-SIM',b'Predictive text input Extra-long Chinese SMS  Organizer Voice memo Optional digital camera',"b'TFT, 65K colors'",b'',b'128 x 160 pixels',,,,,,b'No',,,,,,,,b'No',b'No',b'No',b'No',b'No',,b'No',b'',b'',b'Removable Li-Ion battery',,"b'3 - Silver, Red, Blue'",,,,,,,,,,,,,,,,,,,,,,,,,,,,,,,,b'Class 8',b'No',,,,,,,,,,,,"b'100 x 5 fields, 5 contact groups'","b'10 dialed, 10 received, 10 missed calls'","b'SMS, MMS'",b'Yes',b'No',,b'WAP 1.2.1',,b'Vibration; Downloadable polyphonic ringtones',,,
b'siemens',b'Siemens Xelibri 8',b'https://fdn2.gsmarena.com/vv/bigpic/sixel8.gif',b'GSM',b'GSM 900 / 1800',b'Screensaver',,b'No',,,,"b'2003, Q4'",b'Discontinued',b'91 x 56 x 23 mm (3.58 x 2.20 x 0.91 in)',b'67 g (2.36 oz)',,b'Mini-SIM',b'Predictive text input Organizer Voice dial',"b'CSTN, 4096 colors'",b'',b'101 x 80 pixels',,,,,,b'No',,,,,,,,b'No',b'No',b'No',b'No',b'No',,b'FM radio',b'',b'',b'Removable Li-Ion battery',,b'Diamond pink and Silver glam',,,,,,,,,,,,,,,,,,,,,,,,,,,,,,,,b'No',b'No',,,,,b'Up to 290 h',b'Up to 4 h',,,,,,b'Yes',b'Yes',"b'SMS, EMS'",b'No',b'No',,b'',,b'Vibration; Downloadable polyphonic ringtones',,,
b'siemens',b'Siemens Xelibri 7',b'https://fdn2.gsmarena.com/vv/bigpic/sixel7.gif',b'GSM',b'GSM 900 / 1800',b'Screensaver',,b'No',,,,"b'2003, Q4'",b'Discontinued',b'105 x 46 x 26 mm (4.13 x 1.81 x 1.02 in)',b'83 g (2.93 oz)',,b'Mini-SIM',b'Predictive text input Voice dial Organizer',"b'CSTN, 4096 colors'",b'',b'101 x 80 pixels',,,,,,b'No',,,,,,,,b'No',b'No',b'No',b'No',b'No',,b'No',b'',b'',b'Removable Li-Ion battery',,b'Copper Polished and Midnight Blue',,,,,,,,,,,,,,,,,,,,,,,,,,,,,,,,b'No',b'No',,,,,b'Up to 290 h',b'Up to 4 h',,,,,,b'Yes',b'Yes',"b'SMS, EMS'",b'Yes',b'No',,b'',,b'Vibration; Downloadable polyphonic ringtones',,,
b'siemens',b'Siemens Xelibri 6',b'https://fdn2.gsmarena.com/vv/bigpic/sixel6.gif',b'GSM',b'GSM 900 / 1800',b'Round keypad design Two integrated mirrors flat and magnifying Screensaver',,b'No',,,,"b'2003, Q4'",b'Discontinued',"b'84 x 75 x 26 mm, 101 cc (3.31 x 2.95 x 1.02 in)'",b'89 g (3.14 oz)',,b'Mini-SIM',b'Predictive text input Organizer Voice dial',"b'FSTN, 4096 colors'",b'',b'101 x 80 pixels',,,,,,b'No',,,,,,,,b'No',b'No',b'No',b'No',b'No',,b'No',b'',b'',b'Removable Li-Ion battery',,b'Platinum Blush and Sheer Bronze',,,,,,,,,,,,,,,,,,,,,,,,,,,,,,,,b'No',b'No',,,,,b'Up to 290 h',b'Up to 4 h',,,,,,b'Yes',b'Yes',"b'SMS, EMS'",b'Downloadable',b'No',,b'',,b'Vibration; Downloadable polyphonic ringtones',,,b'Major European and Asian languages'
b'siemens',b'Siemens Xelibri 5',b'https://fdn2.gsmarena.com/vv/bigpic/sixel5.gif',b'GSM',b'GSM 900 / 1800',b'Screensaver',,b'No',,,,"b'2003, Q4'",b'Discontinued',"b'87 x 52 x 17 mm, 58 cc (3.43 x 2.05 x 0.67 in)'",b'74 g (2.61 oz)',,b'Mini-SIM',b'Predictive text input Organizer Voice dial',"b'FSTN, 4096 colors'",b'',"b'101 x 80 pixels, 5 lines'",,,,,,b'No',,,,,,,,b'No',b'No',b'No',b'No',b'No',,b'No',b'',b'',b'Removable Li-Ion battery',,b'Ultra Blue and Mercury',,,,,,,,,,,,,,,,,,,,,,,,,,,,,,,,b'No',b'No',,,,,b'Up to 390 h',b'Up to 5 h 40 min',,,,,,b'Yes',b'Yes',"b'SMS, EMS'",b'2',b'No',,b'',,b'Vibration; Downloadable polyphonic ringtones',,,
b'siemens',b'Siemens U15',b'https://fdn2.gsmarena.com/vv/bigpic/siu15.gif',b'GSM / UMTS',b'GSM 900 / 1800 / 1900',b'Screensavers',b'UMTS 2100',b'64 MB flash memory included',,,"b'Yes, 384 kbps'","b'2003, Q4'",b'Discontinued',"b'136 x 53 x 24 mm, 140 cc (5.35 x 2.09 x 0.94 in)'",b'140 g (4.94 oz)',,b'Mini-SIM',b'MP3/MP4 player Organizer Sync ML  Predictive text input Voice dial',"b'TFT, 65K colors'",b'',b'176 x 220 pixels',,,,,,b'No',,,,b'Yes',b'2 cameras VGA',,b'',b'No',b'No',b'No',b'Yes',b'No',,b'No',b'Proprietary',b'',b'Removable Li-Po 800 mAh battery (EBA-010)',,b'',,,,,,,,,,,,,,,,,,,,,b'Yes',,,,,,,,,,,,,,,,,b'Up to 250 h',b'Up to 1h 50 min',,,,b'Yes',,b'500 entries',b'Yes',"b'SMS, EMS, MMS, Email'",b'Satin green',b'Yes',,b'WAP 2.0/xHTML',,b'Vibration; Downloadable polyphonic ringtones',,,
b'siemens',b'Siemens C62',b'https://fdn2.gsmarena.com/vv/bigpic/sic62.gif',b'GSM',b'GSM 900 / 1800 / 1900',b'Navi key',,b'600 KB memory free 100 short messages 100 calendar events Message templates 30 sec voice memo',,,,"b'2003, Q4'",b'Discontinued',"b'101 x 44 x 20 mm, 82 cc (3.98 x 1.73 x 0.79 in)'",b'85 g (3.00 oz)',,b'Mini-SIM',b'Predictive text input Organizer Voice memo Optional digital camera (VGA 640 x 480)',"b'CSTN, 4096 colors'",b'',"b'128 x 128 pixels, 7 lines, 1:1 ratio'",,,,,,b'No',b'1.6MB',,,,,,,b'Yes',b'No',b'No',b'No',b'No',,b'No',b'',b'',b'Removable Li-Ion 630 mAh battery (EBA-610)',,"b'3 -  Eagle White, Pidgeon Blue and Cherry Red'",,,,,,,,,,,,,,,,,,,,,,,,,,,,,,,,b'Class 8',b'No',,,,,b'Up to 250 h',b'Up to 4 h 30 min',,,,,,"b'50 x 4 fields, 4 contact groups'","b'10 dialed, 10 received, 10 missed calls'","b'SMS, EMS, MMS, Email'","b'2 - Achevo, Falling'",b'No',,b'WAP 1.2.1',,b'Vibration; Downloadable polyphonic ringtones',,,
b'siemens',b'Siemens A60',b'https://fdn2.gsmarena.com/vv/bigpic/sia60.gif',b'GSM',b'GSM 900 / 1800 / 1900',b'Navi key Screensaver',,b'No',,,,"b'2003, Q4'",b'Discontinued',"b'110 x 47 x 23 mm, 91 cc (4.33 x 1.85 x 0.91 in)'",b'85 g (3.00 oz)',,b'Mini-SIM',b'Predictive text input Stopwatch Calculator Exchangeable Clip-it covers',"b'CSTN, 4096 colors'",b'',"b'101 x 80 pixels, 7 lines'",,,,,,b'No',b'550 KB',,,,,,,b'Yes',b'No',b'No',b'No',b'No',,b'No',b'',b'',b'Removable Li-Ion 700 mAh battery (EBA-510)',,b'Stone',,,,,,,,,,,,,,,,,,,,,,,,,,,,,,,,b'Class 8',b'No',,,,,b'Up to 260 h',b'Up to 2 h',,,,,,"b'100 x 2 fields, contact groups'","b'10 dialed, 10 received, 10 missed calls'","b'SMS, EMS'","b'2 - StackAttack , Mosaic'",b'No',,b'WAP 1.2.1',,b'Vibration; Downloadable polyphonic ringtones',,,
b'siemens',b'Siemens SX1',b'https://fdn2.gsmarena.com/vv/bigpic/sisx1.gif',b'GSM',b'GSM 900 / 1800 / 1900',b'Unique keypad arrangement',,b'4 MB available',,,,"b'2003, Q3'",b'Discontinued',"b'109 x 56 x 19 mm, 110 cc (4.29 x 2.20 x 0.75 in)'",b'116 g (4.09 oz)',,b'Mini-SIM',b'MP3 player/recorder Predictive text input Organizer User profiles SyncML',"b'TFD, 65K colors'","b'2.2 inches, 35 x 44 mm, 15.2 cm2 (~25.0% screen-to-body ratio)'",b'176 x 220 pixels (~128 ppi density)',,"b'Symbian 6.1, Series 60 v1.0 UI'",b'TI OMAP 310',b'120 MHz ARM9',,b'MMC',b'16MB',,,b'Yes',b'VGA',,,b'No',b'No',b'No',b'1.1',b'No',,b'FM radio',b'Proprietary',b'',b'Removable Li-Ion 1000 mAh battery (EBA-540)',,b'Ice blue',,,,,,,,,,,,,,,,,,,,,,,,,,,,,,,,b'Class 10',b'No',,,,,b'Up to 300 h',b'Up to 4 h',,,,b'Yes',,,,,,,,b'WAP 2.0/xHTML',,b'Vibration; Downloadable polyphonic ringtones',b'Yes',b'Yes',
b'siemens',b'Siemens ST55',b'https://fdn2.gsmarena.com/vv/bigpic/sist55.gif',b'GSM',b'GSM 900 / 1800',b'5-way navi key',,b'1.2 MB for photos 1.3 MB for MMS 1.1 MB for email messages 100 short messages',,,,"b'2003, Q3'",b'Discontinued',b'99 x 47 x 22 mm (3.90 x 1.85 x 0.87 in)',b'87 g (3.07 oz)',,b'Mini-SIM',b'Predictive text input Organizer User profiles SyncML',"b'TFT, 65K colors'",b'',"b'120 x 160 pixels, 7 lines, 4:3 ratio'",,,,,,b'No',,,,b'No',b'VGA',,,b'Yes',b'No',b'No',b'No',b'No',,b'No',b'',b'',b'Removable Li-Ion 750 mAh battery (EBA-595)',,b'',,,,,,,,,,,,,,,,,,,,,,,,,,,,,,,,b'Class 10',b'No',,,,,b'Up to 140 h',b'Up to 4 h 30 min',,,,,,b'255 x 15 entries',"b'10 dialed, 20 received, 20 missed calls'","b'SMS, EMS, MMS, Email'","b'3 - Wacko, Toggle, Tetris + Java'",b'No',,b'WAP 2.0/xHTML',,b'Vibration; Downloadable polyphonic ringtones',b'Yes',b'Yes',
b'siemens',b'Siemens MC60',b'https://fdn2.gsmarena.com/vv/bigpic/simc60.gif',b'GSM',b'GSM 900 / 1800 / 1900',b'Navi key',,b'10 voice dial commands 20 voice dial numbers  500 calendar items',,,,"b'2003, Q3'",b'Discontinued',"b'110 x 46 x 21 mm, 88 cc (4.33 x 1.81 x 0.83 in)'",b'86 g (3.03 oz)',,b'Mini-SIM',b'Predictive text input Organizer Stopwatch Voice command/dial User profiles Exchangeable covers',"b'CSTN, 4096 colors'",b'',"b'101 x 80 pixels, 7 lines'",,,,,,b'No',b'1MB',,,b'No',b'CIF',,,b'Yes',b'No',b'No',b'No',b'No',,b'No',b'',b'',b'Removable Li-Ion 700 mAh battery (EBA-510)',,"b'3 - Aquamarine, Titanium and Grenadine'",,,,,,,,,,,,,,,,,,,,,,,,,,,,,,,,b'Class 8',b'No',,,,,b'Up to 250 h',b'Up to 6 h',,,,,,"b'50 x 14 fields, 5 contact groups'","b'10 dialed, 10 received, 10 missed calls'","b'SMS, EMS, MMS, Email'",b'Yes',b'Yes',,b'WAP 1.2.1',,"b'Vibration; Downloadable polyphonic ringtones, composer'",b'Yes',b'Yes',
b'siemens',b'Siemens C60',b'https://fdn2.gsmarena.com/vv/bigpic/sic60.gif',b'GSM',b'GSM 900 / 1800 / 1900',b'Navi key',,b'No',,,,"b'2003, Q3'",b'Discontinued',b'110 x 47 x 23 mm (4.33 x 1.85 x 0.91 in)',b'85 g (3.00 oz)',,b'Mini-SIM',b'Predictive text input Currency converter Calculator Stopwatch Reminder list User profiles Exchangeable Clip-it covers Optional digital camera (VGA 640 x 480)',"b'CSTN, 4096 colors'",b'',"b'101 x 80 pixels, 5 lines'",,,,,,b'No',b'1.86MB',,,,,,,b'Yes',b'No',b'No',b'No',b'No',,b'No',b'',b'',b'Removable Li-Ion 700 mAh battery (EBA-510)',,"b'3 - Sky, Petrol and Grey'",,,,,,,,,,,,,,,,,,,,,,,,,,,,,,,,b'Class 8',b'No',,,,,b'Up to 250 h',b'Up to 6 h',,,,,,"b'100 entries, contact groups'","b'10 dialed, 10 received, 10 missed calls'","b'SMS, MMS'","b'2 - StackAttack 2, Move the Box'",b'Yes',,b'WAP 1.2.1',,b'Vibration; Downloadable polyphonic ringtones',b'Yes',b'Yes',
b'siemens',b'Siemens Xelibri 1',b'https://fdn2.gsmarena.com/vv/bigpic/sixel1.gif',b'GSM',b'GSM 900 / 1800',b'Screensaver Downloadable pictures',,b'Predefined short messages',,,,"b'2003, Q2'",b'Discontinued',"b'101 x 46 x 19 mm, 72 cc (3.98 x 1.81 x 0.75 in)'",b'73 g (2.57 oz)',,b'Mini-SIM',b'Predictive text input Organizer Voice dial',b'Monochrome graphic',b'',b'101 x 64 pixels',,,,,,b'No',,,,,,,,b'No',b'No',b'No',b'No',b'No',,b'No',b'',b'',b'Removable Li-Ion 610 mAh battery',,b'',,,,,,,,,,,,,,,,,,,,,,,,,,,,,,,,b'No',b'No',,,,,b'Up to 200 h',b'Up to 4 h',,,,,,b'100',"b'10 dialed, 10 received, 10 missed calls'","b'SMS, EMS'",b'No',b'No',,b'',,b'Vibration; Downloadable polyphonic ringtones',,,
b'siemens',b'Siemens Xelibri 2',b'https://fdn2.gsmarena.com/vv/bigpic/sixel2.gif',b'GSM',b'GSM 900 / 1800',b'Screensaver Downloadable pictures',,b'Predefined short messages',,,,"b'2003, Q2'",b'Discontinued',"b'99 x 56 x 20 mm, 78 cc (3.90 x 2.20 x 0.79 in)'",b'73 g (2.57 oz)',,b'Mini-SIM',b'Predictive text input Organizer Voice dial',b'Monochrome graphic',b'',"b'101 x 65 pixels, 5 lines'",,,,,,b'No',,,,,,,,b'No',b'No',b'No',b'No',b'No',,b'No',b'',b'',b'Removable Li-Ion 650 mAh battery',,b'',,,,,,,,,,,,,,,,,,,,,,,,,,,,,,,,b'No',b'No',,,,,b'Up to 200 h',b'Up to 4 h',,,,,,b'100',"b'10 dialed, 10 received, 10 missed calls'","b'SMS, EMS'",b'No',b'No',,b'',,b'Vibration; Downloadable polyphonic ringtones',,,
b'siemens',b'Siemens Xelibri 3',b'https://fdn2.gsmarena.com/vv/bigpic/sixel3.gif',b'GSM',b'GSM 900 / 1800',b'Screensaver Downloadable pictures Digit dial with Navi key',,b'Predefined short messages',,,,"b'2003, Q2'",b'Discontinued',"b'74 x 43 x 20 mm, 48 cc (2.91 x 1.69 x 0.79 in)'",b'55 g (1.94 oz)',,b'Mini-SIM',b'Predictive text input Organizer Voice dial Antenna in the necklace',b'Monochrome graphic',b'',"b'101 x 56 pixels, 5 lines, 17:9 ratio'",,,,,,b'No',,,,,,,,b'No',b'No',b'No',b'No',b'No',,b'No',b'',b'',b'Removable Li-Ion 620 mAh battery',,b'',,,,,,,,,,,,,,,,,,,,,,,,,,,,,,,,b'No',b'No',,,,,b'Up to 300 h',b'Up to 4 h',,,,,,b'100',"b'10 dialed, 10 received, 10 missed calls'","b'SMS, EMS'",b'No',b'No',,b'',,b'Vibration; Downloadable monophonic ringtones',,,
b'siemens',b'Siemens Xelibri 4',b'https://fdn2.gsmarena.com/vv/bigpic/sixel4.gif',b'GSM',b'GSM 900 / 1800',b'Screensaver Downloadable pictures',,b'Predefined short messages',,,,"b'2003, Q2'",b'Discontinued',"b'99 x 53 x 19 mm, 70 cc (3.90 x 2.09 x 0.75 in)'",b'71 g (2.50 oz)',,b'Mini-SIM',b'Predictive text input Organizer Voice dial',b'Monochrome graphic',b'',"b'101 x 65 pixels, 5 lines'",,,,,,b'No',,,,,,,,b'No',b'No',b'No',b'No',b'No',,b'No',b'',b'',b'Removable Li-Ion 650 mAh battery',,b'',,,,,,,,,,,,,,,,,,,,,,,,,,,,,,,,b'No',b'No',,,,,b'Up to 200 h',b'Up to 4 h',,,,,,b'100',"b'10 dialed, 10 received, 10 missed calls'","b'SMS, EMS'",b'No',b'No',,b'',,b'Vibration; Downloadable polyphonic ringtones',,,
b'siemens',b'Siemens U10',b'https://fdn2.gsmarena.com/vv/bigpic/siu10.gif',b'GSM / UMTS',b'GSM 900 / 1800 / 1900',b'No',b'UMTS 2100',b'MP3/MP4 player Predictive text input Organizer Voice memo Voice dial',,,"b'Yes, 384 kbps'",b'2003',b'Discontinued',"b'154 x 55 x 29 mm, 173 cc (6.06 x 2.17 x 1.14 in)'",b'184 g (6.49 oz)',,b'Mini-SIM',,"b'TFT, 4096 colors'",b'',b'176 x 220 pixels',,,,,,"b'MMC/SD, 32 MB SD included'",b'2MB',,,b'No',b'VGA',,,b'Yes',b'No',b'No',b'Yes',b'No',,b'No',b'Proprietary',b'',b'Removable Li-Po 800 mAh battery (EBA-010)',,b'Titanium',,,,,,,,,,,,,,,,,,,,,,,,,,,,,,,,,,,,,,b'Up to 120 h',b'Up to 1 h 20 min',,,,b'Yes',,b'500',b'Yes',"b'SMS, EMS, MMS, Email'",b'Yes',b'Yes',,b'WAP 2.0/xHTML',,b'Vibration; Downloadable monophonic ringtones',,,
b'siemens',b'Siemens A52',b'https://fdn2.gsmarena.com/vv/bigpic/sia52.gif',b'GSM',b'GSM 900 / 1800',"b'Softkeys Downloadable logos, screensavers'",,b'No',,,,"b'2003, Q3'",b'Discontinued',"b'104 x 46 x 21 mm, 75 cc (4.09 x 1.81 x 0.83 in)'",b'84 g (2.96 oz)',,b'Mini-SIM',b'Predictive text input Calculator Exchangeable Clip-it covers',b'Monochrome graphic',b'',"b'101 x 64 pixels, 5 lines'",,,,,,b'No',,,,,,,,b'Yes',b'No',b'No',b'No',b'No',,b'No',b'',b'',b'Removable Li-Ion 700 mAh battery (EBA-510)',,"b'Beige, Black'",,,,,,,,,,,,,,,,,,,,,,,,,,,,,,,,b'No',b'No',,,,,b'Up to 250 h',b'Up to 6 h',,,,,,b'50',"b'10 dialed, 10 received, 10 missed calls'","b'SMS, EMS'","b'2 - StackAttack, Balloon Shooter'",b'No',,b'',,b'Vibration; Downloadable polyphonic ringtones',b'Yes',b'Yes',
b'siemens',b'Siemens M55',b'https://fdn2.gsmarena.com/vv/bigpic/sim55.gif',b'GSM',b'GSM 900 / 1800 / 1900',b'Navi key',,b'20 voice dial numbers 10 voice dial commands 500 calendar items',,,,"b'2003, Q2'",b'Discontinued',b'101 x 46 x 21 mm (3.98 x 1.81 x 0.83 in)',b'83 g (2.93 oz)',,b'Mini-SIM',b'Predictive text input Organizer Stopwatch Reminder list Voice dial Voice command User profiles SyncML Optional digital camera',"b'CSTN, 4096 colors'",b'',"b'101 x 80 pixels, 7 lines'",,,,,,b'No',b'1.8MB',,,,,,,b'Yes',b'No',b'No',b'No',b'No',,b'No',b'',b'',b'Removable Li-Ion 700 mAh battery (EBA-510)',,b'',,,,,,,,,,,,,,,,,,,,,,,,,,,,,,,,b'Class 8',b'No',,,,,b'Up to 250 h',b'Up to 6 h',,,,,,"b'500 x 14 fields, 5 c'","b'10 dialed, 10 received, 10 missed calls'","b'SMS, MMS, Email'","b'2 - Wappo, Extreme'",b'Yes',,b'WAP 1.2.1',,"b'Vibration; Downloadable polyphonic ringtones, composer'",b'Yes',b'Yes',
b'siemens',b'Siemens A55',b'https://fdn2.gsmarena.com/vv/bigpic/sia55.gif',b'GSM',b'GSM 900 / 1800',b'GSM 900 / 1900 - Siemens A56',,b'Softkeys Downloadable logos and screensaver',,,,"b'2003, Q1'",b'Discontinued',"b'101 x 44 x 21 mm, 84 cc (3.98 x 1.73 x 0.83 in)'",b'84 g (2.96 oz)',,b'Mini-SIM',b'Predictive text input Calculator Currency converter Exchangeable Clip-it covers',b'Monochrome graphic',b'',"b'101 x 64 pixels, 5 lines'",,,,,,b'No',b'120 KB',,,,,,,b'Yes',b'No',b'No',b'No',b'No',,b'No',b'',b'',b'Removable Li-Ion 700 mAh battery (EBA-510)',,b'4',,,,,,,,,,,,,,,,,,,,,,,,,,,,,,,,b'No',b'No',,,,,b'Up to 250 h',b'Up to 2 h',,,,,,"b'50 entries, 4 contact groups'","b'10 dialed, 10 received, 10 missed calls'","b'SMS, EMS'","b'4 - StackAttack, Balloon Shooter, Wacko, Move the Box'",b'No',,b'WAP 1.2.1',,b'Vibration; Downloadable polyphonic ringtones',b'Yes',b'Yes',
b'siemens',b'Siemens SL55',b'https://fdn2.gsmarena.com/vv/bigpic/sisl55.gif',b'GSM',b'GSM 900 / 1800 / 1900',b'GSM 850 / 1900 - Siemens SL56',,"b'Navi key Retractable keyboard, like in Siemens SL10'",,,,"b'2003, Q2'",b'Discontinued',"b'82 x 45 x 22 mm, 63 cc (3.23 x 1.77 x 0.87 in)'",b'79 g (2.79 oz)',,b'Mini-SIM',b'Predictive text input Stopwatch Organizer Voice dial Voice command Voice memo User profiles SyncML Optional digital camera',"b'CSTN, 4096 colors'",b'',b'101 x 80 pixels',,,,,,b'No',b'1.6MB',,,,,,,b'No',b'No',b'No',b'No',b'No',,b'No',b'',b'',b'Removable Li-Po 500 mAh battery (EBA-520)',,b'',,,,,,,,,,,,,,,,,,,,,,,,,,,,,,,,b'Class 8',b'No',,,,,b'Up to 210 h',b'Up to 5 h',,,,b'Yes',,b'500 x 14 fields',"b'10 dialed, 10 received, 10 missed calls'","b'SMS, EMS, MMS, Email'",b'Yes',b'Yes',,b'WAP 1.2.1',,"b'Vibration; Downloadable polyphonic ringtones, composer'",b'Yes',b'Yes',
b'siemens',b'Siemens S55',b'https://fdn2.gsmarena.com/vv/bigpic/sis55.gif',b'GSM',b'GSM 900 / 1800 / 1900',b'Navi key',,b'No',,,,b'2002',b'Discontinued',"b'101 x 42 x 18 mm, 69 cc (3.98 x 1.65 x 0.71 in)'",b'85 g (3.00 oz)',,b'Mini-SIM',b'Predictive text input Organizer Stopwatch Voice dial Voice command User profiles SyncML External digital camera (included)',"b'CSTN, 256 colors'",b'',"b'101 x 80 pixels, 7 lines'",,,,,,b'No',b'400 KB',,,,,,,b'No',b'No',b'No',b'1.1',b'No',,b'No',b'',b'',b'Removable Li-Ion 700 mAh battery (EBA-510)',,b'',,,,,,,,,,,,,,,,,,,,,,,,,,,,,,,,b'Class 10',b'No',,,,,b'Up to 12 days',b'Up to 6 h',,,,b'Yes',,"b'500 x 14 entries, 9 contact groups, Photo call'","b'10 dialed, 10 received, 10 missed calls'","b'SMS, MMS, Email'",b'Yes',b'Yes',,b'WAP 1.2.1',,b'Vibration; Downloadable polyphonic ringtones',b'Yes',b'Yes',
b'siemens',b'Siemens CL50',b'https://fdn2.gsmarena.com/vv/bigpic/sicl50.gif',b'GSM',b'GSM 900 / 1800',b'Dual screen display Navi key',,b'No',,,,"b'2002, Aug'",b'Discontinued',"b'73 x 39 x 22 mm, 59 cc (2.87 x 1.54 x 0.87 in)'",b'73 g (2.57 oz)',,b'Mini-SIM',b'Predictive text input Organizer',b'Monochrome graphic',b'',"b'112 x 64 pixels, 16:9 ratio'",,,,,,b'No',,,,,,,,b'No',b'No',b'No',b'No',b'No',,b'No',b'',b'',b'Removable Li-Ion 600 mAh battery',,"b'2 - Champagne, Pearl white'",,,,,,,,,,,,,,,,,,,,,,,,,,,,,,,,b'No',b'No',,,,,b'220 h',b'5 h',,,,,,b'',"b'10 dialed, 10 received, 10 missed calls'","b'SMS, EMS'",b'Yes',b'No',,b'WAP 1.2.1',,b'Downloadable monophonic ringtones',b'Yes',b'Yes',
b'siemens',b'Siemens C55',b'https://fdn2.gsmarena.com/vv/bigpic/sic55.gif',b'GSM',b'GSM 900 / 1800',b'Navi key',,b'No',,,,"b'2002, Sep'",b'Discontinued',"b'101 x 44 x 21 mm, 69 cc (3.98 x 1.73 x 0.83 in)'",b'80 g (2.82 oz)',,b'Mini-SIM',b'Predictive text input Organizer Changeable cover User profiles Built-in hadsfree',b'Monochrome graphic',b'',"b'101 x 64 pixels, 5 lines'",,,,,,b'No',,,,,,,,b'No',b'No',b'No',b'No',b'No',,b'No',b'',b'',b'Removable Li-Ion 700 mAh battery (EBA-510)',,"b'3 - aqua, champagne, bordeaux'",,,,,,,,,,,,,,,,,,,,,,,,,,,,,,,,b'Class 8',b'No',,,,,b'250 h',b'6 h',,,,,,b'yes',"b'10 dialed, 10 received, 10 missed calls'","b'SMS, EMS, Instant Messaging'","b'2 - The Prince of Persia, Galaxy Hero'",b'Yes',,b'WAP 1.2.1',,"b'Vibration; Downloadable polyphonic, recorded ringtones'",b'Yes',b'Yes',b'20'
b'siemens',b'Siemens A50',b'https://fdn2.gsmarena.com/vv/bigpic/sia50.gif',b'GSM',b'GSM 900 / 1800',"b'Softkeys Downloadable logos, screensavers'",,b'No',,,,"b'2002, Oct'",b'Discontinued',"b'109 x 46 x 23 mm, 84 cc (4.29 x 1.81 x 0.91 in)'",b'95 g (3.35 oz)',,b'Mini-SIM',b'Predictive text input Exchangeable Clip-it covers',b'Monochrome graphic',b'',"b'101 x 64 pixels, 5 lines'",,,,,,b'No',,,,,,,,b'No',b'No',b'No',b'No',b'No',,b'No',b'',b'',b'Removable NiMH battery',,"b'2 blueberry, vanilla'",,,,,,,,,,,,,,,,,,,,,,,,,,,,,,,,b'No',b'No',,,,,b'250 h',b'5 h',,,,,,b'50',"b'10 dialed, 10 received, 10 missed calls'","b'SMS, EMS'",b'2',b'No',,b'WAP 1.2.1',,b'Vibration; Downloadable monophonic ringtones',b'Yes',b'Yes',
b'siemens',b'Siemens M50',b'https://fdn2.gsmarena.com/vv/bigpic/sim50.gif',b'GSM',b'GSM 900 / 1800',b'Orange or blue backlight Navi key',,b'No',,,,"b'2002, June'",b'Discontinued',"b'109 x 46 x 23 mm, 82 cc (4.29 x 1.81 x 0.91 in)'",b'97 g (3.42 oz)',,b'Mini-SIM',b'Predictive text input Reminder list Organizer Changeable cover User profiles',b'Monochrome graphic',b'',"b'101 x 64 pixels, 5 lines'",,,,,,b'No',,,,,,,,b'No',b'No',b'No',b'No',b'No',,b'No',b'',b'',b'Removable Li-Ion battery',,"b'2 - chromium blue, chromium orange'",,,,,,,,,,,,,,,,,,,,,,,,,,,,,,,,b'Class 8',b'No',,,,,b'260 h',b'6 h',,,,,,b'50',"b'10 dialed, 10 received, 10 missed calls'","b'SMS, EMS'",b'Downloadable',b'Yes',,b'WAP 1.2.1',,b'Vibration; Downloadable monophonic ringtones',b'Yes',b'Yes',b'20'
b'siemens',b'Siemens S45i',b'https://fdn2.gsmarena.com/vv/bigpic/sis45i.gif',b'GSM',b'GSM 900 / 1800',b'Navi key',,b'No',,,,b'May 2002',b'Discontinued',"b'109 x 46 x 20 mm, 69 cc (4.29 x 1.81 x 0.79 in)'",b'93 g (3.28 oz)',,b'Mini-SIM',b'Predictive text input Stopwatch Organizer Voice dial Voice memo User profiles',b'Monochrome graphic',b'',"b'101 x 80 pixels, 7 lines'",,,,,,b'No',,,,,,,,b'No',b'No',b'No',b'No',b'No',,b'No',b'',b'',b'Removable Li-Ion battery',,b'2 - Titan Silver and Royal Champagne',,,,,,,,,,,,,,,,,,,,,,,,,,,,,,,,b'Class 8',b'No',,,,,,,,,,b'Yes',,b'500 x 14 entries',"b'10 dialed, 10 received, 10 missed calls'","b'SMS, Email'",b'Downloadable',b'No',,b'WAP 1.2',,"b'Vibration; Monophonic ringtones, composer'",b'Yes',b'Yes',b'20'
b'siemens',b'Siemens SX45',b'https://fdn2.gsmarena.com/vv/bigpic/six45.gif',b'GSM',b'GSM 900 / 1800',b'57.6 mm x 76.8 mm 0.24 mm pixel pitch',,b'Expandable through MMC or CF',,,,b'2001',b'Discontinued',"b'134 x 87 x 26 mm, 309 cc (5.28 x 3.43 x 1.02 in)'",b'330 g (11.64 oz)',,b'Mini-SIM',b'Full PocketPC functionality Media player (MP3)',"b'TFT resistive touchscreen, 65K colors'",b'',"b'240 x 320 pixels, 4:3 ratio'",,b'Microsoft Windows CE 3.0 for PocketPC',,b'64-bit NEC VR4122 150 MHz',,b'No',b'32MB',,,,,,,b'No',b'No',b'No',b'No',b'No',,b'No',b'',b'',b'Removable Li-Ion 1550 mAh battery',,b'',,,,,,,,,,,,,,,,,,,,,,,,,,,,,,,,b'No',b'No',,,,,b'Up to 150 h',b'Up to 2 h',,,,b'Yes',,,,,,,,"b'WAP 1.2, HTML'",,b'Monophonic ringtones',b'Yes',b'Yes',
b'siemens',b'Siemens SL45i',b'https://fdn2.gsmarena.com/vv/bigpic/sisl45i.gif',b'GSM',b'GSM 900 / 1800',b'Navi key Downloadable screensavers bitmaps',,b'100 SMS messages',,,,b'2001',b'Discontinued',"b'105 x 46 x 17 mm, 69 cc (4.13 x 1.81 x 0.67 in)'",b'88 g (3.10 oz)',,b'Mini-SIM',b'MP3 player Predictive text input Organizer Stopwatch Reminder list Voice dial Voice memo (300 min) User profiles',b'Monochrome graphic',"b'1.5 inches, 24 x 29 mm, 7.1 cm2 (~14.6% screen-to-body ratio)'","b'101 x 80 pixels, 7 lines (~86 ppi density)'",,,,,,"b'MMC, 32 MB included'",,,,,,,,b'No',b'No',b'No',b'No',b'No',,b'No',b'',b'',b'Removable Li-Ion 540 mAh battery',,b'',,,,,,,,,,,,,,,,,,,,,,,,,,,,,,,,b'No',b'No',,,,,b'up to 200 h',b'up to 4 h',,,,b'Yes',b'up to 7 h',"b'500, 14 fields each'","b'10 dialed, 10 received, 10 missed calls'",b'SMS',b'Downloadable Java games',b'Yes',,b'WAP 1.1',b'up to 350 h',"b'Vibration; Monophonic ringtones, composer'",b'Yes',b'Yes',b'20'
b'siemens',b'Siemens SL42',b'https://fdn2.gsmarena.com/vv/bigpic/sisl42.gif',b'GSM',b'GSM 900 / 1800',b'Navi key',,b'100 SMS messages',,,,b'2001',b'Discontinued',"b'105 x 46 x 17 mm, 69 cc (4.13 x 1.81 x 0.67 in)'",b'88 g (3.10 oz)',,b'Mini-SIM',b'MP3 player  Predictive text input Organizer Stopwatch Reminder list Voice dial Voice memo (150 min) User profiles',b'Monochrome graphic',"b'1.5 inches, 24 x 29 mm, 7.1 cm2 (~14.6% screen-to-body ratio)'","b'101 x 80 pixels, 7 lines (~86 ppi density)'",,,,,,"b'MMC, 16 MB included'",,,,,,,,b'No',b'No',b'No',b'No',b'No',,b'No',b'',b'',b'Removable Li-Ion 540 mAh battery',,b'',,,,,,,,,,,,,,,,,,,,,,,,,,,,,,,,b'No',b'No',,,,,b'up to 200 h',b'up to 4 h',,,,b'Yes',b'up to 7 h',"b'500, 14 fields each'","b'10 dialed, 10 received, 10 missed calls'",b'SMS',b'7',b'No',,b'WAP 1.1',b'up to 350 h',"b'Vibration; Monophonic ringtones, composer'",b'Yes',b'Yes',b'20'
b'siemens',b'Siemens ME45',b'https://fdn2.gsmarena.com/vv/bigpic/sime45.gif',b'GSM',b'GSM 900 / 1800',"b'Dust, shock and splash resistant'",,b'Navi key Downloadable screensavers and bitmaps',,,,b'2001',b'Discontinued',"b'109 x 46 x 21 mm, 76 cc (4.29 x 1.81 x 0.83 in)'",b'99 g (3.49 oz)',,b'Mini-SIM',b'Organizer Stopwatch Voice memo/dial Predictive text input',b'Monochrome graphic',b'',"b'101 x 80 pixels, 7 lines'",,,,,,b'No',,,,,,,,b'Yes',b'No',b'No',b'No',b'No',,b'No',b'',b'',b'Removable Li-Ion 840 mAh battery',,b'2 - Pebble Grey and Safari Grey',,,,,,,,,,,,,,,,,,,,,,,,,,,,,,,,b'Class 8',b'No',,,,,b'60 - 300 h',b'100 - 300 min',,,,b'Yes',,b'500 x 14 entries',"b'10 dialed, 10 received, 10 missed calls'",b'SMS',b'Yes',b'No',,b'WAP 1.2',,"b'Vibration; Downloadable monophonic ringtones, composer'",b'Yes',b'Yes',
b'siemens',b'Siemens S45',b'https://fdn2.gsmarena.com/vv/bigpic/sis45.gif',b'GSM',b'GSM 900 / 1800',b'Navi key',,b'No',,,,b'2001',b'Discontinued',"b'109 x 46 x 20 mm, 69 cc (4.29 x 1.81 x 0.79 in)'",b'93 g (3.28 oz)',,b'Mini-SIM',b'Predictive text input Stopwatch Organizer Voice dial Voice memo User profiles',b'Monochrome graphic',b'',"b'101 x 80 pixels, 7 lines'",,,,,,b'No',,,,,,,,b'No',b'No',b'No',b'No',b'No',,b'No',b'',b'',b'Removable Li-Ion 850 mAh battery',,"b'2 - diamond silver, sapphire blue'",,,,,,,,,,,,,,,,,,,,,,,,,,,,,,,,b'Class 8',b'No',,,,,b'up to 300 h',b'up to 6 h',,,,b'Yes',,b'500 x 14 fields',"b'10 dialed, 10 received, 10 missed calls'",b'SMS',b'Yes',b'No',,b'WAP 1.2',,"b'Vibration; Downloadable monophonic ringtones, composer'",b'Yes',b'Yes',b'20'
b'siemens',b'Siemens C45',b'https://fdn2.gsmarena.com/vv/bigpic/sic45.gif',b'GSM',b'GSM 900 / 1800',b'Softkeys Downloadable logos and screensaver',,b'No',,,,"b'2001, Q4'",b'Discontinued',"b'109 x 46 x 23 mm, 82 cc (4.29 x 1.81 x 0.91 in)'",b'107 g (3.77 oz)',,b'Mini-SIM',b'Predictive text input Organizer Exchangeable Clip-it covers',b'Monochrome graphic',b'',"b'101 x 64 pixels, 5 lines'",,,,,,b'No',,,,,,,,b'No',b'No',b'No',b'No',b'No',,b'No',b'',b'',b'Removable NiMH battery',,b'2 - Oriental Blue and African Grey',,,,,,,,,,,,,,,,,,,,,,,,,,,,,,,,b'No',b'No',,,,,b'up to 200 h',b'up to 5 h',,,,,,b'50',"b'10 dialed, 10 received, 10 missed calls'",b'SMS',"b'3 - Stack Attack, Balloon Shooter, BattleMail'",b'No',,b'WAP 1.2',,b'Vibration; Downloadable monophonic ringtones',b'Yes',b'Yes',b'20'
b'siemens',b'Siemens SL45',b'https://fdn2.gsmarena.com/vv/bigpic/sisl45b.gif',b'GSM',b'GSM 900 / 1800',b'Navi key',,b'100 SMS messages',,,,b'2000',b'Discontinued',"b'105 x 46 x 17 mm, 69 cc (4.13 x 1.81 x 0.67 in)'",b'88 g (3.10 oz)',,b'Mini-SIM',b'MP3 player Predictive text input Voice memo (300 min) Organizer Stopwatch Voice dial Comes with headset and datacable User profiles',b'Monochrome graphic',"b'1.5 inches, 24 x 29 mm, 7.1 cm2 (~14.6% screen-to-body ratio)'","b'101 x 80 pixels, 7 lines (~86 ppi density)'",,,,,,"b'MMC, 32 MB included'",,,,,,,,b'No',b'No',b'No',b'No',b'No',,b'No',b'',b'',b'Removable Li-Ion 540 mAh battery',,b'',,,,,,,,,,,,,,,,,,,,,,,,,,,,,,,,b'No',b'No',,,,,b'60 - 170 h',b'1 - 4 h',,,,b'Yes',,"b'500, 14 fields each'","b'10 dialed, 10 received, 10 missed calls'",b'SMS',b'7',b'No',,b'WAP 1.1',,"b'Vibration; Monophonic ringtones, composer'",b'Yes',b'Yes',b'20'
b'siemens',b'Siemens S40',b'https://fdn2.gsmarena.com/vv/bigpic/sis40.gif',b'GSM',b'GSM 900 / 1800 / 1900',b'Softkeys Blue backlight',,b'Advanced fully featured address book',,,,b'2001',b'Discontinued',"b'112 x 44 x 22 mm, 85 cc (4.41 x 1.73 x 0.87 in)'",b'97 g (3.42 oz)',,b'Mini-SIM',b'Predictive text input Organizer Voice memo (5 min) Data cable included',b'Monochrome graphic',b'',b'6 lines',,,,,,b'No',,,,,,,,b'No',b'No',b'No',b'No',b'No',,b'No',b'',b'',b'Removable Li-Ion battery',,b'Silver only',,,,,,,,,,,,,,,,,,,,,,,,,,,,,,,,b'No',b'No',,,,,b'260 h',b'380 min',,,,b'Yes',,b'1000',"b'10 dialed, 10 received, 20 missed calls'",b'SMS',b'No',b'No',,b'WAP 1.1',,"b'Vibration; Monophonic ringtones, composer'",b'Yes',b'Yes',
b'siemens',b'Siemens S35i',b'https://fdn2.gsmarena.com/vv/bigpic/sis35ib.gif',b'GSM',b'GSM 900 / 1800',b'Fixed icons Softkey',,b'No',,,,b'2000',b'Discontinued',"b'118 x 46 x 21 mm, 89 cc (4.65 x 1.81 x 0.83 in)'",b'99 g (3.49 oz)',,b'Mini-SIM',b'Predictive text input Organizer Stopwatch Voice dial Voice memo (20 sec) User profiles',b'Monochrome graphic',b'',"b'101 x 80 pixels, 7 lines'",,,,,,b'No',,,,,,,,b'No',b'No',b'No',b'No',b'No',,b'No',b'',b'',b'Removable Li-Ion 650 mAh battery',,"b'3 - Emerald/Black, Titanium/Black, Titanium/Silver'",,,,,,,,,,,,,,,,,,,,,,,,,,,,,,,,b'No',b'No',,,,,b'60 h - 220 h',b'100 min - 360 min',,,,b'Yes',,b'100',"b'10 dialed, 10 received, 10 missed calls'",b'SMS',"b'4 - Wayout, Reversi, Quattropoli, Minesweeper'",b'No',,b'WAP 1.1',,"b'Vibration; Monophonic ringtones, composer'",b'Yes',b'Yes',b'20'
b'siemens',b'Siemens M35i',b'https://fdn2.gsmarena.com/vv/bigpic/sim35ib.gif',b'GSM',b'GSM 900 / 1800',b'Fixed icons Softkey',,b'No',,,,b'2000',b'Discontinued',"b'118 x 47 x 22 mm, 99 cc (4.65 x 1.85 x 0.87 in)'",b'125 g (4.41 oz)',,b'Mini-SIM',b'Predictive text input Organizer Stopwatch',b'Monochrome graphic',b'',"b'101 x 54 pixels, 5 lines, 17:9 ratio'",,,,,,b'No',,,,,,,,b'No',b'No',b'No',b'No',b'No',,b'No',b'',b'',b'Removable NiMH 500 mAh battery',,"b'3 - Hurricane Yellow, Half Pipe Blue, Summit Grey'",,,,,,,,,,,,,,,,,,,,,,,,,,,,,,,,b'No',b'No',,,,,b'50 h - 180 h',b'90 min - 300 min',,,,,,b'100',"b'10 dialed, 10 received, 10 missed calls'",b'SMS',"b'4 - Wayout, Reversi, Quattropoli, Minesweeper'",b'No',,b'WAP 1.1',,"b'Vibration; Monophonic ringtones, composer'",b'Yes',b'Yes',b'20'
b'siemens',b'Siemens C35i',b'https://fdn2.gsmarena.com/vv/bigpic/sic35ib.gif',b'GSM',b'GSM 900 / 1800',b'Fixed icons Softkey',,b'No',,,,b'2000',b'Discontinued',"b'118 x 46 x 21 mm, 88 cc (4.65 x 1.81 x 0.83 in)'",b'110 g (3.88 oz)',,b'Mini-SIM',b'Predictive text input Currency converter Calculator Stopwatch',b'Monochrome graphic',b'',"b'101 x 54 pixels, 5 lines, 17:9 ratio'",,,,,,b'No',,,,,,,,b'No',b'No',b'No',b'No',b'No',,b'No',b'',b'',b'Removable NiMH 500 mAh battery',,"b'7 -  Anthracite, Steel Grey, Classic blue ...'",,,,,,,,,,,,,,,,,,,,,,,,,,,,,,,,b'No',b'No',,,,,b'50 h - 180 h',b'90 min - 300 min',,,,,,b'100',"b'10 dialed, 10 received, 10 missed calls'",b'SMS',"b'4 - Wayout, Reversi, Quattropoli, Minesweeper'",b'No',,b'WAP 1.1',,"b'Vibration; Monophonic ringtones, composer'",b'Yes',b'Yes',b'20'
b'siemens',b'Siemens C35',b'https://fdn2.gsmarena.com/vv/bigpic/sic35b.gif',b'GSM',b'GSM 900 / 1800',b'Fixed icons Softkey',,b'No',,,,b'2000',b'Discontinued',"b'118 x 46 x 21 mm, 88 cc (4.65 x 1.81 x 0.83 in)'",b'110 g (3.88 oz)',,b'Mini-SIM',b'Predictive text input Currency converter Calculator Stopwatch',b'Monochrome graphic',b'',"b'101 x 54 pixels, 5 lines, 17:9 ratio'",,,,,,b'No',,,,,,,,b'No',b'No',b'No',b'No',b'No',,b'No',b'',b'',b'Removable NiMH 500 mAh battery',,"b'7 -  Anthracite, Steel Grey, Classic blue ...'",,,,,,,,,,,,,,,,,,,,,,,,,,,,,,,,b'No',b'No',,,,,b'50 h - 180 h',b'90 min - 300 min',,,,,,b'20',"b'10 dialed, 10 received, 10 missed calls'",b'SMS',"b'4 - Wayout, Reversi, Quattropoli, Minesweeper'",b'No',,b'',,"b'Vibration; Monophonic ringtones, composer'",b'Yes',b'Yes',b'20'
b'siemens',b'Siemens A40',b'https://fdn2.gsmarena.com/vv/bigpic/sia40.gif',b'GSM',b'GSM 900 / 1800',b'Dedicated icon-line',,b'No',,,,b'2001',b'Discontinued',"b'118 x 46 x 27 mm, 106 cc (4.65 x 1.81 x 1.06 in)'",b'122 g (4.30 oz)',,b'Mini-SIM',b'Exchangeable covers',b'Alphanumeric',b'',b'2 x 16 chars',,,,,,b'No',,,,,,,,b'No',b'No',b'No',b'No',b'No',,b'No',b'',b'',b'Removable NiMH 600 mAh battery',,"b'7 - Royal Blue, Anthracite, Raspberry Red...'",,,,,,,,,,,,,,,,,,,,,,,,,,,,,,,,b'No',b'No',,,,,b'60 h - 150 h',b'90 min - 240 min',,,,,,b'SIM only',"b'10 dialed, 0 received, 5 missed calls'",b'SMS',b'No',b'No',,b'',,b'Vibration; Monophonic ringtones',b'Yes',b'No',b'20'
b'siemens',b'Siemens A36',b'https://fdn2.gsmarena.com/vv/bigpic/sia36.gif',b'GSM',b'GSM 900 / 1800',b'No',,,,,,b'2000',b'Discontinued',b'118 x 46 x 21 mm (4.65 x 1.81 x 0.83 in)',b'120 g (4.23 oz)',,b'Mini-SIM',,b'Alphanumeric',b'',b'3 x 12 chars',,,,,,b'No',,,,,,,,b'No',b'No',b'No',b'No',b'No',,b'No',b'',b'',b'Removable NiMH 600 mAh battery',,b'',,,,,,,,,,,,,,,,,,,,,,,,,,,,,,,,b'No',b'No',,,,,b'60 h - 150 h',b'90 min - 240 min',,,,,,b'SIM only',"b'10 dialed, 0 received, 5 missed calls'",b'SMS',b'No',b'No',,b'',,b'Monophonic ringtones',b'Yes',b'No',b'20'
b'siemens',b'Siemens A35',b'https://fdn2.gsmarena.com/vv/bigpic/sia35.gif',b'GSM',b'GSM 900 / 1800',b'No',,,,,,b'2000',b'Discontinued',b'118 x 46 x 28 mm (4.65 x 1.81 x 1.10 in)',b'122 g (4.30 oz)',,b'Mini-SIM',,b'Alphanumeric',b'',b'2 lines x 16 chars',,,,,,b'No',,,,,,,,b'No',b'No',b'No',b'No',b'No',,b'No',b'',b'',b'Removable NiMH 600 mAh battery',,"b'7 - caribic blue, pineapple, magma red, moon white, anthracite, oriental blue, aubergine'",,,,,,,,,,,,,,,,,,,,,,,,,,,,,,,,b'No',b'No',,,,,b'up to 150 h',b'up to 4 h',,,,,,b'SIM only',b'10 dialed and 5 missed calls',b'SMS',b'No',b'No',,b'',,b'Monophonic ringtones',b'Yes',b'No',b'25'
b'siemens',b'Siemens S25',b'https://fdn2.gsmarena.com/vv/bigpic/sis25b.gif',b'GSM',b'GSM 900 / 1800',b'Dynamic font size Softkey',,b'No',,,,b'1999',b'Discontinued',"b'117 x 47 x 23 mm, 108 cc (4.61 x 1.85 x 0.91 in)'",b'125 g (4.41 oz)',,b'Mini-SIM',b'Voice memo (20 sec) Organizer e-business card Help function',b'Color graphic',b'',"b'97 x 54 pixels, 6 lines, 16:9 ratio'",,,,,,b'No',,,,,,,,b'No',b'No',b'No',b'No',b'No',,b'No',b'',b'',b'Removable Li-Ion 650 mAh battery',,b'Mid-Silver Grey (Titanium) / Blue Metallic / Dark Grey / Green Metallic',,,,,,,,,,,,,,,,,,,,,,,,,,,,,,,,b'No',b'No',,,,,b'60 h - 200 h',b'300 min',,,,b'Yes',,b'50',"b'10 dialed, 10 received, 10 missed calls'",b'SMS',b'3',b'No',,b'',,b'Vibration; Monophonic ringtones',b'Yes',b'Yes',b'20'
b'siemens',b'Siemens M30',b'https://fdn2.gsmarena.com/vv/bigpic/sim30.gif',b'GSM',b'GSM 900 / 1800',b'Red backlightFixed iconsSoftkey',,b'No',,,,b'2000',b'Discontinued',"b'124 x 44 x 24 mm, 99 cc (4.88 x 1.73 x 0.94 in)'",b'110 g (3.88 oz)',,b'Mini-SIM',,b'Alphanumeric',b'',b'2 x 12 chars',,,,,,b'No',,,,,,,,b'No',b'No',b'No',b'No',b'No',,b'No',b'',b'',b'Removable NiMH battery',,b'',,,,,,,,,,,,,,,,,,,,,,,,,,,,,,,,b'No',b'No',,,,,b'Up to 180 hours',b'Up to 6 hours',,,,,,b'',"b'10 dialed, 10 received, 10 missed calls'",b'SMS',b'Yes',b'No',,b'',,b'Monophonic ringtones',b'Yes',b'No',
b'siemens',b'Siemens C28',b'https://fdn2.gsmarena.com/vv/bigpic/sic28.gif',b'GSM',b'GSM 900 / 1800',b'Fixed icons Softkey',,b'No',,,,b'2000',b'Discontinued',"b'117 x 47 x 27 mm, 120 cc (4.61 x 1.85 x 1.06 in)'",b'135 g (4.76 oz)',,b'Mini-SIM',b'DJ sounds 1 self-composable ringer tone',b'Alphanumeric',b'',b'3 x 12 chars',,,,,,b'No',,,,,,,,b'No',b'No',b'No',b'No',b'No',,b'No',b'',b'',b'Removable NiMH 650 mAh battery',,b'',,,,,,,,,,,,,,,,,,,,,,,,,,,,,,,,b'No',b'No',,,,,b'160 h',b'300 min',,,,,,b'8',"b'10 dialed, 10 received, 10 missed calls'",b'SMS',b'No',b'No',,b'',,"b'Monophonic ringtones, composer'",b'No',b'No',b'20'
b'siemens',b'Siemens C25',b'https://fdn2.gsmarena.com/vv/bigpic/sic25b.gif',b'GSM',b'GSM 900 / 1800',b'Fixed icons Softkey',,b'No',,,,b'1999',b'Discontinued',"b'117 x 47 x 27 mm, 120 cc (4.61 x 1.85 x 1.06 in)'",b'135 g (4.76 oz)',,b'Mini-SIM',b'DJ sounds 1 self-composable ringer tone',b'Alphanumeric',b'',b'3 x 12 chars',,,,,,b'No',,,,,,,,b'No',b'No',b'No',b'No',b'No',,b'No',b'',b'',b'Removable NiMH 650 mAh battery',,"b'5 - Classic Green, Blue, Anthracite, Bright Blue, Yellow'",,,,,,,,,,,,,,,,,,,,,,,,,,,,,,,,b'No',b'No',,,,,b'160 h',b'300 min',,,,,,b'8',"b'10 dialed, 10 received, 10 missed calls'",b'SMS',b'No',b'No',,b'',,"b'Monophonic ringtones, composer'",b'No',b'No',b'20'
b'siemens',b'Siemens SL10',b'https://fdn2.gsmarena.com/vv/bigpic/sisl10b.gif',b'GSM',b'GSM 900',b'Dynamic font size Softkey',,b'No',,,,b'1999',b'Discontinued',"b'129 x 50 x 26 mm, 121 cc (5.08 x 1.97 x 1.02 in)'",b'138 g (4.87 oz)',,b'Mini-SIM',b'ProSLIDE system Help function',b'Color graphic',b'',"b'97 x 54 pixels, 6 lines, 16:9 ratio'",,,,,,b'No',,,,,,,,b'No',b'No',b'No',b'No',b'No',,b'No',b'',b'',b'Removable Li-Ion battery',,b'Anthracite',,,,,,,,,,,,,,,,,,,,,,,,,,,,,,,,b'No',b'No',,,,,b'46 h',b'3 h',,,,b'Yes',,b'50',"b'10 dialed, 10 received, 10 missed calls'",b'SMS',b'No',b'No',,b'',,b'Monophonic ringtones',b'Yes',b'Yes',b'20'
b'siemens',b'Siemens S10 active',b'https://fdn2.gsmarena.com/vv/bigpic/sis10ab.gif',b'GSM',b'GSM 900',b'Dynamic font size Softkey',,b'No',,,,b'1998',b'Discontinued',"b'150 x 49 x 25 mm, 170 cc (5.91 x 1.93 x 0.98 in)'",b'185 g (6.53 oz)',,b'Mini-SIM',b'Voice memo (20 sec) Help function',b'Color graphic',b'',"b'97 x 54 pixels, 6 lines, 16:9 ratio'",,,,,,b'No',,,,,,,,b'No',b'No',b'No',b'No',b'No',,b'No',b'',b'',b'Removable Li-Ion 1800 mAh battery',,"b'3 - Green, Grey, Red'",,,,,,,,,,,,,,,,,,,,,,,,,,,,,,,,b'No',b'No',,,,,b'120 h',b'10 h',,,,,,b'50',"b'10 dialed, 10 received, 10 missed calls'",b'SMS',b'No',b'No',,b'',,b'Monophonic ringtones',b'Yes',b'Yes',b'20'
b'siemens',b'Siemens S10',b'https://fdn2.gsmarena.com/vv/bigpic/sis10b.gif',b'GSM',b'GSM 900',b'Dynamic font size Softkey',,b'No',,,,b'1998',b'Discontinued',"b'147 x 46 x 25 mm, 160 cc (5.79 x 1.81 x 0.98 in)'",b'185 g (6.53 oz)',,b'Mini-SIM',b'Voice memo (20 sec) Help function',b'Color graphic',b'',"b'97 x 54 pixels, 6 lines, 16:9 ratio'",,,,,,b'No',,,,,,,,b'No',b'No',b'No',b'No',b'No',,b'No',b'',b'',b'Removable Li-Ion 1800 mAh battery',,b'Anthracite',,,,,,,,,,,,,,,,,,,,,,,,,,,,,,,,b'No',b'No',,,,,b'120 h',b'10 h',,,,,,b'50',"b'10 dialed, 10 received, 10 missed calls'",b'SMS',b'No',b'No',,b'',,b'Monophonic ringtones',b'Yes',b'Yes',b'20'
b'siemens',b'Siemens S11',b'https://fdn2.gsmarena.com/vv/bigpic/sis11b.gif',b'GSM',b'GSM 1800',b'Dynamic font size Softkey',,b'No',,,,b'1998',b'Discontinued',"b'147 x 46 x 25 mm, 160 cc (5.79 x 1.81 x 0.98 in)'",b'185 g (6.53 oz)',,b'Mini-SIM',b'Voice memo (20 sec) Help function',b'Color graphic',b'',"b'97 x 54 pixels, 6 lines, 16:9 ratio'",,,,,,b'No',,,,,,,,b'No',b'No',b'No',b'No',b'No',,b'No',b'',b'',b'Removable Li-Ion 1800 mAh battery',,b'Anthracite',,,,,,,,,,,,,,,,,,,,,,,,,,,,,,,,b'No',b'No',,,,,b'120 h',b'10 h',,,,,,b'50',"b'10 dialed, 10 received, 10 missed calls'",b'SMS',b'No',b'No',,b'',,b'Monophonic ringtones',b'Yes',b'Yes',b'20'
b'siemens',b'Siemens C10',b'https://fdn2.gsmarena.com/vv/bigpic/sic10b.gif',b'GSM',b'GSM 900',b'Fixed icons Softkey',,b'No',,,,b'1998',b'Discontinued',"b'137 x 55 x 22 mm, 149 cc (5.39 x 2.17 x 0.87 in)'",b'165 g (5.82 oz)',,b'Mini-SIM',,b'Alphanumeric',b'',b'3 x 12 chars',,,,,,b'No',,,,,,,,b'No',b'No',b'No',b'No',b'No',,b'No',b'',b'',b'Removable NiMH 700 mAh battery',,"b'3 - blue, red, grey'",,,,,,,,,,,,,,,,,,,,,,,,,,,,,,,,b'No',b'No',,,,,b'80 h',b'5 h',,,,,,b'50',"b'5 dialed, 4 received, 4 missed calls'",b'SMS',b'No',b'No',,b'',,b'Monophonic ringtones',b'No',b'No',b'20'
b'siemens',b'Siemens C11',b'https://fdn2.gsmarena.com/vv/bigpic/sic11b.gif',b'GSM',b'GSM 1800',b'Fixed icons Softkey',,b'No',,,,b'1998',b'Discontinued',"b'137 x 55 x 22 mm, 149 cc (5.39 x 2.17 x 0.87 in)'",b'165 g (5.82 oz)',,b'Mini-SIM',,b'Alphanumeric',b'',b'3 x 12 chars',,,,,,b'No',,,,,,,,b'No',b'No',b'No',b'No',b'No',,b'No',b'',b'',b'Removable NiMH 700 mAh battery',,"b'3 - blue, red, grey'",,,,,,,,,,,,,,,,,,,,,,,,,,,,,,,,b'No',b'No',,,,,b'80 h',b'5 h',,,,,,b'50',"b'5 dialed, 4 received, 4 missed calls'",b'SMS',b'No',b'No',,b'',,b'Monophonic ringtones',b'No',b'No',b'20'
