Brand,Model Name,Model Image,Technology,2G bands,GPRS,EDGE,Announced,Status,Dimensions,Weight,SIM,Type,Size,Resolution,,Card slot,Phonebook,Call records,Internal,Single,Video,_1,Loudspeaker,Alert types,3.5mm jack,WLAN,Bluetooth,GPS,Radio,USB,Sensors,Messaging,Browser,Games,Java,_1_1,Type_1,Stand-by,Talk time,Colors,Price,3G bands,Speed,Single_1,Video_1,Infrared port,Features,4G bands,Protection,OS,Chipset,CPU,GPU,Dual,NFC,Models,SAR EU,Features_1,Charging,SAR,Keyboard,Music play
b'vodafone',b'Vodafone Smart V10',b'https://fdn2.gsmarena.com/vv/bigpic/vodafone-smart-v10.jpg',b'GSM / HSPA / LTE',b'GSM 850 / 900 / 1800 / 1900',,,"b'2019, May'","b'Available. Released 2019, June'",b'151.3 x 69.9 x 8.2 mm (5.96 x 2.75 x 0.32 in)',b'145 g (5.11 oz)',b'Nano-SIM',b'IPS LCD',"b'5.9 inches, 85.5 cm2 (~80.8% screen-to-body ratio)'","b'720 x 1560 pixels, 19.5:9 ratio (~291 ppi density)'",b'eMMC 5.1',b'microSDXC (dedicated slot)',,,b'32GB 3GB RAM',b'8 MP',b'1080p@30fps',,b'Yes',,b'Yes',"b'Wi-Fi 802.11 b/g/n, hotspot'","b'4.2, A2DP, LE'","b'Yes, with A-GPS'",b'FM radio',b'microUSB 2.0',"b'Accelerometer, proximity'",,,,,,"b'Li-Ion 3400 mAh, non-removable'",,,b'Chrome Pewter',b'About 180 EUR',b'HSDPA 850 / 900 / 1900 / 2100',"b'HSPA 42.2/5.76 Mbps, LTE Cat4 150/50 Mbps'",,b'',,"b'LED flash, HDR, panorama'","b'1, 3, 5, 7, 8, 28'",b'Asahi Dragontrail Glass',b'Android 9.0 (Pie)',b'Qualcomm SDM429 Snapdragon 429 (12 nm)',b'Quad-core 2.0 GHz Cortex-A53',b'Adreno 504',"b'13 MP, AF 5 MP'",b'No',,,,,,,
b'vodafone',b'Vodafone Smart N10',b'https://fdn2.gsmarena.com/vv/bigpic/vodafone-smart-n10.jpg',b'GSM / HSPA / LTE',b'GSM 850 / 900 / 1800 / 1900',,,"b'2019, May'","b'Available. Released 2019, May'",b'148.8 x 69.9 x 8.4 mm (5.86 x 2.75 x 0.33 in)',b'160 g (5.64 oz)',b'Nano-SIM',b'IPS LCD',"b'5.67 inches, 80.9 cm2 (~77.8% screen-to-body ratio)'",b'720 x 1500 pixels (~293 ppi density)',b'eMMC 5.1',b'microSDXC (dedicated slot)',,,b'16GB 2GB RAM',"b'13 MP, AF'",b'1080p@30fps',,b'Yes',,b'Yes',"b'Wi-Fi 802.11 b/g/n, hotspot'","b'4.2, A2DP, LE'","b'Yes, with A-GPS'",b'FM radio',b'microUSB 2.0',"b'Accelerometer, gyro, proximity'",,,,,,"b'Li-Ion 2920 mAh, non-removable'",,,b'Blue Borealis',b'About 150 EUR',b'HSDPA 850 / 900 / 1900 / 2100',"b'HSPA 42.2/5.76 Mbps, LTE-A (2CA) Cat6 300/50 Mbps'",b'8 MP',b'1080p@30fps',,"b'LED flash, HDR, panorama'","b'1, 3, 5, 7, 8, 28'",b'Asahi Dragontrail Glass',b'Android 9.0 (Pie)',b'Mediatek MT6761V/WA Helio A22 (12 nm)',b'Quad-core 2.0 GHz Cortex-A53',b'PowerVR GE8320',,b'No',"b'VFD 630, 5048Y'",,,,,,
b'vodafone',b'Vodafone Smart E9',b'https://fdn2.gsmarena.com/vv/bigpic/vodafone-smart-e9.jpg',b'GSM / HSPA / LTE',b'GSM 850 / 900 / 1800 / 1900 - SIM 1 & SIM 2 (dual-SIM only)',,,"b'2018, December'","b'Available. Released 2018, December'",b'137.6 x 65.7 x 9.8 mm (5.42 x 2.59 x 0.39 in)',b'134 g (4.73 oz)',"b'Single SIM (Nano-SIM) or Dual SIM (Nano-SIM, dual stand-by)'",b'IPS LCD',"b'5.0 inches, 64.5 cm2 (~71.4% screen-to-body ratio)'","b'480 x 960 pixels, 18:9 ratio (~215 ppi density)'",b'eMMC 5.1',b'microSDHC',,,b'8GB 1GB RAM',b'5 MP',b'720p@30fps',,b'Yes',,b'Yes',"b'Wi-Fi 802.11 b/g/n, hotspot'","b'4.2, A2DP, LE'","b'Yes, with A-GPS'",b'FM radio',b'microUSB 2.0',"b'Accelerometer, proximity'",,,,,,"b'Li-Ion 2000 mAh, non-removable'",,,b'Anthracite',b'About 70 EUR',b'HSDPA 850 / 900 / 1900 / 2100',"b'HSPA 42.2/5.76 Mbps, LTE Cat4 150/50 Mbps'",b'2 MP',b'',,b'LED flash',"b'1, 3, 7, 8, 20'",,b'Android 8.1 Oreo (Go edition)',b'Mediatek MT6739 (28 nm)',b'Quad-core 1.5 GHz Cortex-A53',b'PowerVR GE8100',,b'No',"b'VFD 527, VFD 528'",b'0.91 W/kg (head) \xc2\xa0 \xc2\xa0 1.63 W/kg (body)',,,,,
b'vodafone',b'Vodafone Smart X9',b'https://fdn2.gsmarena.com/vv/bigpic/vodafone-smart-x9.jpg',b'GSM / HSPA / LTE',b'GSM 850 / 900 / 1800 / 1900',,,"b'2018, December'","b'Available. Released 2018, December'",b'148.2 x 71.3 x 8 mm (5.83 x 2.81 x 0.31 in)',b'153 g (5.40 oz)',b'Nano-SIM',b'IPS LCD',"b'5.7 inches, 82.7 cm2 (~78.2% screen-to-body ratio)'","b'1080 x 2160 pixels, 18:9 ratio (~427 ppi density)'",b'eMMC 5.1',b'microSDXC (dedicated slot)',,,b'32GB 3GB RAM',"b'16 MP, AF 5 MP, f/2.4, (depth)'",b'1080p@30fps',,b'Yes',,b'Yes',"b'Wi-Fi 802.11 b/g/n, hotspot'","b'4.2, A2DP, LE'","b'Yes, with A-GPS'",b'FM radio',b'USB Type-C 2.0',"b'Fingerprint (rear-mounted), accelerometer, gyro, proximity, compass'",,,,,,"b'Li-Ion 3100 mAh, non-removable'",,,b'Black',b'About 110 EUR',b'HSDPA 850 / 900 / 1900 / 2100',"b'HSPA 42.2/5.76 Mbps, LTE-A (2CA) Cat6 300/50 Mbps'",b'8 MP',b'',,"b'LED flash, HDR, panorama'","b'1, 3, 7, 8, 20'",b'Asahi Dragontrail Glass',b'Android 8.1 (Oreo)',b'Qualcomm SDM450 Snapdragon 450 (14 nm)',b'Octa-core 1.8 GHz Cortex-A53',b'Adreno 506',,b'Yes',b'VFD 820',b'0.40 W/kg (head) \xc2\xa0 \xc2\xa0 1.23 W/kg (body)',,,,,
b'vodafone',b'Vodafone Smart N9',b'https://fdn2.gsmarena.com/vv/bigpic/vodafone-smart-n9-.jpg',b'GSM / HSPA / LTE',b'GSM 850 / 900 / 1800 / 1900',b'Yes',b'Yes',"b'2018, June'","b'Available. Released 2018, June'",b'147.1 x 68.8 x 8.7 mm (5.79 x 2.71 x 0.34 in)',b'145 g (5.11 oz)',b'Nano-SIM',b'IPS LCD',"b'5.5 inches, 78.1 cm2 (~77.1% screen-to-body ratio)'","b'720 x 1440 pixels, 18:9 ratio (~293 ppi density)'",b'eMMC 5.1',b'microSDHC',,,b'16GB 2GB RAM',"b'13 MP, AF'",b'1080p@30fps',,b'Yes',,b'Yes',"b'Wi-Fi 802.11 b/g/n, hotspot'","b'4.0, A2DP'","b'Yes, with A-GPS'",b'FM radio',b'microUSB 2.0',"b'Fingerprint (rear-mounted), accelerometer, gyro (market dependent), proximity, compass'",,,,,,"b'Li-Ion 2900 mAh, non-removable'",,,"b'Silver Aluminium, Black Titanium'",b'About 120 EUR',b'HSDPA',"b'HSPA 42.2/5.76 Mbps, LTE Cat4 150/50 Mbps'",b'8 MP',b'',,"b'LED flash, HDR, panorama'","b'1, 3, 5, 7, 8, 20, 28'",,b'Android 8.1 (Oreo)',b'Mediatek MT6739WA (28 nm)',b'Quad-core 1.3 GHz Cortex-A53',b'Mali-T720MP2',,b'Yes',b'VFD 720',b'0.96 W/kg (head) \xc2\xa0 \xc2\xa0 1.56 W/kg (body)',b'LED flash',,,,
b'vodafone',b'Vodafone Smart N9 lite',b'https://fdn2.gsmarena.com/vv/bigpic/vodafone-smart-n9-lite-.jpg',b'GSM / HSPA / LTE',b'GSM 850 / 900 / 1800 / 1900',b'Yes',b'Yes',"b'2018, June'","b'Available. Released 2018, June'",b'148.2 x 68.9 x 9.4 mm (5.83 x 2.71 x 0.37 in)',b'155 g (5.47 oz)',b'Nano-SIM',b'IPS LCD',"b'5.34 inches, 73.6 cm2 (~72.1% screen-to-body ratio)'","b'480 x 960 pixels, 18:9 ratio (~201 ppi density)'",b'eMMC 5.1',b'microSDHC',,,b'16GB 1GB RAM',"b'8 MP, AF'",b'1080p@30fps',,b'Yes',,b'Yes',"b'Wi-Fi 802.11 b/g/n, hotspot'","b'4.0, A2DP'","b'Yes, with A-GPS'",b'FM radio',b'microUSB 2.0',"b'Accelerometer, gyro (market dependent), proximity, compass'",,,,,,b'Li-Ion 2460 mAh battery',,,"b'White Pearl, Black Ice'",b'About 100 EUR',b'HSDPA',"b'HSPA 42.2/5.76 Mbps, LTE Cat4 150/50 Mbps'",b'5 MP',b'',,"b'LED flash, HDR, panorama'","b'1, 3, 5, 7, 8, 20, 28'",,b'Android 8.1 Oreo (Go edition)',b'Mediatek MT6739WA (28 nm)',b'Quad-core 1.3 GHz Cortex-A53',b'Mali-T720MP2',,b'Yes',b'VFD 620',b'0.90 W/kg (head) \xc2\xa0 \xc2\xa0 1.69 W/kg (body)',b'LED flash',,,,
b'vodafone',b'Vodafone Smart Tab N8',b'https://fdn2.gsmarena.com/vv/bigpic/vodafone-smart-tab-n8.jpg',b'GSM / HSPA / LTE',b'GSM 850 / 900 / 1800 / 1900',b'Yes',b'Yes',"b'2017, June'","b'Available. Released 2017, June'",b'260 x 155 x 9 mm (10.24 x 6.10 x 0.35 in)',b'465 g (1.03 lb)',b'Micro-SIM',b'IPS LCD',"b'10.1 inches, 295.8 cm2 (~73.4% screen-to-body ratio)'","b'800 x 1280 pixels, 16:10 ratio (~149 ppi density)'",,b'microSDXC (dedicated slot)',,,b'16GB 2GB RAM',"b'5 MP, AF'",b'Yes',,b'Yes',,b'Yes',"b'Wi-Fi 802.11 b/g/n, hotspot'","b'4.0, A2DP, LE'","b'Yes, with A-GPS'",b'No',b'microUSB 2.0',b'Accelerometer',,,,,,"b'Li-Ion 4600 mAh, non-removable'",,,b'Volcano Black',b'About 180 EUR',b'HSDPA',"b'HSPA 42.2/5.76 Mbps, LTE'",b'2 MP',b'',,,b'LTE (unspecified)',,b'Android 7.0 (Nougat)',b'Mediatek MT8735B',b'Quad-core 1.1 GHz Cortex-A7',b'Mali-T720MP2',,b'Yes',,,,,,,
b'vodafone',b'Vodafone Smart E8',b'https://fdn2.gsmarena.com/vv/bigpic/vodafone-smart-e8.jpg',b'GSM / HSPA / LTE',b'GSM 850 / 900 / 1800 / 1900',,,"b'2017, June'","b'Available. Released 2017, July'",b'145.6 x 72.1 x 9.2 mm (5.73 x 2.84 x 0.36 in)',b'169 g (5.96 oz)',b'Nano-SIM',b'IPS LCD',"b'5.0 inches, 68.9 cm2 (~65.6% screen-to-body ratio)'","b'480 x 854 pixels, 16:9 ratio (~196 ppi density)'",b'eMMC 4.5',b'microSDXC (dedicated slot)',,,b'8GB 1GB RAM',b'5 MP',b'Yes',,b'Yes',,b'Yes',"b'Wi-Fi 802.11 b/g/n, hotspot'","b'4.0, A2DP'","b'Yes, with A-GPS'",b'No',b'microUSB 2.0',"b'Accelerometer, proximity'",,,,,,"b'Li-Ion 2200 mAh, removable'",,,b'Slate Blue',b'About 80 EUR',b'HSDPA 850 / 900 / 1900 / 2100',"b'HSPA 42.2/5.76 Mbps, LTE'",b'2 MP',b'',,b'LED flash',"b'1, 3, 7, 8, 20'",,b'Android 7.1 (Nougat)',b'Qualcomm MSM8909 Snapdragon 210 (28 nm)',b'Quad-core 1.1 GHz Cortex-A7',b'Adreno 304',,b'Yes',"b'VFD 510, VFD 513'",,,,,,
b'vodafone',b'Vodafone Smart V8',b'https://fdn2.gsmarena.com/vv/bigpic/vodafone-smart-v8.jpg',b'GSM / HSPA / LTE',b'GSM 850 / 900 / 1800 / 1900',b'Yes',b'Yes',"b'2017, June'","b'Available. Released 2017, June'",b'155 x 76 x 7.9 mm (6.10 x 2.99 x 0.31 in)',b'166 g (5.86 oz)',b'Nano-SIM',b'LTPS IPS LCD',"b'5.5 inches, 83.4 cm2 (~70.8% screen-to-body ratio)'","b'1080 x 1920 pixels, 16:9 ratio (~401 ppi density)'",b'eMMC 5.1',b'microSDXC (dedicated slot)',,,b'32GB 3GB RAM',"b'16 MP, AF'",b'1080p@30fps',,b'Yes',,b'Yes',"b'Wi-Fi 802.11 b/g/n, hotspot'","b'4.0, A2DP'","b'Yes, with A-GPS'",b'FM radio',b'microUSB 2.0',"b'Fingerprint (rear-mounted), accelerometer, gyro, proximity, compass'",,,,,,"b'Li-Ion 3000 mAh, non-removable'",,,b'Black',b'About 230 EUR',b'HSDPA',"b'HSPA 42.2/5.76 Mbps, LTE'",b'8 MP',b'',,"b'LED flash, HDR, panorama'",b'LTE (unspecified)',b'Asahi Dragontrail Glass',b'Android 7.1.1 (Nougat)',b'Qualcomm MSM8940 Snapdragon 435 (28 nm)',b'Octa-core 1.4 GHz Cortex-A53',b'Adreno 505',,b'Yes',b'VFD 710',,,b'Charging 10W',,,
b'vodafone',b'Vodafone Smart N8',b'https://fdn2.gsmarena.com/vv/bigpic/vodafone-smart-n8.jpg',b'GSM / HSPA / LTE',b'GSM 850 / 900 / 1800 / 1900',b'Yes',b'Yes',"b'2017, June'","b'Available. Released 2017, June'",b'144.5 x 71.9 x 8.6 mm (5.69 x 2.83 x 0.34 in)',b'151 g (5.33 oz)',b'Nano-SIM',b'IPS LCD',"b'5.0 inches, 68.9 cm2 (~66.3% screen-to-body ratio)'","b'720 x 1280 pixels, 16:9 ratio (~294 ppi density)'",b'eMMC 5.0',b'microSDHC',,,b'16GB 1.5GB RAM',"b'13 MP, AF'",b'720p@30fps',,"b'Yes, dual speakers'",,b'Yes',"b'Wi-Fi 802.11 b/g/n, hotspot'","b'4.0, A2DP'","b'Yes, with A-GPS'",b'FM radio',b'microUSB 2.0',"b'Fingerprint (rear-mounted), accelerometer, proximity'",,,,,,"b'Li-Ion 2400 mAh, non-removable'",,,"b'Graphite, Gold'",b'About 100 EUR',b'HSDPA',"b'HSPA 42.2/5.76 Mbps, LTE Cat4 150/50 Mbps'",b'5 MP',b'',,"b'LED flash, HDR'",b'LTE (unspecified)',,b'Android 7.0 (Nougat)',b'Mediatek MT6737 (28 nm)',b'Quad-core 1.3 GHz Cortex-A53',b'Mali-T720MP2',,b'Yes',b'VFD 610',,,,,,
b'vodafone',b'Vodafone Tab Prime 7',b'https://fdn2.gsmarena.com/vv/bigpic/vodafone-tab-prime-7.jpg',b'GSM / HSPA / LTE',b'GSM 850 / 900 / 1800 / 1900',b'Yes',b'Yes',"b'2016, August'","b'Available. Released 2016, August'",b'259.2 x 155.8 x 8 mm (10.20 x 6.13 x 0.31 in)',b'439 g (15.49 oz)',b'Micro-SIM',b'IPS LCD',"b'10.1 inches, 295.8 cm2 (~73.2% screen-to-body ratio)'","b'1200 x 1920 pixels, 16:10 ratio (~224 ppi density)'",b'eMMC 5.1',b'microSDXC (dedicated slot)',,,b'16GB 2GB RAM',b'5 MP',b'Yes',,b'Yes',,b'Yes',"b'Wi-Fi 802.11 b/g/n, hotspot'","b'4.2, A2DP, LE'","b'Yes, with A-GPS'",b'No',b'microUSB 2.0',b'Accelerometer',,,,,,"b'Li-Po 5830 mAh, non-removable'",,,b'Silver',b'About 190 EUR',b'HSDPA',"b'HSPA 42.2/5.76 Mbps, LTE Cat4 150/50 Mbps'",b'2 MP',b'',b'Yes',,b'LTE (unspecified)',,b'Android 6.0 (Marshmallow)',b'Qualcomm MSM8937 Snapdragon 430 (28 nm)',b'Octa-core 1.4 GHz Cortex-A53',b'Adreno 505',,b'No',,b'1.44 W/kg (head)',,,,,
b'vodafone',b'Vodafone Smart Turbo 7',b'https://fdn2.gsmarena.com/vv/bigpic/vodafone-smart-turbo-7.jpg',b'GSM / HSPA / LTE',b'GSM 850 / 900 / 1800 / 1900',b'Yes',b'Yes',"b'2016, August'","b'Available. Released 2016, August'",b'140.6 x 72.4 x 9.5 mm (5.54 x 2.85 x 0.37 in)',b'167.9 g (5.93 oz)',b'Micro-SIM',b'TFT',"b'5.0 inches, 68.9 cm2 (~67.7% screen-to-body ratio)'","b'480 x 854 pixels, 16:9 ratio (~196 ppi density)'",,b'microSDHC',,,b'8GB 1GB RAM',b'5 MP',b'Yes',,b'Yes',,b'Yes',"b'Wi-Fi 802.11 b/g/n, hotspot'","b'4.0, A2DP'","b'Yes, with A-GPS'",b'No',b'microUSB 2.0',b'Accelerometer',,,,,,"b'Li-Ion 2000 mAh, non-removable'",,,"b'Silver, Dark Grey'",b'About 60 EUR',b'HSDPA',"b'HSPA 42.2/5.76 Mbps, LTE Cat4 150/50 Mbps'",b'2 MP',b'',,b'LED flash',b'LTE (unspecified)',,b'Android 6.0 (Marshmallow)',b'Mediatek MT6735M (28 nm)',b'Quad-core 1.0 GHz Cortex-A53',b'Mali-T720MP2',,b'No',"b'VFD 500, VFD 502'",b'1.67 W/kg (head)',,,,,
b'vodafone',b'Vodafone Smart ultra 7',b'https://fdn2.gsmarena.com/vv/bigpic/vodafone-smart-ultra-7.jpg',b'GSM / HSPA / LTE',b'GSM 850 / 900 / 1800 / 1900',,,"b'2016, June'","b'Available. Released 2016, June'",b'152.2 x 78.1 x 8.7 mm (5.99 x 3.07 x 0.34 in)',b'150 g (5.29 oz)',b'Micro-SIM',b'IPS LCD',"b'5.5 inches, 83.4 cm2 (~70.2% screen-to-body ratio)'","b'1080 x 1920 pixels, 16:9 ratio (~401 ppi density)'",,b'microSDXC (dedicated slot)',,,b'16GB 2GB RAM',"b'13 MP, AF'",b'1080p@30fps',,b'Yes',,b'Yes',"b'Wi-Fi 802.11 a/b/g/n, dual-band, hotspot'","b'4.1, A2DP'","b'Yes, with A-GPS'",b'FM radio',b'microUSB 2.0',"b'Accelerometer, proximity, compass'",,,,,,"b'Li-Ion 2960 mAh, non-removable'",,,"b'Silver, Dark Grey'",b'About 160 EUR',b'HSDPA 850 / 900 / 1900 / 2100',"b'HSPA 42.2/5.76 Mbps, LTE Cat4 150/50 Mbps'",b'5 MP',b'',,"b'LED flash, panorama, HDR'","b'1, 3, 7, 8, 20, 28'",,b'Android 6.0.1 (Marshmallow)',b'Mediatek MT6755M (28 nm)',b'Octa-core (4x1.8 GHz Cortex-A53 & 4x1.0 GHz Cortex-A53)',b'Mali-T860MP2',,b'No',b'VFD 700',b'0.54 W/kg (head)',b'LED flash',,,,
b'vodafone',b'Vodafone Smart Platinum 7',b'https://fdn2.gsmarena.com/vv/bigpic/vodafone-smart-platinum-7.jpg',b'GSM / HSPA / LTE',b'GSM 850 / 900 / 1800 / 1900',b'Yes',b'Yes',"b'2016, June'","b'Available. Released 2016, June'",b'154 x 75.7 x 7 mm (6.06 x 2.98 x 0.28 in)',b'155 g (5.47 oz)',b'Nano-SIM',b'AMOLED',"b'5.5 inches, 83.4 cm2 (~71.5% screen-to-body ratio)'","b'1440 x 2560 pixels, 16:9 ratio (~534 ppi density)'",b'eMMC 5.1',b'microSDXC (dedicated slot)',,,b'32GB 3GB RAM',"b'16 MP, f/2.0, 1/2.6"", 1.12\xc2\xb5m, PDAF'",b'4K@30fps',b'Hi-Fi audio',"b'Yes, with stereo speakers'",,b'Yes',"b'Wi-Fi 802.11 a/b/g/n/ac, dual-band, Wi-Fi Direct, hotspot'","b'4.2, A2DP, LE'","b'Yes, with A-GPS'",b'FM radio',"b'microUSB 2.0, USB On-The-Go'","b'Fingerprint (rear-mounted), accelerometer, gyro, proximity, compass'",,,,,,"b'Li-Ion 3000 mAh, non-removable'",,,b'Black',b'About 380 EUR',b'HSDPA',"b'HSPA 42.2/5.76 Mbps, LTE-A (2CA) Cat6 300/50 Mbps'",b'8 MP',b'1080p@30fps',,"b'LED flash, panorama, HDR'",b'LTE (unspecified)',b'Corning Gorilla Glass (unspecified version)',b'Android 6.0.1 (Marshmallow)',b'Qualcomm MSM8976 Snapdragon 652 (28 nm)',b'Octa-core (4x1.8 GHz Cortex-A72 & 4x1.2 GHz Cortex-A53)',b'Adreno 510',,b'Yes',b'VFD 900',,b'LED flash',"b'Fast charging 18W, 50% in 30 min (advertised) Quick Charge 3.0'",,,
b'vodafone',b'Vodafone Smart prime 7',b'https://fdn2.gsmarena.com/vv/bigpic/vodafone-smart-prime-7.jpg',b'GSM / HSPA / LTE',b'GSM 900 / 1800 / 1900',,,"b'2016, May'","b'Available. Released 2016, May'",b'144 x 72.1 x 8 mm (5.67 x 2.84 x 0.31 in)',b'128 g (4.52 oz)',b'Micro-SIM',b'IPS LCD',"b'5.0 inches, 69.4 cm2 (~66.8% screen-to-body ratio)'","b'720 x 1280 pixels, 16:9 ratio (~293 ppi density)'",b'eMMC 4.5',b'microSDXC (dedicated slot)',,,b'8GB 1GB RAM',"b'8 MP, AF'",b'1080p@30fps',,b'Yes',,b'Yes',"b'Wi-Fi 802.11 b/g/n, hotspot'","b'4.0, A2DP'","b'Yes, with A-GPS'",b'FM radio',b'microUSB 2.0',"b'Accelerometer, proximity, compass'",,,,,,"b'Li-Ion 2540 mAh, non-removable'",b'Up to 499 h (3G)',b'Up to 9 h (3G)',"b'Graphite Black, Boron White'",b'About 100 EUR',b'HSDPA 900 / 2100',"b'HSPA 42.2/5.76 Mbps, LTE Cat4 150/50 Mbps'",b'5 MP',b'',,b'LED flash',"b'1, 3, 7, 8, 20'",,b'Android 6.0.1 (Marshmallow)',b'Qualcomm MSM8909 Snapdragon 210 (28 nm)',b'Quad-core 1.1 GHz Cortex-A7',b'Adreno 304',,b'Yes',,,,,,,
b'vodafone',b'Vodafone Smart first 7',b'https://fdn2.gsmarena.com/vv/bigpic/vodafone-smart-first-7.jpg',b'GSM / HSPA',b'GSM 900 / 1800',,,"b'2016, May'","b'Available. Released 2016, May'",b'114.4 x 62.8 x 12 mm (4.50 x 2.47 x 0.47 in)',b'110 g (3.88 oz)',b'Mini-SIM',b'TFT TN',"b'3.5 inches, 36.5 cm2 (~50.8% screen-to-body ratio)'","b'320 x 480 pixels, 3:2 ratio (~165 ppi density)'",b'No',b'microSDXC (dedicated slot)',,,b'4GB 512MB RAM',b'2 MP',b'720p@30fps',,b'Yes',,b'Yes',"b'Wi-Fi 802.11 b/g/n, hotspot'","b'2.1, A2DP'",b'A-GPS only',b'FM radio',b'microUSB 2.0',b'No',,,,,,"b'Li-Ion 1400 mAh, removable'",,b'Up to 5 h (3G)',"b'Volcano Black, Tech White'",b'About 30 EUR',b'HSDPA 900 / 2100',b'HSPA 21.1/5.76 Mbps',,,,,,,b'Android 5.1 (Lollipop)',b'Spreadtrum SC7731G',b'Quad-core 1.3 GHz Cortex-A7',b'Mali-400MP2',,b'No',b'VFD 200',,,,,,
b'vodafone',b'Vodafone Smart speed 6',b'https://fdn2.gsmarena.com/vv/bigpic/vodafone-smart-speed-6.jpg',b'GSM / HSPA / LTE',b'GSM 850 / 900 / 1800 / 1900',,,"b'2015, September. Released 2015, October'",b'Discontinued',b'132.2 x 65.1 x 10 mm (5.20 x 2.56 x 0.39 in)',b'146 g (5.15 oz)',b'Micro-SIM',b'IPS LCD',"b'4.5 inches, 55.8 cm2 (~64.8% screen-to-body ratio)'","b'480 x 854 pixels, 16:9 ratio (~218 ppi density)'",,b'microSDHC (dedicated slot)',,,b'8GB 1GB RAM',b'5 MP',b'720p',,b'Yes',,b'Yes',"b'Wi-Fi 802.11 b/g/n, hotspot'","b'4.0, A2DP'","b'Yes, with A-GPS'",b'FM radio',b'microUSB 2.0',"b'Accelerometer, compass'",,,,,,"b'Li-Ion 1780 mAh, non-removable'",,,"b'Silver, Anthracite'",b'About 70 EUR',b'HSDPA 850 / 900 / 1900 / 2100',"b'HSPA, LTE Cat4 150/50 Mbps'",b'2 MP',b'',,b'LED flash',"b'1, 3, 7, 8, 20'",,b'Android 5.1 (Lollipop)',b'Mediatek MT6735M (28 nm)',b'Quad-core 1.0 GHz Cortex-A53',b'Mali-T720MP2',,b'No',b'VF-795',,,,,,
b'vodafone',b'Vodafone Smart ultra 6',b'https://fdn2.gsmarena.com/vv/bigpic/vodafone-smart-ultra-6.jpg',b'GSM / HSPA / LTE',b'GSM 850 / 900 / 1800 / 1900',b'Yes',b'Yes',"b'2015, June. Released 2015, June'",b'Discontinued',b'154 x 77 x 8.4 mm (6.06 x 3.03 x 0.33 in)',b'159 g (5.61 oz)',b'Nano-SIM',b'IPS LCD',"b'5.5 inches, 83.4 cm2 (~70.3% screen-to-body ratio)'","b'1080 x 1920 pixels, 16:9 ratio (~401 ppi density)'",b'eMMC 4.5',b'microSDXC (dedicated slot)',,,b'16GB 2GB RAM',"b'13 MP, AF'",b'1080p@30fps',,b'Yes',,b'Yes',"b'Wi-Fi 802.11 b/g/n, hotspot'","b'4.0, A2DP'","b'Yes, with A-GPS'",b'FM radio',b'microUSB 2.0',"b'Accelerometer, proximity'",,,,,,"b'Li-Ion 3000 mAh, non-removable'",,,"b'Gray, Silver'",b'About 170 EUR',b'HSDPA',"b'HSPA, LTE'",b'5 MP',b'',,b'LED flash',"b'3, 7, 20'",,"b'Android 5.0.1 (Lollipop), upgradable to 6.0.1 (Marshmallow)'",b'Qualcomm MSM8939 Snapdragon 615 (28 nm)',b'Octa-core (4x1.5 GHz Cortex-A53 & 4x1.1 GHz Cortex-A53)',b'Adreno 405',,b'No',b'Smart ultra 6',,,,,,
b'vodafone',b'Vodafone Tab Prime 6',b'https://fdn2.gsmarena.com/vv/bigpic/vodafone-tab-prime-6.jpg',b'GSM / HSPA / LTE',b'GSM 900 / 1800',,,"b'2015, May. Released 2015, May'",b'Discontinued',b'244 x 146 x 8 mm (9.61 x 5.75 x 0.31 in)',b'406 g (14.32 oz)',b'Micro-SIM',b'IPS LCD',"b'9.6 inches, 267.2 cm2 (~75.0% screen-to-body ratio)'","b'800 x 1280 pixels, 16:10 ratio (~157 ppi density)'",b'eMMC 4.5',b'microSDHC (dedicated slot)',,,b'16GB 1GB RAM',b'5 MP',b'Yes',,b'Yes',,b'Yes',"b'Wi-Fi 802.11 a/b/g/n, dual-band, hotspot'","b'4.1, A2DP, LE'","b'Yes, with A-GPS'",b'No',b'microUSB 2.0',"b'Accelerometer, proximity'",,,,,,"b'Li-Ion 4600 mAh, non-removable'",,,b'Black',b'About 210 EUR',b'HSDPA 900 / 2100',"b'HSPA 21.1/5.76 Mbps, LTE Cat4 150/50 Mbps'",b'2 MP',b'',b'Yes',,"b'1, 3, 7, 8, 20'",,b'Android 5.0 (Lollipop)',b'Qualcomm MSM8916 Snapdragon 410 (28 nm)',b'Quad-core 1.3 GHz Cortex-A53',b'Adreno 306',,b'No',,,,,,,
b'vodafone',b'Vodafone Smart prime 6',b'https://fdn2.gsmarena.com/vv/bigpic/vodafone-smart-prime.jpg',b'GSM / HSPA / LTE',b'GSM 850 / 900 / 1800 / 1900',b'Yes',b'Yes',"b'2015, May. Released 2015, May'",b'Discontinued',b'141.7 x 71.9 x 9 mm (5.58 x 2.83 x 0.35 in)',b'155 g (5.47 oz)',b'Micro-SIM',b'IPS LCD',"b'5.0 inches, 68.9 cm2 (~67.6% screen-to-body ratio)'","b'720 x 1280 pixels, 16:9 ratio (~294 ppi density)'",b'eMMC 4.5',b'microSDXC (dedicated slot)',,,b'8GB 1GB RAM',"b'8 MP, AF'",b'1080p@30fps',,b'Yes',,b'Yes',"b'Wi-Fi 802.11 b/g/n, hotspot'","b'4.0, A2DP'","b'Yes, with A-GPS'",b'FM radio',b'microUSB 2.0',"b'Accelerometer, proximity'",,,,,,"b'Li-Po 2500 mAh, non-removable'",b'Up to 915 h (3G)',b'Up to 18 h (3G)',"b'Gray, Silver'",b'About 110 EUR',b'HSDPA',"b'HSPA, LTE'",b'2 MP',b'',,b'LED flash',b'LTE (unspecified)',,b'Android 5.0.2 (Lollipop)',b'Qualcomm MSM8916 Snapdragon 410 (28 nm)',b'Quad-core 1.2 GHz Cortex-A53',b'Adreno 306',,b'No',,,,,,,
b'vodafone',b'Vodafone Smart first 6',b'https://fdn2.gsmarena.com/vv/bigpic/vodafone-smart-first-6.jpg',b'GSM / HSPA',b'GSM 850 / 900 / 1800 / 1900',b'Yes',b'Yes',"b'2015, May. Released 2015, May'",b'Discontinued',b'121.6 x 64.4 x 11.8 mm (4.79 x 2.54 x 0.46 in)',b'112 g (3.95 oz)',b'Mini-SIM',b'TFT',"b'4.0 inches, 45.5 cm2 (~58.2% screen-to-body ratio)'","b'480 x 800 pixels, 5:3 ratio (~233 ppi density)'",b'No',b'microSDHC (dedicated slot)',,,b'4GB 512MB RAM',b'2 MP',b'480p@30fps',,b'Yes',,b'Yes',"b'Wi-Fi 802.11 b/g/n, hotspot'","b'4.0, A2DP'","b'Yes, with A-GPS'",b'FM radio',b'microUSB 2.0',b'Accelerometer',,,,,,"b'Li-Ion 1400 mAh, removable'",b'Up to 393 h (3G)',b'Up to 7 h (3G)',"b'Black, White'",b'About 60 EUR',b'HSDPA',b'HSPA',,,,,,,b'Android 4.4.2 (KitKat)',b'Mediatek MT6572M (28 nm)',b'Dual-core 1.0 GHz Cortex-A7',b'Mali-400',,b'No',b'VF695',,,,,,
b'vodafone',b'Vodafone Smart 4 max',b'https://fdn2.gsmarena.com/vv/bigpic/vodafone-smart-4-max.jpg',b'GSM / HSPA / LTE',b'GSM 900 / 1800 / 1900',,,"b'2015, January. Released 2015, January'",b'Discontinued',b'164 x 83.4 x 7.9 mm (6.46 x 3.28 x 0.31 in)',b'170 g (6.00 oz)',b'Micro-SIM',b'IPS LCD',"b'6.0 inches, 99.2 cm2 (~72.6% screen-to-body ratio)'","b'720 x 1280 pixels, 16:9 ratio (~245 ppi density)'",b'eMMC 4.5',b'microSDHC (dedicated slot)',,,b'8GB 1GB RAM',"b'13 MP, AF'",b'Yes',,b'Yes',,b'Yes',"b'Wi-Fi 802.11 b/g/n, hotspot'","b'4.0, A2DP'","b'Yes, with A-GPS'",b'FM radio',b'microUSB 2.0',"b'Accelerometer, proximity'",,,,,,"b'Li-Ion 3000 mAh, non-removable'",,,"b'Black, White'",,b'HSDPA 900 / 2100',"b'HSPA, LTE Cat4 150/50 Mbps'",b'2 MP',b'',,b'LED flash',"b'3, 7, 20'",,b'Android 4.4.2 (KitKat)',b'Qualcomm MSM8926 Snapdragon 400 (28 nm)',b'Quad-core 1.2 GHz Cortex-A7',b'Adreno 305',,b'Yes',,,,,,,
b'vodafone',b'Vodafone Smart Tab 4G',b'https://fdn2.gsmarena.com/vv/bigpic/vodafone-smart-tab-4g.jpg',b'GSM / HSPA / LTE',b'GSM 850 / 900 / 1800 / 1900',b'Yes',b'Yes',"b'2014, October. Released 2014, October'",b'Discontinued',b'209 x 123 x 8 mm (8.23 x 4.84 x 0.31 in)',b'327 g (11.53 oz)',b'Micro-SIM',b'IPS LCD',"b'8.0 inches, 176.4 cm2 (~68.6% screen-to-body ratio)'","b'720 x 1280 pixels, 16:9 ratio (~184 ppi density)'",b'eMMC 4.5',b'microSDXC (dedicated slot)',,,b'8GB 1GB RAM',b'5 MP',b'Yes',,b'Yes',,b'Yes',"b'Wi-Fi 802.11 b/g/n, hotspot'","b'4.0, A2DP'","b'Yes, with A-GPS'",b'No',b'microUSB 2.0',"b'Accelerometer, proximity'",,,,,,"b'Li-Ion 4060 mAh, non-removable'",,,b'Black',,b'HSDPA',"b'HSPA, LTE'",b'2 MP',b'',,,b'LTE (unspecified)',,b'Android 4.4 (KitKat)',b'Qualcomm MSM8916 Snapdragon 410 (28 nm)',b'Quad-core 1.2 GHz Cortex-A53',b'Adreno 306',,b'No',,,,,,,
b'vodafone',b'Vodafone Smart 4G',b'https://fdn2.gsmarena.com/vv/bigpic/vodafone-smart-4g.jpg',b'GSM / HSPA / LTE',b'GSM 900 / 1800 / 1900',,,"b'2014, October. Released 2014, October'",b'Discontinued',b'134 x 67.1 x 10.3 mm (5.28 x 2.64 x 0.41 in)',b'153 g (5.40 oz)',b'Micro-SIM',b'IPS LCD',"b'4.5 inches, 55.8 cm2 (~62.1% screen-to-body ratio)'","b'540 x 960 pixels, 16:9 ratio (~245 ppi density)'",b'eMMC 4.5',b'microSDHC (dedicated slot)',,,b'8GB 1GB RAM',"b'8 MP, AF'",b'Yes',,b'Yes',,b'Yes',"b'Wi-Fi 802.11 a/b/g/n, dual-band, hotspot'","b'4.0, A2DP'","b'Yes, with A-GPS'",b'No',b'microUSB 2.0',"b'Accelerometer, proximity'",,,,,,"b'Li-Ion 1880 mAh, removable'",,,b'Black',,b'HSDPA 900 / 2100',"b'HSPA, LTE'",b'1 MP',b'',,b'LED flash',"b'3, 7, 20'",,b'Android 4.2.2 (Jelly Bean)',b'Qualcomm MSM8930 Snapdragon 400 (28 nm)',b'Dual-core 1.2 GHz Krait',b'Adreno 305',,b'Yes (optional)',,,,,,,
b'vodafone',b'Vodafone Smart 4 turbo',b'https://fdn2.gsmarena.com/vv/bigpic/vodafone-smart-4-turbo.jpg',b'GSM / HSPA / LTE',b'GSM 900 / 1800 / 1900',,,"b'2014, Q2. Released 2014, Q2'",b'Discontinued',b'134.5 x 67.5 x 10.4 mm (5.30 x 2.66 x 0.41 in)',b'155 g (5.47 oz)',b'Micro-SIM',b'TFT',"b'4.5 inches, 55.8 cm2 (~61.5% screen-to-body ratio)'","b'480 x 854 pixels, 16:9 ratio (~218 ppi density)'",b'eMMC 4.5',b'microSDHC (dedicated slot)',,,b'4GB 1GB RAM',b'5 MP',b'Yes',,b'Yes',,b'Yes',"b'Wi-Fi 802.11 b/g/n, hotspot'","b'4.0, A2DP'","b'Yes, with A-GPS'",b'FM radio',b'microUSB 2.0',"b'Accelerometer, proximity'",,,,,,"b'Li-Ion 1880 mAh, removable'",,,"b'Black, White'",b'About 100 EUR',b'HSDPA 900 / 2100',"b'HSPA, LTE Cat4 150/50 Mbps'",b'VGA',b'',,b'LED flash',"b'3, 7, 20'",,b'Android 4.4.2 (KitKat)',b'Qualcomm MSM8926 Snapdragon 400 (28 nm)',b'Quad-core 1.2 GHz Cortex-A7',b'Adreno 305',,b'Yes',b'890N',,,,b'0.45 W/kg (head) \xc2\xa0 \xc2\xa0 1.32 W/kg (body)',,
b'vodafone',b'Vodafone Smart 4 power',b'https://fdn2.gsmarena.com/vv/bigpic/vodafone-smart-4-power.jpg',b'GSM / HSPA / LTE',b'GSM 850 / 900 / 1800 / 1900',,,"b'2014, June. Released 2014, June'",b'Discontinued',b'141 x 71.4 x 9.5 mm (5.55 x 2.81 x 0.37 in)',b'162 g (5.71 oz)',b'Micro-SIM',b'IPS LCD',"b'5.0 inches, 68.9 cm2 (~68.5% screen-to-body ratio)'","b'540 x 960 pixels, 16:9 ratio (~220 ppi density)'",,b'microSDHC (dedicated slot)',,,b'4GB 1GB RAM',b'5 MP',b'Yes',,b'Yes',,b'Yes',"b'Wi-Fi 802.11 b/g/n, hotspot'","b'4.0, A2DP'","b'Yes, with A-GPS'","b'FM radio, RDS'",b'microUSB 2.0',"b'Accelerometer, proximity'",,,,,,"b'Li-Ion 3000 mAh, non-removable'",,,"b'Black, White'",b'About 150 EUR',b'HSDPA 900 / 2100',"b'HSPA, LTE Cat4 150/50 Mbps'",b'VGA',b'',,b'LED flash',"b'1, 3, 7, 8, 20'",,b'Android 4.4.2 (KitKat)',b'Mediatek MT6582M (28 nm)',b'Quad-core 1.3 GHz Cortex-A7',b'Mali-400MP2',,b'Yes',b'985N',b'0.31 W/kg (head) \xc2\xa0 \xc2\xa0 0.64 W/kg (body)',,,,,
b'vodafone',b'Vodafone Smart 4',b'https://fdn2.gsmarena.com/vv/bigpic/vodafone-smart-4.jpg',b'GSM / HSPA',b'GSM 900 / 1800 / 1900',,,"b'2014, May. Released 2014, May'",b'Discontinued',b'134.7 x 66 x 10.6 mm (5.30 x 2.60 x 0.42 in)',b'152 g (5.36 oz)',b'Micro-SIM',b'TFT',"b'4.5 inches, 55.8 cm2 (~62.8% screen-to-body ratio)'","b'480 x 854 pixels, 16:9 ratio (~218 ppi density)'",b'eMMC 4.5',b'microSDHC (dedicated slot)',,,b'4GB 512MB RAM',b'5 MP',b'Yes',,b'Yes',,b'Yes',"b'Wi-Fi 802.11 b/g/n, hotspot'","b'4.0, A2DP'","b'Yes, with A-GPS'",b'FM radio',b'microUSB 2.0',"b'Accelerometer, proximity'",,,,,,"b'Li-Ion 1880 mAh, removable'",,,"b'Black, White'",b'About 90 EUR',b'HSDPA 900 / 2100',b'HSPA',b'Yes',b'',,b'LED flash',,,b'Android 4.4.2 (KitKat)',b'Qualcomm MSM8210 Snapdragon 200 (28 nm)',b'Dual-core 1.2 GHz Cortex-A7',b'Adreno 302',,b'Yes (optional)',,,,,b'1.22 W/kg (head) \xc2\xa0 \xc2\xa0 0.82 W/kg (body)',,
b'vodafone',b'Vodafone Smart 4 mini',b'https://fdn2.gsmarena.com/vv/bigpic/vodafone-smart-mini-4.jpg',b'GSM / HSPA',b'GSM 850 / 900 / 1800 / 1900',,,"b'2014, April. Released 2014, April'",b'Discontinued',b'121.6 x 64.4 x 12.3 mm (4.79 x 2.54 x 0.48 in)',b'117 g (4.13 oz)',b'Mini-SIM',b'TFT',"b'4.0 inches, 45.5 cm2 (~58.2% screen-to-body ratio)'","b'480 x 800 pixels, 5:3 ratio (~233 ppi density)'",b'GSM 900 / 1800 / 1900',b'microSDHC (dedicated slot)',,,b'4GB 512MB RAM',b'3.15 MP',b'480p@30fps',b'No',b'Yes',,b'Yes',"b'Wi-Fi 802.11 b/g/n, hotspot'","b'4.0, A2DP'","b'Yes, with A-GPS'",b'FM radio',b'microUSB 2.0',"b'Accelerometer, proximity'",,,,,,"b'Li-Ion 1400 mAh, removable'",b'Up to 600 h (2G) / Up to 600 h (3G)',b'Up to 8 h (2G) / Up to 8 h (3G)',"b'Black, White'",b'About 50 EUR',b'HSDPA 900 / 2100',b'HSPA',,,,,,,b'Android 4.2.2 (Jelly Bean)',b'Mediatek MT6572 (28 nm)',b'Dual-core 1.3 GHz Cortex-A7',b'Mali-400',,b'No',,b'0.66 W/kg (head)',,,,,
b'vodafone',b'Vodafone Smart Tab III 10.1',b'https://fdn2.gsmarena.com/vv/bigpic/Vodafone-Smart-Tab-III-101.jpg',b'GSM / HSPA',b'GSM 850 / 900 / 1800 / 1900',,,"b'2013, October. Released 2013, October'",b'Discontinued',b'260 x 180 x 8.6 mm (10.24 x 7.09 x 0.34 in)',b'560 g (1.23 lb)',b'Mini-SIM',b'TFT',"b'10.1 inches, 295.8 cm2 (~63.2% screen-to-body ratio)'","b'800 x 1280 pixels, 16:10 ratio (~149 ppi density)'",b'HDMI port',b'microSDXC (dedicated slot)',,,b'16GB',b'5 MP',b'1080p@30fps',,b'Yes',,b'Yes',"b'Wi-Fi 802.11 b/g/n, hotspot'","b'4.0, A2DP, EDR'","b'Yes, with A-GPS'",b'No',b'microUSB 2.0',b'Accelerometer',,,,,,"b'Li-Ion, non-removable'",b'Up to 240 h (2G) / Up to 240 h (3G)',,b'Black',,b'HSDPA 850 / 900 / 1900 / 2100',b'HSPA',b'VGA',b'',,,,,b'Android 4.2 (Jelly Bean)',b'Mediatek MT8389',b'Quad-core 1.2 GHz Cortex-A7',b'PowerVR SGX544',,b'No',,,,,,,
b'vodafone',b'Vodafone Smart Tab III 7',b'https://fdn2.gsmarena.com/vv/bigpic/Vodafone-Smart-Tab-III-70.jpg',b'GSM / HSPA',b'GSM 850 / 900 / 1800 / 1900',,,"b'2013, October. Released 2013, October'",b'Discontinued',b'194 x 120 x 11 mm (7.64 x 4.72 x 0.43 in)',b'350 g (12.35 oz)',b'Mini-SIM',b'TFT',"b'7.0 inches, 137.9 cm2 (~59.2% screen-to-body ratio)'","b'600 x 1024 pixels, 16:9 ratio (~170 ppi density)'",,b'microSDXC (dedicated slot)',,,b'16GB',b'5 MP',b'Yes',,b'Yes',,b'Yes',"b'Wi-Fi 802.11 b/g/n, hotspot'","b'2.1, A2DP, EDR'","b'Yes, with A-GPS'",b'No',b'microUSB 2.0',b'Accelerometer',,,,,,"b'Li-Ion, non-removable'",,,b'Black',,b'HSDPA 850 / 900 / 1900 / 2100',b'HSPA',b'VGA',b'',,,,,b'Android 4.2 (Jelly Bean)',b'Mediatek MT8389',b'Quad-core 1.2 GHz Cortex-A7',b'PowerVR SGX544',,b'No',,,,,,,
b'vodafone',b'Vodafone Chat 655',b'https://fdn2.gsmarena.com/vv/bigpic/vodafone-655.jpg',b'GSM / HSPA',b'GSM 850 / 900 / 1800 / 1900',,,b'2013. Released 2013',b'Discontinued',b'112 x 61.1 x 11 mm (4.41 x 2.41 x 0.43 in)',b'104 g (3.67 oz)',b'Mini-SIM',b'TFT',"b'2.4 inches, 17.8 cm2 (~26.1% screen-to-body ratio)'","b'320 x 240 pixels, 4:3 ratio (~167 ppi density)'",b'No',b'microSDHC (dedicated slot)',"b'Yes, Photocall'",b'Yes',b'64MB',b'2 MP',b'Yes',b'OS level SNS integration MP3 player MP4/H.263 player Organizer Voice memo Photo viewer Predictive text input',b'Yes',,b'Yes',"b'Wi-Fi 802.11 b/g/n, hotspot'",b'Yes',b'Yes',b'FM radio',b'2.0',b'',"b'SMS(threaded view), MMS, Email, IM'",,b'Yes',b'Yes',,"b'Li-Ion, removable'",b'Up to 509 h',b'Up to 5 h',b'Gray',,b'HSDPA 2100',b'HSPA',,,,,,,,,,,,b'No',,,,,,b'QWERTY',
b'vodafone',b'Vodafone Smart Mini',b'https://fdn2.gsmarena.com/vv/bigpic/vodafone-smart-mini.jpg',b'GSM / HSPA',b'GSM 850 / 900 / 1800 / 1900',,,"b'2013, June. Released 2013, June'",b'Discontinued',b'115 x 62.3 x 12.2 mm (4.53 x 2.45 x 0.48 in)',b'118 g (4.16 oz)',b'Mini-SIM',b'TFT',"b'3.5 inches, 36.5 cm2 (~50.9% screen-to-body ratio)'","b'320 x 480 pixels, 3:2 ratio (~165 ppi density)'",b'No',b'microSDHC (dedicated slot)',,,b'4GB 512MB RAM',b'2 MP',b'480p@30fps',,b'Yes',,b'Yes',"b'Wi-Fi 802.11 b/g/n, hotspot'","b'4.0, A2DP'","b'Yes, with A-GPS'",b'FM radio',b'microUSB 2.0',b'Accelerometer',,,,,,"b'Li-Ion, removable'",b'Up to 500 h (2G) / Up to 300 h (3G)',b'Up to 13 h (2G) / Up to 7 h (3G)',b'Black',b'About 50 EUR',b'HSDPA 900 / 2100',b'HSPA',,,,,,,b'Android 4.1 (Jelly Bean)',b'Mediatek MT6575 (40 nm)',b'1.0 GHz Cortex-A9',b'PowerVR SGX531',,b'No',,,,,,,
b'vodafone',b'Vodafone Smart III 975',b'https://fdn2.gsmarena.com/vv/bigpic/vodafone-smart-iii-975.jpg',b'GSM / HSPA',b'GSM 850 / 900 / 1800 / 1900',,,b'2013. Released 2013',b'Discontinued',b'123.2 x 64.4 x 10.9 mm (4.85 x 2.54 x 0.43 in)',b'136 g (4.80 oz)',b'Mini-SIM',b'TFT',"b'4.0 inches, 45.5 cm2 (~57.4% screen-to-body ratio)'","b'480 x 800 pixels, 5:3 ratio (~233 ppi density)'",b'No',b'microSDHC (dedicated slot)',,,b'4GB 512MB RAM',"b'5 MP, AF'",b'720p@30fps',,b'Yes',,b'Yes',"b'Wi-Fi 802.11 b/g/n, hotspot'","b'4.0, A2DP'","b'Yes, with A-GPS'",b'FM radio',b'microUSB 2.0',"b'Accelerometer, proximity'",,,,,,"b'Li-Ion 1500 mAh, removable'",b'Up to 475 h (2G) / Up to 388 h (3G)',b'Up to 6 h',"b'Black, White, Hot Pink, Titan'",b'About 110 EUR',b'HSDPA 900 / 2100',b'HSPA',,,,b'LED flash',,,b'Android 4.1 (Jelly Bean)',b'Mediatek MT6575 (40 nm)',b'1.0 GHz Cortex-A9',b'PowerVR SGX531',,b'Yes (975N model only)',,,,,b'0.54 W/kg (head) \xc2\xa0 \xc2\xa0 0.76 W/kg (body)',,
b'vodafone',b'Vodafone Smart Tab II 10',b'https://fdn2.gsmarena.com/vv/bigpic/vodafone-smart-tab-10-ii.jpg',b'GSM / HSPA',b'GSM 900 / 1800 / 1900',,,"b'2012, November. Released 2012, November'",b'Discontinued',b'259.8 x 178 x 8.7 mm (10.23 x 7.01 x 0.34 in)',b'580 g (1.28 lb)',b'Mini-SIM',b'TFT',"b'10.0 inches, 290.0 cm2 (~62.7% screen-to-body ratio)'","b'800 x 1280 pixels, 16:10 ratio (~151 ppi density)'",b'HDMI port',b'No',,,b'16GB 1GB RAM',"b'5 MP, AF'",b'Yes',,"b'Yes, with stereo speakers'",,b'Yes',"b'Wi-Fi 802.11 b/g/n, hotspot, DLNA'","b'4.0, A2DP'","b'Yes, with A-GPS'",b'No',b'2.0',b'Accelerometer',,,,,,"b'Li-Ion 6340 mAh, non-removable'",,,b'Gray',b'About 270 EUR',b'HSDPA 900 / 2100',b'HSPA',b'1.3 MP',b'',,,,,b'Android 4.0.3 (Ice Cream Sandwich)',b'Qualcomm MSM8260 Snapdragon S3',b'Dual-core 1.5 GHz Scorpion',b'Adreno 220',,b'No',,b'1.10 W/kg (body)',,,,,
b'vodafone',b'Vodafone Smart Tab II 7',b'https://fdn2.gsmarena.com/vv/bigpic/vodafone-smart-tab-ii.jpg',b'GSM / HSPA',b'GSM 900 / 1800 / 1900',,,"b'2012, November. Released 2012, November'",b'Discontinued',b'192 x 122 x 11.4 mm (7.56 x 4.80 x 0.45 in)',b'400 g (14.11 oz)',b'Mini-SIM',b'TFT',"b'7.0 inches, 137.9 cm2 (~58.9% screen-to-body ratio)'","b'600 x 1024 pixels, 16:9 ratio (~170 ppi density)'",,b'microSDHC (dedicated slot)',,,b'4GB 1GB RAM',b'2 MP',b'Yes',,"b'Yes, with stereo speakers'",,b'Yes',"b'Wi-Fi 802.11 b/g/n, DLNA, hotspot'",b'3.0',"b'Yes, with A-GPS'",b'No',b'2.0',b'Accelerometer',,,,,,"b'Li-Ion 3550 mAh, non-removable'",,b'Up to 7 h',b'Gray',b'About 180 EUR',b'HSDPA 900 / 2100',b'HSPA',b'VGA',b'',,,,,b'Android 4.0.4 (Ice Cream Sandwich)',b'Mediatek MT6575 (40 nm)',b'1.0 GHz Cortex-A9',b'PowerVR SGX531',,b'No',,b'0.93 W/kg (body)',,,,,
b'vodafone',b'Vodafone V860 Smart II',b'https://fdn2.gsmarena.com/vv/bigpic/vodafone-smart-ii.jpg',b'GSM / HSPA',b'GSM 850 / 900 / 1800 / 1900',,,"b'2012, June. Released 2012, June'",b'Discontinued',b'109 x 58 x 12.3 mm (4.29 x 2.28 x 0.48 in)',b'120 g (4.23 oz)',b'Mini-SIM',b'TFT',"b'3.2 inches, 30.5 cm2 (~48.2% screen-to-body ratio)'","b'320 x 480 pixels, 3:2 ratio (~180 ppi density)'",b'No',"b'microSDHC (dedicated slot), 2 GB included'",,,b'1GB 512MB RAM',b'3.15 MP',b'480p@20fps',b'Vodafone Music MP3/WMA/eAAC+ player MP4/H.264 player Organizer Document viewer Photo viewer/editor Voice memo/dial/commands Predictive text input (Swype)',b'Yes',,b'Yes',"b'Wi-Fi 802.11 b/g/n, hotspot'","b'2.1, A2DP'","b'Yes, with A-GPS'","b'FM radio, RDS'",b'microUSB 2.0',"b'Accelerometer, proximity, compass'",,,,,,b'Removable Li-Ion 1200 mAh battery',b'Up to 400 h',b'Up to 9 h',"b'Black, White'",b'About 70 EUR',b'HSDPA 2100',b'HSPA 7.2/5.76 Mbps',,,,b'LED flash',,,b'Android 2.3.7 (Gingerbread)',b'BCM21553',b'832 MHz ARMv6',,,,,,,,,,
b'vodafone',b'Vodafone Smart Tab 10',b'https://fdn2.gsmarena.com/vv/bigpic/vodafone-smart-tab.jpg',b'GSM / HSPA',b'GSM 850 / 900 / 1800 / 1900',,,"b'2012, February. Released 2012, February'",b'Discontinued',b'-',b'-',b'Mini-SIM',b'TFT',"b'10.0 inches, 290.0 cm2'","b'800 x 1280 pixels, 16:10 ratio (~151 ppi density)'",b'MP4/H.264 player MP3/WAV/eAAC+ player Organizer Photo/video editor Document viewer Voice memo Predictive text input',b'microSDHC (dedicated slot)',,,b'16GB (12.7GB user available)',"b'5 MP, AF'",b'720p',,"b'Yes, with stereo speakers'",,b'Yes',"b'Wi-Fi 802.11 b/g/n, hotspot'","b'2.1, A2DP, EDR'","b'Yes, with A-GPS'",b'No',b'2.0',"b'Accelerometer, compass'",,,,,,b'Non-removable Li-Ion battery',,,b'Black',b'About 300 EUR',b'HSDPA 2100',b'HSPA 14.4/5.76 Mbps',b'2 MP',b'',,,,,b'Android 3.2 (Honeycomb)',b'Qualcomm MSM8260 Snapdragon S3',b'Dual-core 1.2 GHz Scorpion',b'Adreno 220',,,,,,,,,
b'vodafone',b'Vodafone Smart Tab 7',b'https://fdn2.gsmarena.com/vv/bigpic/vodafone-smart-tab-7.jpg',b'GSM / HSPA',b'GSM 850 / 900 / 1800 / 1900',,,"b'2012, February. Released 2012, February'",b'Discontinued',b'194 x 120 x 11.4 mm (7.64 x 4.72 x 0.45 in)',b'319 g (11.25 oz)',b'Mini-SIM',b'TFT',"b'7.0 inches, 142.1 cm2 (~61.0% screen-to-body ratio)'","b'800 x 1280 pixels, 16:10 ratio (~216 ppi density)'",b'MP4/H.264 player MP3/WAV/eAAC+ player Organizer Photo/video editor Document viewer Voice memo Predictive text input',b'microSDHC (dedicated slot)',,,b'16GB (12.7GB user available)',"b'5 MP, AF'",b'720p',,"b'Yes, with stereo speakers'",,b'Yes',"b'Wi-Fi 802.11 b/g/n, hotspot'","b'2.1, A2DP, EDR'","b'Yes, with A-GPS'",b'No',b'2.0',"b'Accelerometer, compass'",,,,,,b'Non-removable Li-Ion 3400 mAh battery',,b'Up to 7 h',b'Black',b'About 230 EUR',b'HSDPA 2100',b'HSPA 14.4/5.76 Mbps',b'2 MP',b'',,,,,b'Android 3.2 (Honeycomb)',b'Qualcomm MSM8260 Snapdragon S3',b'Dual-core 1.2 GHz Scorpion',b'Adreno 220',,,,,,,,,
b'vodafone',b'Vodafone 155',b'https://fdn2.gsmarena.com/vv/bigpic/vodafone-155.jpg',b'GSM',b'GSM 900 / 1800',b'No',b'No',b'2012',b'Discontinued',b'110 x 56.5 x 13.5 mm (4.33 x 2.22 x 0.53 in)',b'68 g (2.40 oz)',b'Mini-SIM',b'TFT',"b'1.7 inches, 9.1 cm2 (~14.6% screen-to-body ratio)'",b'128 x 160 pixels (~121 ppi density)',b'SOS button Flashlight',b'No',b'Yes',b'Yes',b'0.3MB',,,b'No',b'Yes',,b'No',b'No',b'No',b'No',b'FM radio',b'microUSB (charging only)',b'',b'SMS',,b'No',b'No',b'Organizer Speed dial',b'Removable Li-Ion battery',b'Up to 700 h',b'Up to 10 h',b'Black',b'About 30 EUR',,,,,,,,,,,,,,,,,,,,,
b'vodafone',b'Vodafone 555 Blue',b'https://fdn2.gsmarena.com/vv/bigpic/vodafone-555-new.jpg',b'GSM',b'GSM 900 / 1800',b'Yes',b'Yes',"b'2011, July. Released 2011, August'",b'Discontinued',b'110 x 61.1 x 12 mm (4.33 x 2.41 x 0.47 in)',b'-',b'Mini-SIM',"b'TFT, 256K colors'","b'2.4 inches, 17.8 cm2 (~26.5% screen-to-body ratio)'","b'320 x 240 pixels, 4:3 ratio (~167 ppi density)'",b'No',b'microSDHC (dedicated slot)',"b'Yes, Photocall'",b'Yes',b'40MB',b'2 MP',b'Yes',b'Facebook dedicated key OS level SNS integration MP3/eAAC+/WMA player MP4/H.263 player Organizer Voice memo Predictive text input',b'Yes',,b'Yes',b'No',"b'2.1, A2DP'",b'No',"b'FM radio, RDS'",b'2.0',b'',"b'SMS, MMS, Email, IM'",,b'Yes',"b'Yes, MIDP 2.0'",,b'Removable Li-Ion 1000 mAh battery',b'Up to 324 h',b'Up to 3 h',b'White',b'About 70 EUR',,,,,,b'LED flash',,,,,b'200 MHz MTK 6235',,,,,,,,,b'QWERTY',
b'vodafone',b'Vodafone 858 Smart',b'https://fdn2.gsmarena.com/vv/bigpic/vodafone-smart.jpg',b'GSM / HSPA',b'GSM 850 / 900 / 1800 / 1900',,,"b'2011, May. Released 2011, June'",b'Discontinued',b'103.8 x 56.8 x 12.6 mm (4.09 x 2.24 x 0.50 in)',b'104 g (3.67 oz)',b'Mini-SIM',"b'TFT, 256K colors'","b'2.8 inches, 24.3 cm2 (~41.2% screen-to-body ratio)'","b'240 x 320 pixels, 4:3 ratio (~143 ppi density)'",b'No',b'microSDHC (dedicated slot)',,,b'130MB',b'2 MP',b'Yes',b'Vodafone Music MP3/WMA/eAAC+ player MP4/H.264 player Organizer Photo viewer/editor Voice memo/dial/commands Predictive text input (Swype)',b'Yes',,b'Yes',"b'Wi-Fi 802.11 b/g, hotspot'","b'2.1, A2DP'","b'Yes, with A-GPS'","b'Stereo FM radio, RDS'",b'microUSB 2.0',"b'Accelerometer, proximity, compass'",,b'HTML',,,,b'Removable Li-Ion battery',b'Up to 250 h (2G) / Up to 380 h (3G)',b'Up to 4 h (2G) / Up to 4 h 30 min (3G)',"b'White, Black, custom graphic designs'",b'About 130 EUR',b'HSDPA 2100',b'HSPA 3.6/0.384 Mbps',,,,,,,b'Android 2.2 (Froyo)',b'Qualcomm MSM7225 Snapdragon S1',b'528 MHz ARM 11',b'No',,,,,,,,,
b'vodafone',b'Vodafone 945',b'https://fdn2.gsmarena.com/vv/bigpic/Vodafone-945.jpg',b'GSM / HSPA',b'GSM 900 / 1800 / 1900',,,"b'2010, September. Released 2010, Q4'",b'Discontinued',b'109.1 x 55.9 x 14.1 mm (4.30 x 2.20 x 0.56 in)',b'130 g (4.59 oz)',b'Mini-SIM',"b'TFT,  256K colors'","b'3.2 inches, 29.1 cm2 (~47.8% screen-to-body ratio)'","b'240 x 400 pixels, 5:3 ratio (~146 ppi density)'",b'MP3/WAV/eAAC+/WMA player MP4/H.264 player Organizer Voice memo Predictive text input',b'microSDHC (dedicated slot)',,,b'300MB',b'5 MP',b'Yes',,b'Yes',,b'No',b'Wi-Fi 802.11 b/g',"b'2.1, A2DP'","b'Yes, with A-GPS'",b'No',b'2.0',b'Accelerometer',,b'HTML',,,,b'Removable Li-Ion 1500 mAh battery',b'Up to 216 h (2G) / Up to 233 h (3G)',b'Up to 4 h (2G) / Up to 4 h (3G)',"b'Black, Silver'",,b'HSDPA 900 / 2100',b'HSPA 3.6/0.384 Mbps',b'Yes',b'',,b'LED flash',,,b'Android 2.1 (Eclair)',,,,,,,b'1.18 W/kg (head)',,,,,
b'vodafone',b'Vodafone 553',b'https://fdn2.gsmarena.com/vv/bigpic/vodafone-553.jpg',b'GSM',b'GSM 900 / 1800',b'Class 12',b'Class 12',"b'2010, September. Released 2010, Q4'",b'Discontinued',b'108 x 53 x 14.9 mm (4.25 x 2.09 x 0.59 in)',b'119 g (4.20 oz)',b'Mini-SIM',"b'TFT resistive touchscreen, 256K colors'","b'2.8 inches, 24.3 cm2 (~42.4% screen-to-body ratio)'","b'240 x 320 pixels, 4:3 ratio (~143 ppi density)'",b'No',b'microSDHC (dedicated slot)',"b'1000 entries, Photocall'",b'Practically unlimited',b'50MB',b'2 MP',b'Yes',"b'Facebook, Twitter, Gtalk, Yahoo messenger, ICQ MP3/WAV player MP4/H.263 player Organizer Voice memo Predictive text input'",b'Yes',,b'No',b'No',"b'2.0, A2DP'",b'No',b'FM radio',b'2.0',b'',"b'SMS, MMS, Email, IM'","b'WAP 2.0/xHTML, HTML'",b'Yes',"b'Yes, MIDP 2.0'",,b'Removable Li-Ion 900 mAh battery',b'Up to 384 h',b'Up to 5 h 20 min',"b'White, Black, Pink, Silver'",,,,,,,,,,,,,,,,,,,,,b'QWERTY',
b'vodafone',b'Vodafone 360 H2',b'https://fdn2.gsmarena.com/vv/bigpic/vodafone-360-h2.jpg',b'GSM / HSPA',b'GSM 850 / 900 / 1800 / 1900',,,b'Not officially announced yet',b'Discontinued',b'125 x 60.8 x 11.7 mm (4.92 x 2.39 x 0.46 in)',b'137 g (4.83 oz)',b'Mini-SIM',b'Super AMOLED',"b'3.7 inches, 39.0 cm2 (~51.3% screen-to-body ratio)'","b'480 x 800 pixels, 5:3 ratio (~252 ppi density)'",b'3D UI',b'microSDHC (dedicated slot)',,,b'16GB',"b'8 MP, AF'",b'720p@30fps',b'MP3/eAAC+/WAV player DivX/WMV/MP4/H.264 player Organizer Document viewer Voice memo Predictive text input',b'Yes',,b'Yes',b'Wi-Fi 802.11 b/g/n',"b'3.0, A2DP'","b'Yes, with A-GPS'","b'Stereo FM radio, RDS'",b'microUSB 2.0',"b'Accelerometer, proximity, compass'",,b'HTML',,,,b'Removable Li-Ion battery',,,"b'Black, Silver'",,b'HSDPA 2100',b'HSPA 7.2/5.76 Mbps',b'Yes',b'',,b'LED flash',,,b'LiMo OS',,b'1.0 GHz Cortex-A8',b'PowerVR SGX',,,,,,,,,
b'vodafone',b'Vodafone 845',b'https://fdn2.gsmarena.com/vv/bigpic/vodafone-845-final.jpg',b'GSM / HSPA',b'GSM 900 / 1800 / 1900',,,"b'2010, April. Released 2010, May'",b'Discontinued',b'99 x 55 x 14 mm (3.90 x 2.17 x 0.55 in)',b'109 g (3.84 oz)',b'Mini-SIM',"b'TFT resistive touchscreen, 256K colors'","b'2.8 inches, 24.3 cm2 (~44.6% screen-to-body ratio)'","b'240 x 320 pixels, 4:3 ratio (~143 ppi density)'",b'No',b'microSDHC (dedicated slot)',,,b'512MB 128MB RAM',"b'3.15 MP, AF'",b'Yes',b'MP3/WAV/eAAC+/WMA player MP4/H.264 player Document viewer  Organizer Photo/video editor Voice memo Predictive text input',b'Yes',,b'Yes',b'Wi-Fi 802.11 b/g',"b'2.1, A2DP'","b'Yes, with A-GPS'",b'Stereo FM radio',b'2.0',"b'Accelerometer, compass'",,b'HTML',,,,b'Removable Li-Ion 1200 mAh battery',b'Up to 288 h',b'Up to 3 h 30 min',b'Black',b'About 100 EUR',b'HSDPA 900 / 2100',b'HSPA 3.6/0.384 Mbps',,,,,,,b'Android 2.1 (Eclair)',,,,,,,,,,,,
b'vodafone',b'Vodafone 547',b'https://fdn2.gsmarena.com/vv/bigpic/vodafone-547.jpg',b'GSM',b'GSM 850 / 900 / 1800 / 1900',b'Class 10',b'Class 10',"b'2010, April. Released 2010, April'",b'Discontinued',b'-',b'-',b'Mini-SIM',"b'TFT resistive touchscreen, 256K colors'","b'2.8 inches, 22.3 cm2'","b'240 x 400 pixels, 5:3 ratio (~167 ppi density)'",b'No',b'microSD (dedicated slot)',"b'Yes, Photocall'",b'Yes',,b'2 MP',b'Yes',b'MP3/AAC player MP4/H.264 player Organizer Voice memo Predictive text input',b'Yes',,b'No',b'No',b'2.0',b'No',"b'Stereo FM radio, RDS'",b'Proprietary',b'',"b'SMS, MMS, Email'",b'WAP 2.0/xHTML (Opera Mini)',b'Yes',"b'Yes, MIDP 2.0'",,b'Removable Li-Ion battery',,,"b'Black, White, Red'",b'About 40 EUR',,,,,,,,,,,,,,,,b'0.65 W/kg (head)',,,,,
b'vodafone',b'Vodafone 546',b'https://fdn2.gsmarena.com/vv/bigpic/vodafone-546.jpg',b'GSM',b'GSM 850 / 900 / 1800 / 1900',b'Class 10',b'Class 10',"b'2010, April. Released 2010, April'",b'Discontinued',b'-',b'-',b'Mini-SIM',"b'TFT, 256K colors'","b'2.2 inches, 15.0 cm2'","b'320 x 240 pixels, 4:3 ratio (~182 ppi density)'",b'No',b'microSD (dedicated slot)',"b'Yes, Photocall'",b'Yes',,b'2 MP',b'Yes',b'MP3 player MP4/H.263 player Organizer Voice memo Predictive text input',b'Yes',,b'No',b'No',b'2.1',b'No',"b'FM radio, RDS'",b'No',b'',"b'SMS, MMS, Email'",b'WAP 2.0/xHTML (Opera Mini)',b'Yes',"b'Yes, MIDP 2.0'",,b'Removable Li-Ion battery',,,"b'Black, White'",,,,,,,,,,,,,,,,,,,,,b'QWERTY',
b'vodafone',b'Vodafone 543',b'https://fdn2.gsmarena.com/vv/bigpic/vodafone-543.jpg',b'GSM',b'GSM 850 / 900 / 1800 / 1900',b'Class 10',b'Class 10',"b'2010, April. Released 2010, April'",b'Discontinued',b'-',b'-',b'Mini-SIM',"b'TFT resistive touchscreen, 256K colors'","b'2.4 inches, 17.8 cm2'","b'240 x 320 pixels, 4:3 ratio (~167 ppi density)'",b'No',b'microSD (dedicated slot)',"b'Yes, Photocall'",b'Yes',,b'1.3 MP',b'Yes',b'MP3/AAC player MP4/H.264 player Organizer Voice memo Predictive text input',b'Yes',,b'No',b'No',b'2.1',b'No',"b'Stereo FM radio, RDS'",b'Proprietary',b'',"b'SMS, MMS'",b'WAP 2.0/xHTML (Opera Mini)',b'Yes',"b'Yes, MIDP 2.0'",,b'Removable Li-Ion battery',,,"b'Black, Red'",b'About 30 EUR',,,,,,,,,,,,,,,,,,,,,
b'vodafone',b'Vodafone 350 Messaging',b'https://fdn2.gsmarena.com/vv/bigpic/vodafone-350-messaging-new.jpg',b'GSM',b'GSM 900 / 1800 / 1900',b'Class 10',b'Yes',"b'2010, April. Released 2010, August'",b'Discontinued',b'-',b'-',b'Mini-SIM',"b'TFT, 65K colors'",b'1.8 inches',b'',b'No',b'No',b'Yes',b'Yes',,,,b'Weather forecast Calculator Fake calls Currency converter Predictive text input',b'Yes',,b'No',b'No',b'No',b'No',b'FM radio',b'No',b'',"b'SMS, MMS, Email'",b'WAP 2.0/xHTML',b'Yes',b'No',,b'Removable Li-Ion battery',,,"b'Black, White, Pink'",,,,,,,,,,,,,,,,,,,,,b'QWERTY',
b'vodafone',b'Vodafone 345 Text',b'https://fdn2.gsmarena.com/vv/bigpic/vodafone-350-messaging-new.jpg',b'GSM',b'GSM 900 / 1800 / 1900',b'No',b'No',"b'2010, April. Released 2010, July'",b'Discontinued',b'-',b'-',b'Mini-SIM',"b'TFT, 65K colors'",b'1.8 inches',b'',b'No',b'No',b'Yes',b'Yes',,,,b'Calculator Fake calls Currency converter Predictive text input',b'Yes',,b'No',b'No',b'No',b'No',b'FM radio',b'No',b'',b'SMS',b'No',b'Yes',b'No',,b'Removable Li-Ion battery',,,"b'Black, White, Pink'",b'About 20 EUR',,,,,,,,,,,,,,,,,,,,b'QWERTY',
b'vodafone',b'Vodafone 248',b'https://fdn2.gsmarena.com/vv/bigpic/vodafone-248.jpg',b'GSM',b'GSM 900 / 1800 / 1900',b'No',b'No',"b'2010, April. Released 2010, May'",b'Discontinued',b'-',b'-',b'Mini-SIM',"b'TFT, 65K colors'",b'1.8 inches',b'',b'No',b'No',b'Yes',b'Yes',,,,b'Calculator Currency converter Predictive text input',b'Yes',,b'No',b'No',b'No',b'No',b'FM radio',b'No',b'',b'SMS',b'No',b'No',b'No',,b'Removable Li-Ion battery',,,b'Black',,,,,,,,,,,,,,,,,,,,,,
b'vodafone',b'Vodafone 247 Solar',b'https://fdn2.gsmarena.com/vv/bigpic/vodafone-247.jpg',b'GSM',b'GSM 900 / 1800 / 1900',b'No',b'No',"b'2010, April. Released 2010, May'",b'Discontinued',b'-',b'-',b'Mini-SIM',"b'TFT, 65K colors'",b'1.44 inches',b'',b'Flashlight',b'No',b'Yes',b'Yes',,,,b'No',b'Yes',,b'No',b'No',b'No',b'No',b'FM radio',b'No',b'',b'SMS',b'No',b'No',b'No',b'Made of eco-friendly materials Calculator Currency converter Predictive text input',b'Removable Li-Ion battery',b'',b'',b'Black',,,,,,,,,,,,,,,,,,,b'Solar panel for battery charging',,,
b'vodafone',b'Vodafone 246',b'https://fdn2.gsmarena.com/vv/bigpic/vodafone-247.jpg',b'GSM',b'GSM 900 / 1800 / 1900',b'No',b'No',"b'2010, April. Released 2010, April'",b'Discontinued',b'-',b'-',b'Mini-SIM',"b'TFT, 65K colors'",b'1.44 inches',b'',b'Flashlight',b'No',b'Yes',b'Yes',,,,b'No',b'Yes',,b'No',b'No',b'No',b'No',"b'Stereo FM radio, RDS'",b'No',b'',b'SMS',b'No',b'No',b'No',b'Calculator Currency converter Predictive text input',b'Removable Li-Ion battery',,,b'Black',,,,,,,,,,,,,,,,,,,,,,
b'vodafone',b'Vodafone 250',b'https://fdn2.gsmarena.com/vv/bigpic/vodafone-250.jpg',b'GSM',b'GSM 900 / 1800',b'No',b'No',"b'2010, February. Released 2010, February'",b'Discontinued',b'-',b'-',b'Mini-SIM',"b'CSTN, 65K colors'","b'1.45 inches, 6.8 cm2'","b'128 x 128 pixels, 1:1 ratio (~125 ppi density)'",b'Flashlight',b'No',b'100 entries',b'Yes',b'No',,,b'No',b'Yes',,b'No',b'No',b'No',b'No',b'FM radio',b'miniUSB (charging only)',b'',b'SMS',b'No',b'Yes',b'No',b'Organizer Voice memo',b'Removable Li-Ion 500 mAh battery',b'Up to 400 h',b'Up to 5 h',"b'Black, Grey-Blue'",b'About 10 EUR',,,,,,,,,,,,,,,,,,,,,
b'vodafone',b'Vodafone 150',b'https://fdn2.gsmarena.com/vv/bigpic/vodafone-150.jpg',b'GSM',b'GSM 900 / 1800',b'No',b'No',"b'2010, February. Released 2010, February'",b'Discontinued',b'-',b'-',b'Mini-SIM',"b'STN, monochrome graphics'","b'1.0 inches, 3.0 cm2'","b'96 x 64 pixels, 3:2 ratio (~115 ppi density)'",b'Flashlight',b'No',b'100 entries',b'Yes',b'No',,,b'No',b'Yes',,b'No',b'No',b'No',b'No',b'No',b'miniUSB (charging only)',b'',b'SMS',b'No',b'Yes',b'No',b'Organizer Voice memo',b'Removable Li-Ion 500 mAh battery',b'Up to 400 h',b'Up to 5 h',b'Black',b'About 10 EUR',,,,,,,,,,,,,,,,,,,,,
b'vodafone',b'Vodafone 1240',b'https://fdn2.gsmarena.com/vv/bigpic/vodafone-1240.jpg',b'GSM / HSPA',b'GSM 850 / 900 / 1800 / 1900',,,"b'2009, November. Released 2009, November'",b'Discontinued',b'-',b'-',b'Mini-SIM',"b'TFT, 256K colors'","b', -'","b'320 x 240 pixels, 4:3 ratio'",b'No',b'microSD (dedicated slot)',"b'1000 entries, Photocall'",b'Yes',,b'2 MP',b'Yes',b'MP3/AAC player MP4/H.264 player Document viewer Organizer Voice memo Predictive text input',b'Yes',,b'No',b'No',"b'2.0, A2DP'",b'',b'No',b'2.0',b'',"b'SMS, MMS, Email, Push Email'","b'WAP 2.0/xHTML, HTML'",b'Yes',"b'Yes, MIDP 2.0'",,b'Removable Li-Ion battery',b'Up to 400 h',b'Up to 3 h 30 min',b'Black',,b'HSDPA 2100',b'HSPA 3.6/0.384 Mbps',,,,,,,,,,,,,,,,,,b'QWERTY',
b'vodafone',b'Vodafone 840',b'https://fdn2.gsmarena.com/vv/bigpic/vodafone-840.jpg',b'GSM / UMTS',b'GSM 900 / 1800 / 1900',,,"b'2009, November. Released 2009, November'",b'Discontinued',b'106 x 56 x 13.9 mm (4.17 x 2.20 x 0.55 in)',b'93 g (3.28 oz)',b'Mini-SIM',"b'TFT, 65K colors'","b'2.8 inches, 24.3 cm2 (~40.9% screen-to-body ratio)'","b'240 x 320 pixels, 4:3 ratio (~143 ppi density)'",b'MP3/AAC player MP4/H.264 player Organizer Voice memo Predictive text input',b'microSDHC (dedicated slot)',"b'1000 contacts, Photocall'",b'Yes',b'100MB',b'2 MP',b'Yes',,b'Yes',,b'No',b'No',"b'2.0, A2DP'",b'No',b'No',b'2.0',b'',"b'SMS, MMS, Email'","b'WAP 2.0/xHTML, HTML'",b'Yes',"b'Yes, MIDP 2.0'",,b'Removable Li-Ion battery',b'Up to 380 h',b'Up to 4 h',"b'Silver, White, Pink, Green'",,b'UMTS 2100',"b'Yes, 384 kbps'",b'Yes',b'',,,,,,,,,,,,,,,,,
b'vodafone',b'Vodafone 541',b'https://fdn2.gsmarena.com/vv/bigpic/vodafone-541.jpg',b'GSM',b'GSM 900 / 1800 / 1900',b'Class 10',b'No',"b'2009, November. Released 2009, November'",b'Discontinued',b'96 x 52 x 16 mm (3.78 x 2.05 x 0.63 in)',b'82 g (2.89 oz)',b'Mini-SIM',"b'TFT, 256K colors'","b'2.4 inches, 17.8 cm2 (~35.7% screen-to-body ratio)'","b'240 x 320 pixels, 4:3 ratio (~167 ppi density)'",b'Home screen widgets',b'microSDHC (dedicated slot)',"b'500 contacts, Photocall'",b'Yes',b'5MB',b'1.3 MP',b'Yes',b'No',b'Yes',,b'No',b'No',"b'2.0, A2DP'",b'No',"b'Stereo FM radio, RDS'",b'miniUSB 1.1',b'Accelerometer',"b'SMS, MMS, Email'",b'WAP 2.0/xHTML',b'Yes',"b'Yes, MIDP 2.0'",b'MP3/AAC player MP4/H.264 player Organizer Voice memo Predictive text input',b'Removable Li-Ion 750 mAh battery',b'Up to 380 h',b'Up to 4 h 30 min',"b'Black, White, Red, Pink'",,,,,,,,,,,,,,,,,,,,,,b'Up to 15 h'
b'vodafone',b'Vodafone 540',b'https://fdn2.gsmarena.com/vv/bigpic/vodafone-540.jpg',b'GSM',b'GSM 900 / 1800 / 1900',b'Class 10',b'No',"b'2009, November. Released 2009, November'",b'Discontinued',b'109 x 47 x 11.3 mm (4.29 x 1.85 x 0.44 in)',b'90 g (3.17 oz)',b'Mini-SIM',"b'TFT, 65K colors'","b'2.0 inches, 12.6 cm2 (~24.6% screen-to-body ratio)'",b'176 x 220 pixels (~141 ppi density)',b'No',b'microSDHC (dedicated slot)',"b'500 entries, Photocall'","b'20 dialed, 20 received, 20 missed calls'",b'8MB',b'2 MP',b'Yes',b'MP3/AAC player MP4/H.264 player Organizer Voice memo Predictive text input',b'Yes',,b'No',b'No',b'Yes',b'No',b'FM radio',b'',b'',"b'SMS, MMS, Email'","b'WAP 2.0/xHTML, HTML (Opera Mini)'",b'Yes',"b'Yes, MIDP 2.0'",,b'Removable Li-Ion 850 mAh battery',b'Up to 300 h',b'Up to 4 h',b'Black',,,,,,,,,,,,,,,,,,,,,,
b'vodafone',b'Vodafone 340',b'https://fdn2.gsmarena.com/vv/bigpic/vodafone-340.jpg',b'GSM',b'GSM 900 / 1800',b'Class 10',b'No',"b'2009, November. Released 2009, November'",b'Discontinued',b'109 x 45.5 x 12 mm (4.29 x 1.79 x 0.47 in)',b'69 g (2.43 oz)',b'Mini-SIM',"b'TFT, 65K colors'","b'1.5 inches, 7.1 cm2 (~14.3% screen-to-body ratio)'",b'128 x 160 pixels (~137 ppi density)',b'No',b'No',b'Yes',b'Yes',b'2MB',b'VGA',b'No',b'MP3/AAC player Organizer Voice memo Predictive text input',b'Yes',,b'No',b'No',b'Yes',b'No',b'FM radio',b'Proprietary',b'',"b'SMS, MMS, Email'",b'WAP 2.0/xHTML',b'Yes',b'No',,b'Removable Li-Ion 700 mAh battery',b'Up to 270 h',b'Up to 3 h',"b'Black, White, Pink'",b'About 20 EUR',,,,,,,,,,,,,,,,,,,,,
b'vodafone',b'Vodafone 360 H1',b'https://fdn2.gsmarena.com/vv/bigpic/vodafone-360-h1.jpg',b'GSM / HSPA',b'GSM 850 / 900 / 1800 / 1900',,,"b'2009, September. Released 2009, November'",b'Discontinued',"b'115.9 x 58 x 12.9 mm, 60 cc (4.56 x 2.28 x 0.51 in)'",b'134 g (4.73 oz)',b'Mini-SIM',b'AMOLED',"b'3.5 inches, 34.9 cm2 (~51.9% screen-to-body ratio)'","b'480 x 800 pixels, 5:3 ratio (~267 ppi density)'",b'3D user interface',b'microSDHC (dedicated slot)',,,b'16GB',"b'5 MP, AF'",b'720p@30fps',b'MP3/video player Organizer',b'Yes',,b'Yes',b'Wi-Fi 802.11 b/g',"b'2.0, A2DP'","b'Yes, with A-GPS'","b'Stereo FM radio, RDS'",b'2.0',b'',,b'HTML',,,,b'Removable Li-Ion battery',b'Up to 460 h',b'Up to 10 h (2G) / Up to 6 h 40 min (3G)',"b'Black, Silver'",,b'HSDPA 2100',b'HSPA',b'Yes',b'',,b'LED flash',,,b'LiMo OS',,b'600 MHz Cortex-A8',b'PowerVR SGX',,,,,,,,,
b'vodafone',b'Vodafone 360 M1',b'https://fdn2.gsmarena.com/vv/bigpic/vodafone-360-m1.jpg',b'GSM / HSPA',b'GSM 850 / 900 / 1800 / 1900',,,"b'2009, September. Released 2009, November'",b'Discontinued',b'112 x 55.4 x 13.4 mm (4.41 x 2.18 x 0.53 in)',b'111 g (3.92 oz)',b'Mini-SIM',b'TFT',"b'3.2 inches, 29.1 cm2 (~47.0% screen-to-body ratio)'","b'240 x 400 pixels, 5:3 ratio (~146 ppi density)'",b'Vodafone 360 3D UI applications',b'microSDHC (dedicated slot)',,,b'1GB',b'3.15 MP',b'480p@15fps',"b'MP3, AAC, AAC+, AAC+(e), WMA, AMR player DivX/XViD/MP4/H.264/WMV player Organizer'",b'Yes',,b'Yes',b'No',"b'2.0, A2DP'","b'Yes, with A-GPS'","b'Stereo FM radio, RDS'",b'2.0',b'',,b'HTML',,,,b'Removable Li-Ion 1500 mAh battery',b'Up to 490 h',b'Up to 10 h (2G) / Up to 6 h 40 min (3G)',"b'Black, White, Red'",b'About 290 EUR',b'HSDPA 2100',b'HSPA 3.6/0.384 Mbps',b'Yes',b'',,,,,b'Linux-based LiMo R2.0.1',,b'600 MHz Cortex-A8',b'PowerVR SGX',,,,,,,,,
b'vodafone',b'Vodafone 533 Crystal',b'https://fdn2.gsmarena.com/vv/bigpic/vodafone-533-crystal.jpg',b'GSM',b'GSM 900 / 1800 / 1900',b'Class 10',b'Class 10',"b'2009, September. Released 2009, October'",b'Discontinued',"b'98.5 x 46.2 x 14.7 mm, 60 cc (3.88 x 1.82 x 0.58 in)'",b'90 g (3.17 oz)',b'Mini-SIM',"b'TFT, 256K colors'","b'2.0 inches, 12.6 cm2 (~27.7% screen-to-body ratio)'",b'176 x 220 pixels (~141 ppi density)',b'Swarovski Elements animations and wallpapers',b'microSDHC (dedicated slot)',b'500 entries',"b'20 dialed, 20 received, 20 missed calls'",b'8MB',b'1.3 MP',b'No',b'No',b'Yes',,b'No',b'No',"b'2.0, A2DP'",b'No',"b'Stereo FM radio, RDS'",b'1.1',b'',"b'SMS, MMS'",b'WAP 2.0/xHTML (Openwave 7.2.7)',b'Yes',"b'Yes, MIDP 2.0'",b'MP3 player Organizer Voice memo Predictive text input',b'Removable Li-Ion 750 mAh battery',b'Up to 350 h',b'Up to 3 h',b'Black',b'About 100 EUR',,,,,,,,,,,,,,,,,,,,,
b'vodafone',b'Vodafone 1231',b'https://fdn2.gsmarena.com/vv/bigpic/vodafone-1231.jpg',b'GSM',b'GSM 850 / 900 / 1800 / 1900',b'Class 10',b'Class 10',"b'2009, June. Released 2009, June'",b'Discontinued',b'113 x 65.4 x 14.5 mm (4.45 x 2.57 x 0.57 in)',b'130 g (4.59 oz)',b'Mini-SIM',"b'TFT, 65K colors'","b'2.5 inches, 19.4 cm2 (~26.2% screen-to-body ratio)'","b'320 x 240 pixels, 4:3 ratio (~160 ppi density)'",b'No',b'microSDHC (dedicated slot)',,,b'48MB',b'1.3 MP',b'Yes',b'MP3/MP4 player Organizer Voice memo Predictive text input',b'Yes',,b'No',b'No',"b'2.0, A2DP'",b'Yes',b'No',b'Proprietary',b'',,"b'WAP 2.0/xHTML, HTML'",,,,b'Removable Li-Ion 1100 mAh battery',b'Up to 230 h',b'Up to 5 h',b'Black',,,,,,,,,,b'Microsoft Windows Mobile 6.1 Standard',,,,,,,b'0.69 W/kg (head)',,,,b'QWERTY',
b'vodafone',b'Vodafone V-X760',b'https://fdn2.gsmarena.com/vv/bigpic/vodafone-v-x760.jpg',b'GSM',b'GSM 900 / 1800',b'Class 10',b'No',"b'2009, March'",b'Discontinued',b'93 x 52 x 16 mm (3.66 x 2.05 x 0.63 in)',b'84 g (2.96 oz)',b'Mini-SIM',"b'TFT, 65K colors'","b'2.4 inches, 17.8 cm2 (~36.9% screen-to-body ratio)'","b'240 x 320 pixels, 4:3 ratio (~167 ppi density)'",b'Vodafone 3D UI',b'microSD (dedicated slot)',"b'1000 contacts, Photocall'","b'30 dialed, 30 received, 30 missed calls'",,b'1.3 MP',b'Yes',b'No',b'Yes',,b'No',b'No',b'Yes',b'No',b'Stereo FM radio',b'Proprietary',b'',"b'SMS, MMS'",b'WAP 2.0/xHTML',b'Yes',"b'Yes, MIDP 2.0'",b'MP3/MP4 player Organizer Voice memo Predictive text input',b'Removable Li-Ion battery',b'Up to 180 h',b'Up to 3 h',b'Black',,,,,,,,,,,,,,,,,,,,,,
b'vodafone',b'Vodafone Indie',b'https://fdn2.gsmarena.com/vv/bigpic/vodafone-indie.jpg',b'GSM',b'GSM 850 / 900 / 1800 / 1900',b'Class 10',b'No',"b'2009, June. Released 2009, Q3'",b'Discontinued',b'88.5 x 52 x 13.5 mm (3.48 x 2.05 x 0.53 in)',b'80 g (2.82 oz)',b'Mini-SIM',"b'TFT, 65K colors'","b'2.4 inches, 17.8 cm2 (~38.8% screen-to-body ratio)'","b'240 x 320 pixels, 4:3 ratio (~167 ppi density)'",b'No',b'microSD (dedicated slot)',"b'1000 contacts, Photocall'","b'40 dialed, 40 received, 40 missed calls'",,b'1.3 MP',b'Yes',b'MP3/MP4 player Organizer Voice memo Predictive text input',b'Yes',,b'No',b'No',b'Yes',b'No',"b'Stereo FM radio, RDS'",b'Proprietary',b'',"b'SMS, MMS'",b'WAP 2.0/xHTML',b'Yes',"b'Yes, MIDP 2.0'",,b'Removable Li-Ion battery',b'Up to 195 h',b'Up to 3 h',"b'Red, Rosa'",,,,,,,,,,,,,,,,,,,,,,
b'vodafone',b'Vodafone 835',b'https://fdn2.gsmarena.com/vv/bigpic/vodafone-835.jpg',b'GSM / HSPA',b'GSM 900 / 1800 / 1900',,,"b'2009, February. Released 2009, Q2'",b'Discontinued',b'-',b'-',b'Mini-SIM',"b'TFT, 256K colors'","b'2.4 inches, 17.8 cm2'","b'240 x 320 pixels, 4:3 ratio (~167 ppi density)'",b'Videocall camera',b'microSD (dedicated slot)',"b'1000 contacts, Photocall'","b'40 dialed, 40 received, 40 missed calls'",,b'2 MP',b'Yes',b'Vodafone Music Vodafone Messenger MP3 player Organizer Predictive text input Voice memo',b'Yes',,b'No',b'No',b'Yes',"b'Yes, with A-GPS'",b'FM radio',b'Proprietary',b'',"b'SMS, MMS, Email'","b'WAP 2.0/xHTML, HTML'",b'Yes',"b'Yes, MIDP 2.0'",,b'Removable Li-Ion battery',,,b'Premium silver',,b'HSDPA 2100',b'HSPA',,,,,,,,,,,,,,,,,,,
b'vodafone',b'Vodafone 736',b'https://fdn2.gsmarena.com/vv/bigpic/vodafone-736.jpg',b'GSM / UMTS',b'GSM 900 / 1800 / 1900',,,"b'2009, February. Released 2009, Q2'",b'Discontinued',b'-',b'-',b'Mini-SIM',"b'TFT, 65K colors'","b'2.0 inches, 12.4 cm2'","b'240 x 320 pixels, 4:3 ratio (~200 ppi density)'",b'No',b'microSD (dedicated slot)',b'Yes',"b'40 dialed, 40 received, 40 missed calls'",,b'2 MP',b'Yes',b'Vodafone Music Vodafone Messenger MP3 player Organizer Predictive text input Voice memo',b'Yes',,b'No',b'No',b'Yes',b'No',b'FM radio',b'Proprietary',b'',"b'SMS, MMS, Email'",b'WAP 2.0/xHTML',b'Yes',"b'Yes, MIDP 2.0'",,b'Removable Li-Ion battery',,,"b'White, Pink, Silver'",,b'UMTS 2100',"b'Yes, 384 kbps'",,,,,,,,,,,,,,,,,,,
b'vodafone',b'Vodafone 735',b'https://fdn2.gsmarena.com/vv/bigpic/vodafone-735.jpg',b'GSM / UMTS',b'GSM 900 / 1800 / 1900',,,"b'2009, February. Released 2009, Q2'",b'Discontinued',b'-',b'-',b'Mini-SIM',"b'TFT, 65K colors'","b'2.0 inches, 12.4 cm2'","b'240 x 320 pixels, 4:3 ratio (~200 ppi density)'",b'No',b'microSD (dedicated slot)',b'Yes',"b'40 dialed, 40 received, 40 missed calls'",,b'2 MP',b'Yes',b'Vodafone Music Vodafone Messenger MP3 player Organizer Predictive text input Voice memo',b'Yes',,b'No',b'No',b'Yes',b'No',b'FM radio',b'Proprietary',b'',"b'SMS, MMS, Email'",b'WAP 2.0/xHTML',b'Yes',"b'Yes, MIDP 2.0'",,b'Removable Li-Ion battery',,,b'Black',,b'UMTS 2100',"b'Yes, 384 kbps'",,,,,,,,,,,,,,,,,,,
b'vodafone',b'Vodafone 235',b'https://fdn2.gsmarena.com/vv/bigpic/vodafone-235.jpg',b'GSM',b'GSM 900 / 1800',b'No',b'No',"b'2009, February. Released 2009, Q2'",b'Discontinued',b'103.5 x 46 x 13.5 mm (4.07 x 1.81 x 0.53 in)',b'68 g (2.40 oz)',b'Mini-SIM',"b'CSTN, 65K colors'","b'1.8 inches, 10.5 cm2 (~22.0% screen-to-body ratio)'","b'128 x 128 pixels, 1:1 ratio (~101 ppi density)'",b'No',b'No',b'Yes',"b'20 dialed, 20 received, 20 missed calls'",,,,b'Organizer Currency converter Predictive text input',b'Yes',,b'No',b'No',b'Yes',b'No',b'FM radio',b'No',b'',b'SMS',b'No',b'No',b'No',,b'Removable Li-Ion 680 mAh battery',b'Up to 270 h',b'Up to 3 h',b'Black',,,,,,,,,,,,,,,,,,,,,,
b'vodafone',b'Vodafone V720',b'https://fdn2.gsmarena.com/vv/bigpic/vodafone-v720.jpg',b'GSM / UMTS',b'GSM 900 / 1800 / 1900',,,b'',b'Discontinued',b'97 x 46 x 16.8 mm (3.82 x 1.81 x 0.66 in)',b'100 g (3.53 oz)',b'Mini-SIM',"b'TFT, 256K colors'","b'2.0 inches, 12.4 cm2 (~27.8% screen-to-body ratio)'","b'240 x 320 pixels, 4:3 ratio (~200 ppi density)'",b'MP3 player Organizer Voice memo Predictive text input',b'microSDHC (dedicated slot)',b'500 entries',"b'20 dialed, 20 received, 20 missed calls'",b'32MB',b'1.3 MP',b'Yes',,b'Yes',,b'No',b'No',b'2.0',b'No',b'No',b'microUSB',b'',"b'SMS, MMS'",b'WAP 2.0/xHTML',b'Yes',"b'Yes, MIDP 2.0'",,b'Removable Li-Ion battery',b'Up to 350 h',b'Up to 3 h 42 min',b'',,b'UMTS 900 / 2100',b'HSPA',b'VGA videocall camera',b'',b'Yes',,,,,,,,,,,,,,,,
b'vodafone',b'Vodafone 533',b'https://fdn2.gsmarena.com/vv/bigpic/vodafone-533.jpg',b'GSM',b'GSM 900 / 1800 / 1900',b'Class 10',b'Class 10',"b'2009, February. Released 2009, March'",b'Discontinued',"b'98.5 x 46.2 x 14.7 mm, 60 cc (3.88 x 1.82 x 0.58 in)'",b'90 g (3.17 oz)',b'Mini-SIM',"b'TFT, 256K colors'","b'2.0 inches, 12.6 cm2 (~27.7% screen-to-body ratio)'",b'176 x 220 pixels (~141 ppi density)',b'No',b'microSDHC (dedicated slot)',b'500 entries',"b'20 dialed, 20 received, 20 missed calls'",b'8MB',b'1.3 MP',b'No',b'MP3 player Organizer Voice memo Predictive text input',b'Yes',,b'No',b'No',"b'2.0, A2DP'",b'No',"b'Stereo FM radio, RDS'",b'1.1',b'',"b'SMS, MMS'",b'WAP 2.0/xHTML (Openwave 7.2.7)',b'Yes',"b'Yes, MIDP 2.0'",,b'Removable Li-Ion 670 mAh battery',b'Up to 250 h',b'Up to 2 h 30 min',"b'Black, Catwalk Red, Catwalk Lady'",,,,,,,,,,,,,,,,,,,,,,
b'vodafone',b'Vodafone 830i',b'https://fdn2.gsmarena.com/vv/bigpic/vodafone-830i.jpg',b'GSM / HSPA',b'GSM 900 / 1800 / 1900',,,b'',b'Discontinued',b'103 x 51.5 x 13.3 mm (4.06 x 2.03 x 0.52 in)',b'71 g (2.50 oz)',b'Mini-SIM',"b'TFT, 256K colors'",b'',"b'240 x 320 pixels, 4:3 ratio'",b'CIF',b'microSD (dedicated slot)',b'Yes',"b'20 dialed, 20 received, 20 missed calls'",b'10MB',"b'3.15 MP, AF'",b'Yes',b'MP3/eAAC+ player MP4/H.263 player Organizer Voice memo Predictive text input',b'Yes',,b'No',b'No',"b'1.2, A2DP'",b'No',b'No',b'microUSB',b'',"b'SMS, MMS, Email'","b'WAP 2.0/xHTML, HTML'",b'Yes',"b'Yes, MIDP 2.0'",,b'Removable Li-Ion battery',b'Up to 250 h',b'Up to 3 h',b'Black',b'About 170 EUR',b'HSDPA 2100',b'HSPA 3.6/0.384 Mbps',,,,,,,,,,,,,,b'0.62 W/kg (head)',,,,,
b'vodafone',b'Vodafone 526',b'https://fdn2.gsmarena.com/vv/bigpic/vodafone-526.jpg',b'GSM',b'GSM 900 / 1800',b'Class 10',b'No',"b'2008, September'",b'Discontinued',b'107 x 47 x 11.8 mm (4.21 x 1.85 x 0.46 in)',b'70 g (2.47 oz)',b'Mini-SIM',"b'CSTN, 65K colors'","b'1.7 inches, 9.1 cm2 (~18.1% screen-to-body ratio)'",b'128 x 160 pixels (~121 ppi density)',b'downloadable wallpapers/tones/games',b'No',b'500 entries',"b'20 dialed, 20 received, 20 missed calls'",b'1.5MB',b'VGA',b'No',b'No',b'No',,b'No',b'No',b'No',b'No',b'No',b'Proprietary',b'',"b'SMS, MMS'",b'WAP 2.0/xHTML',b'No',b'No',b'Predictive text input Organizer Push to talk',b'Removable Li-Ion 670 mAh battery',b'Up to 220 h',b'Up to 3 h',b'Black',,,,,,,,,,,,,,,,,,,,,,
b'vodafone',b'Vodafone 332',b'https://fdn2.gsmarena.com/vv/bigpic/vodafone-332.jpg',b'GSM',b'GSM 900 / 1800',b'Class 10',b'No',"b'2008, October'",b'Discontinued',b'105 x 45 x 12 mm (4.13 x 1.77 x 0.47 in)',b'',b'Mini-SIM',"b'TFT, 65K colors'","b'1.8 inches, 10.0 cm2 (~21.2% screen-to-body ratio)'","b'120 x 160 pixels, 4:3 ratio (~111 ppi density)'",b'500 short messages',b'No',b'500 entries',"b'20 dialed, 20 received, 20 missed calls'",,b'VGA',b'No',b'No',b'Yes',,b'No',b'No',b'No',b'No',b'FM radio',b'2.0',b'',"b'SMS, EMS, MMS'",b'WAP 2.0',b'Yes',b'No',b'Organizer Predictive text input',b'Removable Li-Ion 800 mAh battery',b'Up to 200 h',b'Up to 6 h',b'Black',,,,,,,,,,,,,,,,,,,,,,
b'vodafone',b'Vodafone 231',b'https://fdn2.gsmarena.com/vv/bigpic/vodafone-231.jpg',b'GSM',b'GSM 900 / 1800',b'No',b'No',"b'2008, October'",b'Discontinued',b'105 x 46 x 12 mm (4.13 x 1.81 x 0.47 in)',b'70 g (2.47 oz)',b'Mini-SIM',"b'CSTN, 65K colors'","b'1.86 inches, 10.9 cm2 (~22.5% screen-to-body ratio)'",b'128 x 160 pixels (~110 ppi density)',b'No',b'No',b'Yes',"b'20 dialed, 20 received, 20 missed calls'",,,,b'Predictive text input Organizer',b'No',,b'No',b'No',b'Yes',b'No',b'No',b'No',b'',b'SMS',b'No',b'No',b'No',,b'Removable Li-Ion 670 mAh battery',b'Up to 280 h',b'Up to 3 h',b'Black',,,,,,,,,,,,,,,,,,,,,,
b'vodafone',b'Vodafone 1210',b'https://fdn2.gsmarena.com/vv/bigpic/vodafone-1210.jpg',b'GSM / UMTS',b'GSM 900 / 1800 / 1900',,,"b'2007, May'",b'Discontinued',b'108 x 47 x 18 mm (4.25 x 1.85 x 0.71 in)',b'105 g (3.70 oz)',b'Mini-SIM',"b'TFT, 65K colors'","b'2.2 inches, 15.0 cm2 (~29.5% screen-to-body ratio)'","b'240 x 320 pixels, 4:3 ratio (~182 ppi density)'",b'No',b'microSD (dedicated slot)',,,"b'128MB RAM, 64MB ROM'",,,b'MP3/MP4 player Pocket Office  Organizer Predictive text input Voice memo',b'Yes',"b'Vibration; Polyphonic(64), MP3 ringtones'",b'No',b'No',b'Yes',b'No',b'No',b'Proprietary',b'',,"b'WAP 2.0/xHTML, HTML'",,,,b'Removable Li-Ion 1100 mAh battery',b'Up to 240 h',b'Up to 4 h',b'Black',,b'UMTS 2100',"b'Yes, 384 kbps'",,,,,,,b'Microsoft Windows Mobile 5.0 for Smartphone',,b'32-bit Intel XScale PXA270 312 MHz',,,,,,,,,,
b'vodafone',b'Vodafone 725',b'https://fdn2.gsmarena.com/vv/bigpic/vodafone-725.jpg',b'GSM / UMTS',b'GSM 900 / 1800 / 1900',,,"b'2008, May'",b'Discontinued',b'108.5 x 45 x 13.6 mm (4.27 x 1.77 x 0.54 in)',b'',b'Mini-SIM',"b'TFT, 256K colors'","b'2.2 inches, 15.0 cm2 (~30.7% screen-to-body ratio)'","b'240 x 320 pixels, 4:3 ratio (~182 ppi density)'",b'MP3 player Organizer Predictive text input Voice memo',b'microSD (dedicated slot)',b'Yes',"b'20 dialed, 20 received, 20 missed calls'",b'20MB',b'2 MP',b'Yes',,b'Yes',"b'Vibration; Polyphonic(64), MP3 ringtones'",b'Yes',b'No',b'Yes',b'No',b'No',b'Proprietary',b'',"b'SMS, EMS, MMS'",b'WAP 2.0/xHTML',b'Yes',"b'Yes, MIDP 2.0'",,b'Removable Li-Ion battery',,,b'Black',,b'UMTS 2100',"b'Yes, 384 kbps'",b'CIF',b'',,,,,,,,,,,,b'0.92 W/kg (head)',,,,,
b'vodafone',b'Vodafone 810',b'https://fdn2.gsmarena.com/vv/bigpic/vodafone-810.jpg',b'GSM / UMTS',b'GSM 900 / 1800 / 1900',,,"b'2007, December'",b'Discontinued',b'98 x 48 x 16.5 mm (3.86 x 1.89 x 0.65 in)',b'105 g (3.70 oz)',b'Mini-SIM',"b'TFT, 256K colors'","b'2.2 inches, 15.0 cm2 (~31.9% screen-to-body ratio)'","b'240 x 320 pixels, 4:3 ratio (~182 ppi density)'",b'MP3 player 3gp/MP4 player Organizer Voice memo Predictive text input',b'microSD (dedicated slot)',b'Yes',"b'20 dialed, 20 received, 20 missed calls'",b'25MB',b'2 MP',b'Yes',,b'Yes',"b'Vibration; Polyphonic(64), MP3 ringtones'",b'No',b'No',b'Yes',b'No',b'No',b'Proprietary',b'',"b'SMS, EMS, MMS, Email'","b'WAP 2.0/xHTML, HTML'",b'Yes',"b'Yes, MIDP 2.0'",,b'Removable Li-Ion 670 mAh battery',b'Up to 280 h',b'Up to 3 h',b'Black',,b'UMTS 2100',"b'Yes, 384 kbps'",b'VGA videocall camera',b'',,,,,,,,,,,,,,,,,
b'vodafone',b'Vodafone 716',b'https://fdn2.gsmarena.com/vv/bigpic/vodafone-716.jpg',b'GSM',b'GSM 900 / 1800 / 1900',b'Class 10',b'No',"b'2008, February'",b'Discontinued',b'104 x 45 x 14.5 mm (4.09 x 1.77 x 0.57 in)',b'90 g (3.17 oz)',b'Mini-SIM',"b'TFT, 65K colors'","b'2.1 inches, 13.9 cm2 (~29.7% screen-to-body ratio)'",b'176 x 220 pixels (~134 ppi density)',b'No',b'microSD (dedicated slot)',b'Yes',"b'20 dialed, 20 received, 20 missed calls'",,b'1.3 MP',b'No',b'MP3 player Organizer Voice memo Predictive text input',b'Yes',"b'Vibration; Polyphonic, MP3 ringtones'",b'No',b'No',b'Yes',b'No',b'No',b'Proprietary',b'',"b'SMS, MMS'",b'WAP 2.0/xHTML',b'Yes',"b'Yes, MIDP 2.0'",,b'Removable Li-Ion battery',b'Up to 300 h',b'Up to 3 h 30 min',b'Gray',,,,,,,,,,,,,,,,,,,,,,
b'vodafone',b'Vodafone 527',b'https://fdn2.gsmarena.com/vv/bigpic/vodafone-527.jpg',b'GSM',b'GSM 900 / 1800',b'Class 10',b'No',"b'2008, March'",b'Discontinued',b'107 x 47 x 11.8 mm (4.21 x 1.85 x 0.46 in)',b'',b'Mini-SIM',"b'TFT, 65K colors'","b'1.7 inches, 9.1 cm2 (~18.1% screen-to-body ratio)'",b'128 x 160 pixels (~121 ppi density)',b'No',b'microSD (dedicated slot)',b'Yes',"b'10 dialed, 10 received, 10 missed calls'",b'10MB',b'VGA',b'No',b'MP3 player Organizer Predictive text input',b'No',b'Vibration; Polyphonic(32) ringtones',b'No',b'No',b'Yes',b'No',b'FM radio',b'Proprietary',b'',"b'SMS, EMS, MMS'",b'WAP 2.0/xHTML',b'Yes',"b'Yes, MIDP 2.0'",,b'Removable Li-Ion 670 mAh battery',b'Up to 220 h',b'Up to 3 h',b'Black',,,,,,,,,,,,,,,,,,,,,,
b'vodafone',b'Vodafone 511',b'https://fdn2.gsmarena.com/vv/bigpic/vodafone-511.jpg',b'GSM',b'GSM 900 / 1800 / 1900',b'Class 10',b'No',"b'2007, December'",b'Discontinued',b'106.9 x 46.3 x 10.9 mm (4.21 x 1.82 x 0.43 in)',b'90 g (3.17 oz)',b'Mini-SIM',"b'TFT, 65K colors'","b'1.77 inches, 9.9 cm2 (~19.9% screen-to-body ratio)'",b'128 x 160 pixels (~116 ppi density)',b'No',b'microSD (dedicated slot)',b'Yes',"b'20 dialed, 20 received, 20 missed calls'",b'10MB',b'1.3 MP',b'No',b'MP3 player Organizer Voice memo Predictive text input',b'Yes',b'Vibration; Downloadable polyphonic ringtones',b'No',b'No',b'Yes',b'No',b'No',b'Proprietary',b'',"b'SMS, MMS'",b'WAP 2.0/xHTML',b'Yes',"b'Yes, MIDP 2.0'",,b'Removable Li-Ion battery',b'Up to 220 h',b'Up to 3 h',b'Black',,,,,,,,,,,,,,,,,,,,,,
b'vodafone',b'Vodafone 228',b'https://fdn2.gsmarena.com/vv/bigpic/vodafone-228.jpg',b'GSM',b'GSM 900 / 1800',b'No',b'No',"b'2008, February'",b'Discontinued',b'97.5 x 47.5 x 14.3 mm (3.84 x 1.87 x 0.56 in)',b'83 g (2.93 oz)',b'Mini-SIM',"b'TFT, 65K colors'",b'',b'128 x 160 pixels',b'No',b'No',b'300 entries',"b'10 dialed, 10 received, 10 missed calls'",,,,b'Predictive text input Calculator',b'No',b'Vibration; Polyphonic(16) ringtones',b'No',b'No',b'No',b'No',b'No',b'No',b'',b'SMS',b'No',b'Yes',b'No',,b'Removable Li-Ion 720 mAh battery',b'Up to 180 h',b'Up to 6 h 50 min',b'Gray',,,,,,,,,,,,,,,,,b'0.49 W/kg (head)',,,,,
b'vodafone',b'Vodafone 710',b'https://fdn2.gsmarena.com/vv/bigpic/vodafone-710.jpg',b'GSM / UMTS',b'GSM 900 / 1800 / 1900',,,"b'2006, October'",b'Discontinued',b'91.2 x 46 x 23.5 mm (3.59 x 1.81 x 0.93 in)',b'99 g (3.49 oz)',b'Mini-SIM',"b'TFT, 256K colors'","b'2.0 inches, 12.6 cm2 (~30.0% screen-to-body ratio)'",b'176 x 220 pixels (~141 ppi density)',"b'Second external display, 96 x 64 pixels, 1 inch'","b'miniSD, up to 2 GB'",b'Yes',"b'20 dialed, 20 received, 20 missed calls'",b'16MB',b'1.3 MP',b'Yes',b'MP3 player Video player Organizer Voice memo Predictive text input',b'Yes',"b'Vibration; Polyphonic, MP3 ringtones'",b'No',b'No',b'Yes',b'No',b'No',b'Proprietary',b'',"b'SMS, MMS, Email'",b'WAP 2.0/xHTML',b'Yes',b'Yes',,b'Removable Li-Ion battery',,,"b'Black, White, Pink'",,b'UMTS 2100',"b'Yes, 384 kbps'",b'Videocall camera',b'',,b'LED flash',,,,,,,,,,,,,,,
b'vodafone',b'Vodafone 227',b'https://fdn2.gsmarena.com/vv/bigpic/vodafone-227.jpg',b'GSM',b'GSM 900 / 1800',b'No',b'No',"b'2007, July'",b'Discontinued',b'93 x 48 x 14.3 mm (3.66 x 1.89 x 0.56 in)',b'78 g (2.75 oz)',b'Mini-SIM',"b'TFT, 65K colors'",b'',"b'128 x 128 pixels, 1:1 ratio'",b'No',b'No',b'300 entries',"b'10 dialed, 10 received, 10 missed calls'",,,,b'Predictive text input Organizer',b'Yes',b'Vibration; Polyphonic(16) ringtones',b'No',b'No',b'No',b'No',b'No',b'No',b'',b'SMS',b'No',b'Yes',b'No',,b'Removable Li-Ion 720 mAh battery',b'Up to 180 h',b'Up to 6 h 50 min',b'Gray',,,,,,,,,,,,,,,,,b'0.97 W/kg (head)',,,,,
b'vodafone',b'Vodafone 226',b'https://fdn2.gsmarena.com/vv/bigpic/vodafone-226.jpg',b'GSM',b'GSM 900 / 1800',b'No',b'No',"b'2007, July'",b'Discontinued',b'103 x 46 x 11 mm (4.06 x 1.81 x 0.43 in)',b'65 g (2.29 oz)',b'Mini-SIM',"b'CSTN, 65K colors'",b'',b'128 x 160 pixels',b'No',b'No',b'250 entries',"b'20 dialed, 20 received, 20 missed calls'",,,,b'Predictive text input Organizer',b'Yes',b'Vibration; Polyphonic(16) ringtones',b'No',b'No',b'No',b'No',b'No',b'No',b'',b'SMS',b'No',b'No',b'No',,b'Removable Li-Ion 670 mAh battery',b'Up to 240 h',b'Up to 3 h',b'Black',,,,,,,,,,,,,,,,,,,,,,
b'vodafone',b'Vodafone 225',b'https://fdn2.gsmarena.com/vv/bigpic/vodafone-225.jpg',b'GSM',b'GSM 900 / 1800',b'No',b'No',"b'2007, May'",b'Discontinued',b'104 x 45 x 12.5 mm (4.09 x 1.77 x 0.49 in)',b'65 g (2.29 oz)',b'Mini-SIM',"b'CSTN, 65K colors'",b'',"b'128 x 128 pixels, 1:1 ratio'",b'No',b'No',b'300 entries',"b'10 dialed, 10 received, 10 missed calls'",b'4MB',,,b'Calculator Predictive text input',b'No',b'Polyphonic(16) ringtones',b'No',b'No',b'No',b'No',b'No',b'No',b'',b'SMS',b'No',b'Yes',b'No',,b'Removable Li-Ion 690 mAh battery',b'Up to 135 h',b'Up to 3 h',b'Black',,,,,,,,,,,,,,,,,b'1.32 W/kg (head)',,,,,
