Brand,Model Name,Model Image,Technology,2G bands,GPRS,EDGE,Announced,Status,Dimensions,Weight,SIM,Type,Size,Resolution,,Card slot,Phonebook,Call records,Internal,Single,Video,_1,Loudspeaker,Alert types,3.5mm jack,WLAN,Bluetooth,GPS,Radio,USB,Sensors,Messaging,Browser,Games,Java,_1_1,Type_1,Stand-by,Talk time,Colors,Price,3G bands,Speed,Single_1,Video_1,Infrared port,Features,4G bands,Protection,OS,Chipset,CPU,GPU,Dual,NFC,Models,SAR EU,Features_1,Charging,SAR,Keyboard,Music play,Languages,Triple,Build
b'wiko',b'Wiko Y61',b'https://fdn2.gsmarena.com/vv/bigpic/wiko-y61.jpg',b'GSM / HSPA / LTE',b'GSM 850 / 900 / 1800 / 1900 - SIM 1 & SIM 2',,,b'2020',b'Available. Released 2020',b'161.3 x 78.1 x 9 mm (6.35 x 3.07 x 0.35 in)',b'190 g (6.70 oz)',"b'Dual SIM (Micro-SIM/Nano-SIM, dual stand-by)'",b'IPS LCD',"b'5.99 inches, 92.6 cm2 (~73.5% screen-to-body ratio)'","b'480 x 960 pixels, 18:9 ratio (~179 ppi density)'",b'eMMC 5.1',b'microSDXC',,,"b'16GB 1GB RAM, 32GB 2GB RAM'",b'8 MP',b'1080p@30fps',,b'Yes',,b'Yes',"b'Wi-Fi 802.11 b/g/n, hotspot'","b'4.2, A2DP, LE'","b'Yes, with A-GPS'",b'FM radio',b'microUSB 2.0',"b'Accelerometer, proximity, compass'",,,,,,b'Li-Ion 3000 mAh',,,b'',b'About 60 EUR',b'HSDPA 850 / 900 / 1900 / 2100',"b'HSPA 42.2/5.76 Mbps, LTE Cat4 150/50 Mbps'",b'5 MP',b'',,b'LED flash',"b'1, 3, 7, 8, 20'",,b'Android 10 (Go edition)',b'Mediatek MT6761WE',b'Quad-core 1.8 GHz',b'PowerVR GE8300',,b'No',,,b'LED flash',,,,,"b'Deep Grey, Deep Green, Gold'",,
b'wiko',b'Wiko View4 Lite',b'https://fdn2.gsmarena.com/vv/bigpic/wiko-view4-lite.jpg',b'GSM / HSPA / LTE',b'GSM 850 / 900 / 1800 / 1900 - SIM 1 & SIM 2',,,b'2020',b'Available. Released 2020',b'167 x 76.8 x 8.5 mm (6.57 x 3.02 x 0.33 in)',b'174 g (6.14 oz)',"b'Dual SIM (Nano-SIM, dual stand-by)'","b'IPS LCD, 450 nits (peak)'","b'6.52 inches, 102.6 cm2 (~80.0% screen-to-body ratio)'","b'720 x 1600 pixels, 20:9 ratio (~269 ppi density)'",b'eMMC 5.1',b'microSDXC',,,"b'32GB 2GB RAM, 64GB 2GB RAM'",b'5 MP',b'1080p@30fps',,b'Yes',,b'Yes',"b'Wi-Fi 802.11 b/g/n, hotspot'","b'4.2, A2DP, LE'","b'Yes, with A-GPS'",b'FM radio',"b'microUSB 2.0, USB On-The-Go'","b'Accelerometer, proximity, compass'",,,,,,"b'Li-Po 4000 mAh, non-removable'",,,b'',b'About 80 EUR',b'HSDPA 850 / 900 / 1900 / 2100',"b'HSPA 42.2/5.76 Mbps, LTE Cat4 150/50 Mbps'",,b'',,"b'LED flash, HDR'","b'1, 3, 7, 8, 20, 28, 40'",,b'Android 10',b'MediaTek MT6762D Helio A25 (12 nm)',b'Octa-core (4x1.8 GHz Cortex-A53 & 4x1.5 GHz Cortex-A53)',b'PowerVR GE8320',"b'13 MP, AF 2 MP'",b'No',,,,,,,,"b'Deep Blue, Deep Green, Deep Gold'",,
b'wiko',b'Wiko Sunny4',b'https://fdn2.gsmarena.com/vv/bigpic/wiko-sunny4.jpg',b'GSM / HSPA',b'GSM 850 / 900 / 1800 / 1900 - SIM 1 & SIM 2',,,b'2020',b'Available. Released 2020',b'146 x 73.5 x 8.7 mm (5.75 x 2.89 x 0.34 in)',b'160 g (5.64 oz)',"b'Dual SIM (Micro-SIM/Nano-SIM, dual stand-by)'",b'TN TFT',"b'5.0 inches, 68.9 cm2 (~64.2% screen-to-body ratio)'","b'480 x 854 pixels, 16:9 ratio (~196 ppi density)'",b'eMMC 5.1',b'microSDXC',,,b'16GB 1GB RAM',b'5 MP',b'720p@30fps',,b'Yes',,b'Yes',"b'Wi-Fi 802.11 b/g/n, hotspot'","b'4.2, A2DP, LE'","b'Yes, with A-GPS'",b'FM radio',b'microUSB 2.0',b'Accelerometer',,,,,,b'Li-Ion 2200 mAh',,,b'',b'About 50 EUR',b'HSDPA 850 / 900 / 1900 / 2100',b'HSPA 21.1/5.76 Mbps',b'5 MP',b'',,"b'LED flash, HDR, panorama'",,,b'Android 8.1 (Oreo)',,b'Quad-core 1.3 GHz Cortex-A7',,,b'No',,,b'LED flash',,,,,"b'Dark Grey, Blue, Gold'",,
b'wiko',b'Wiko View3 Lite',b'https://fdn2.gsmarena.com/vv/bigpic/wiko-view3-lite.jpg',b'GSM / HSPA / LTE',b'GSM 850 / 900 / 1800 / 1900 - SIM 1 & SIM 2',,,b'2020',b'Available. Released 2020',b'155.5 x 73 x 8.7 mm (6.12 x 2.87 x 0.34 in)',b'160.1 g (5.64 oz)',"b'Dual SIM (Nano-SIM, dual stand-by)'",b'IPS LCD',"b'6.09 inches, 91.0 cm2 (~80.2% screen-to-body ratio)'","b'720 x 1560 pixels, 19.5:9 ratio (~282 ppi density)'",b'eMMC 5.1',b'microSDXC',,,b'32GB 2GB RAM',b'5 MP',b'1080p@30fps',,b'Yes',,b'Yes',"b'Wi-Fi 802.11 b/g/n, hotspot'","b'4.2, A2DP, LE'","b'Yes, with A-GPS'",b'FM radio',"b'microUSB 2.0, USB On-The-Go'","b'Accelerometer, proximity, compass'",,,,,,"b'Li-Po 4000 mAh, non-removable'",,,b'',b'About 90 EUR',b'HSDPA 850 / 900 / 1900 / 2100',"b'HSPA 42.2/5.76 Mbps, LTE Cat4 150/50 Mbps'",,b'',,"b'LED flash, HDR'","b'1, 3, 5, 7, 8, 20, 28, 40'",,b'Android 9.0 Pie',b'Unisoc SC9863A (28nm)',b'Octa-core (4x1.6 GHz Cortex-A55 & 4x1.2 GHz Cortex-A55)',b'IMG8322',"b'13 MP, AF 2 MP'",b'No',,,,,,,,"b'Night Blue (Anthracite Blue), Blush Gold, Arctic B'",,
b'wiko',b'Wiko Y60',b'https://fdn2.gsmarena.com/vv/bigpic/wiko-y60.jpg',b'GSM / HSPA / LTE',b'GSM 850 / 900 / 1800 / 1900 - SIM 1 & SIM 2',,,b'2020',b'Available. Released 2020',b'146.8 x 71.8 x 9.3 mm (5.78 x 2.83 x 0.37 in)',b'177.7 g (6.28 oz)',"b'Dual SIM (Micro-SIM/Nano-SIM, dual stand-by)'",b'TFT',"b'5.45 inches, 76.7 cm2 (~72.7% screen-to-body ratio)'","b'480 x 960 pixels, 18:9 ratio (~197 ppi density)'",b'eMMC 5.1',b'microSDXC',,,b'16GB 1GB RAM',b'5 MP',b'1080p@30fps',,b'Yes',,b'Yes',"b'Wi-Fi 802.11 b/g/n, hotspot'","b'4.2, A2DP, LE'","b'Yes, with A-GPS'",b'FM radio',b'microUSB 2.0',"b'Accelerometer, proximity, compass'",,,,,,b'Li-Ion 2500 mAh',,,b'',b'About 50 EUR',b'HSDPA 850 / 900 / 1900 / 2100',"b'HSPA 42.2/5.76 Mbps, LTE Cat4 150/50 Mbps'",b'5 MP',b'',,b'LED flash',"b'1, 3, 7, 8, 20'",,b'Android 9.0 Pie (Go edition)',,b'Quad-core 1.3 GHz Cortex-A53',b'PowerVR GE8100',,b'No',,,,,,,,"b'Gradient Dark Bleen (Anthracite Blue), Gradient Bl'",,
b'wiko',b'Wiko Sunny3 Plus',b'https://fdn2.gsmarena.com/vv/bigpic/wiko-view3-plus.jpg',b'GSM / HSPA',b'GSM 850 / 900 / 1800 / 1900 - SIM 1 & SIM 2',,,b'2019',b'Available. Released 2019',b'148 x 72 x 9.3 mm (5.83 x 2.83 x 0.37 in)',b'175 g (6.17 oz)',"b'Dual SIM (Micro-SIM, dual stand-by)'",b'TN TFT',"b'5.45 inches, 76.7 cm2 (~71.9% screen-to-body ratio)'","b'480 x 960 pixels, 18:9 ratio (~197 ppi density)'",,b'microSDXC',,,b'8GB 1GB RAM',b'5 MP',b'1080p@30fps',,b'Yes',,b'Yes',"b'Wi-Fi 802.11 b/g/n, hotspot'","b'4.0, A2DP, LE'","b'Yes, with A-GPS'",b'FM radio',b'microUSB 2.0',"b'Accelerometer, proximity'",,,,,,b'Li-Ion 2200 mAh',,,b'',b'About 50 EUR',b'HSDPA 850 / 900 / 2100',b'HSPA 21.1/5.76 Mbps',b'2 MP',b'',,"b'LED flash, HDR'",,,b'Android 8.0 Oreo (Go edition)',,b'Quad-core 1.3 GHz Cortex-A7',b'Mali-400 MP2',,b'No',,,,,,,,"b'Anthracite, Gold, Cherry Red, Grey'",,
b'wiko',b'Wiko Tommy3 Plus',b'https://fdn2.gsmarena.com/vv/bigpic/wiko-tommy3-plus.jpg',b'GSM / HSPA / LTE',b'GSM 850 / 900 / 1800 / 1900 - SIM 1 & SIM 2',,,b'2019',b'Available. Released 2019',b'147.6 x 71.3 x 8.4 mm (5.81 x 2.81 x 0.33 in)',b'150 g (5.29 oz)',"b'Dual SIM (Micro-SIM, dual stand-by)'",b'IPS LCD',"b'5.45 inches, 76.7 cm2 (~72.8% screen-to-body ratio)'","b'720 x 1440 pixels, 18:9 ratio (~295 ppi density)'",b'eMMC 5.1',b'microSDXC',,,b'16GB 2GB RAM',"b'13 MP, AF'",b'1080p@30fps',,b'Yes',,b'Yes',"b'Wi-Fi 802.11 b/g/n, hotspot'","b'4.2, A2DP, LE'","b'Yes, with A-GPS'",b'FM radio',"b'microUSB 2.0, USB On-The-Go'","b'Accelerometer, proximity, compass'",,,,,,b'Li-Po 2900 mAh',,,b'',b'About 80 EUR',b'HSDPA 850 / 900 / 1900 / 2100',"b'HSPA 42.2/5.76 Mbps, LTE Cat4 150/50 Mbps'",b'5 MP',b'',,"b'LED flash, HDR, panorama'","b'1, 3, 7, 20'",,b'Android 8.1 (Oreo)',b'Mediatek MT6739WA (28 nm)',b'Quad-core 1.3 GHz Cortex-A53',b'PowerVR GE8100',,b'No',,,b'LED flash',,,,,"b'Anthracite Matte, Anthracite Mirror, Gold, Cherry'",,
b'wiko',b'Wiko Jerry3',b'https://fdn2.gsmarena.com/vv/bigpic/wiko-jerry3.jpg',b'GSM / HSPA',b'GSM 850 / 900 / 1800 / 1900 - SIM 1 & SIM 2',,,b'2019',b'Available. Released 2019',b'148 x 72 x 9.1 mm (5.83 x 2.83 x 0.36 in)',b'172 g (6.07 oz)',"b'Dual SIM (Micro-SIM, dual stand-by)'",b'IPS LCD',"b'5.45 inches, 76.7 cm2 (~71.9% screen-to-body ratio)'","b'480 x 960 pixels, 18:9 ratio (~197 ppi density)'",b'eMMC 5.1',b'microSDXC',,,b'16GB 1GB RAM',b'5 MP',b'1080p@30fps',,b'Yes',,b'Yes',"b'Wi-Fi 802.11 b/g/n, hotspot'","b'4.0, A2DP'","b'Yes, with A-GPS'",b'FM radio',b'microUSB 2.0',"b'Accelerometer, proximity, compass'",,,,,,b'Li-Po 2500 mAh',,,b'',b'About 60 EUR',b'HSDPA 900 / 2100',b'HSPA 21.1/5.76 Mbps',b'5 MP',b'',,"b'LED flash, HDR'",,,b'Android 8.0 Oreo (Go edition)',,b'Quad-core 1.3 GHz Cortex-A7',b'Mali-400 MP2',,b'No',,,,,,,,"b'Anthracite, Gold, Bleen, Cherry Red'",,
b'wiko',b'Wiko Y80',b'https://fdn2.gsmarena.com/vv/bigpic/wiko-y80.jpg',b'GSM / HSPA / LTE',b'GSM 850 / 900 / 1800 / 1900 - SIM 1 & SIM 2',,,"b'2019, April'","b'Available. Released 2019, April'",b'160 x 76.5 x 8.6 mm (6.30 x 3.01 x 0.34 in)',b'185 g (6.53 oz)',"b'Dual SIM (Micro-SIM/Nano-SIM, dual stand-by)'",b'IPS LCD',"b'5.99 inches, 92.6 cm2 (~75.6% screen-to-body ratio)'","b'720 x 1440 pixels, 18:9 ratio (~269 ppi density)'",,b'microSDXC',,,b'16GB 2GB RAM',b'5 MP',b'1080p@30fps',,b'Yes',,b'Yes',"b'Wi-Fi 802.11 b/g/n, hotspot'","b'4.2, A2DP, LE'","b'Yes, with A-GPS'",b'FM radio',"b'microUSB 2.0, USB On-The-Go'","b'Accelerometer, proximity, compass'",,,,,,"b'Li-Po 4000 mAh, non-removable'",,,b'',b'About 80 EUR',b'HSDPA 850 / 900 / 1900 / 2100',"b'HSPA 42.2/5.76 Mbps, LTE Cat4 150/50 Mbps'",,b'',,"b'LED flash, HDR, panorama'","b'1, 3, 5, 7, 8, 20'",,b'Android 9.0 Pie',b'Unisoc SC9863A (28nm)',b'Octa-core (4x1.6 GHz Cortex-A55 & 4x1.2 GHz Cortex-A55)',b'IMG8322',"b'13 MP, AF 2 MP'",b'No',,b'0.49 W/kg (head) \xc2\xa0 \xc2\xa0 1.35 W/kg (body)',,,,,,"b'Dark Blue, Bleen, Gold'",,
b'wiko',b'Wiko Sunny3',b'https://fdn2.gsmarena.com/vv/bigpic/wiko-sunny3.jpg',b'GSM / HSPA',b'GSM 850 / 900 / 1800 / 1900 - SIM 1 & SIM 2',,,"b'2019, Q1'","b'Available. Released 2019, Q1'",b'146.7 x 74 x 10 mm (5.78 x 2.91 x 0.39 in)',b'140 g (4.94 oz)',"b'Dual SIM (Micro-SIM, dual stand-by)'",b'TFT',"b'5.0 inches, 68.9 cm2 (~63.5% screen-to-body ratio)'","b'480 x 854 pixels, 16:9 ratio (~196 ppi density)'",,b'microSDXC',,,b'8GB 512MB RAM',b'5 MP',b'720p@30fps',,b'Yes',,b'Yes',"b'Wi-Fi 802.11 b/g/n, hotspot'","b'4.0, A2DP, LE'","b'Yes, with A-GPS'",b'FM radio',b'microUSB 2.0',"b'Accelerometer, proximity'",,,,,,"b'Li-Ion 2000 mAh, removable'",,,b'',,b'HSDPA 900 / 2100',b'HSPA 21.1/5.76 Mbps',b'2 MP',b'',,"b'LED flash, HDR, panorama'",,,b'Android 8.0 Oreo (Go edition)',,b'Quad-core 1.3 GHz Cortex-A7',b'Mali-T820 MP1',,b'No',,b'0.48 W/kg (head) \xc2\xa0 \xc2\xa0 1.80 W/kg (body)',,,,,,"b'Anthracite, Gold, Silver, Bleen, Cherry Red'",,
b'wiko',b'Wiko View3 Pro',b'https://fdn2.gsmarena.com/vv/bigpic/wiko-view3-pro.jpg',b'GSM / HSPA / LTE',b'GSM 850 / 900 / 1800 / 1900 - SIM 1 & SIM 2',,,"b'2019, February'","b'Available. Released 2019, May'",b'159.5 x 75 x 8.1 mm (6.28 x 2.95 x 0.32 in)',b'184 g (6.49 oz)',"b'Hybrid Dual SIM (Nano-SIM, dual stand-by)'",b'IPS LCD',"b'6.3 inches, 97.4 cm2 (~81.4% screen-to-body ratio)'","b'1080 x 2340 pixels, 19.5:9 ratio (~409 ppi density)'",b'eMMC 5.1',b'microSDXC (uses shared SIM slot)',,,b'128GB 6GB RAM',"b'16 MP, f/2.0, 26mm (wide), 1/3.06"", 1.0\xc2\xb5m, PDAF'",b'1080p@30fps',,b'Yes',,b'Yes',"b'Wi-Fi 802.11 a/b/g/n/ac, dual-band, Wi-Fi Direct, hotspot'","b'4.2, A2DP, LE'","b'Yes, with A-GPS, GLONASS, GALILEO, BDS'",b'FM radio',b'USB Type-C 2.0',"b'Fingerprint (rear-mounted), accelerometer, gyro, proximity, compass'",,,,,,"b'Li-Po 4000 mAh, non-removable'",,,"b'Nightfall (Anthracite Blue/Gold), Ocean (Deep Bleen)'",b'About 250 EUR',b'HSDPA 850 / 900 / 1900 / 2100',"b'HSPA 42.2/5.76 Mbps, LTE-A (2CA) Cat6 300/150 Mbps'",,b'1080p@30fps',,"b'LED flash, HDR, panorama'","b'1, 3, 7, 8, 20, 28, 40'",,b'Android 9.0 (Pie)',b'Mediatek MT6771 Helio P60 (12 nm)',b'Octa-core (4x2.0 GHz Cortex-A73 & 4x2.0 GHz Cortex-A53)',b'Mali-G72 MP3',,b'Yes',,b'0.61 W/kg (head) \xc2\xa0 \xc2\xa0 1.50 W/kg (body)',b'HDR',,,,,,"b'12 MP, 27mm (wide), 1/2.9"", 1.25\xc2\xb5m, PDAF 13 MP, 16mm (ultrawide) 5 MP, f/2.4, (depth)'",
b'wiko',b'Wiko View3',b'https://fdn2.gsmarena.com/vv/bigpic/wiko-view-3.jpg',b'GSM / HSPA / LTE',b'GSM 850 / 900 / 1800 / 1900 - SIM 1 & SIM 2',,,"b'2019, February'","b'Available. Released 2019, May'",b'159 x 76.5 x 8.2 mm (6.26 x 3.01 x 0.32 in)',b'178 g (6.28 oz)',"b'Hybrid Dual SIM (Nano-SIM, dual stand-by)'",b'IPS LCD',"b'6.26 inches, 97.8 cm2 (~80.4% screen-to-body ratio)'","b'720 x 1520 pixels, 19:9 ratio (~269 ppi density)'",b'eMMC 5.1',b'microSDXC (uses shared SIM slot)',,,"b'32GB 3GB RAM, 64GB 3GB RAM'",b'8 MP',b'1080p@30fps',,b'Yes',,b'Yes',"b'Wi-Fi 802.11 b/g/n, Wi-Fi Direct, hotspot'","b'4.2, A2DP, LE'","b'Yes, with A-GPS, GLONASS, GALILEO, BDS'",b'FM radio',"b'microUSB 2.0, USB On-The-Go'","b'Fingerprint (rear-mounted), accelerometer, gyro, proximity, compass'",,,,,,"b'Li-Po 4000 mAh, non-removable'",,,"b'Night Blue (Anthracite Blue), Blush Gold, Electro Bleen'",b'About 180 EUR',b'HSDPA 850 / 900 / 1900 / 2100',"b'HSPA 42.2/5.76 Mbps, LTE Cat4 150/50 Mbps'",,b'1080p@30fps',,"b'LED flash, HDR, panorama'","b'1, 3, 7, 8, 20, 28, 40'",,b'Android 9.0 (Pie)',b'Mediatek MT6762WB Helio P22 (12 nm)',b'Octa-core 2.0 GHz Cortex-A53',b'PowerVR GE8320',,b'No',b'W-P311-EEA',b'0.25 W/kg (head) \xc2\xa0 \xc2\xa0 1.09 W/kg (body)',b'HDR',,,,,,"b'12 MP, 27mm (wide), 1/2.9"", 1.25\xc2\xb5m, PDAF 13 MP, 120\xcb\x9a, 16mm (ulrawide) 2 MP, (depth)'",
b'wiko',b'Wiko View2 Go',b'https://fdn2.gsmarena.com/vv/bigpic/wiko-view2-go.jpg',b'GSM / HSPA / LTE',b'GSM 850 / 900 / 1800 / 1900 - SIM 1 & SIM 2',,,"b'2018, September'","b'Available. Released 2018, September'",b'153.6 x 73.1 x 8.5 mm (6.05 x 2.88 x 0.33 in)',b'160 g (5.64 oz)',"b'Hybrid Dual SIM (Nano-SIM, dual stand-by)'",b'IPS LCD',"b'5.93 inches, 88.1 cm2 (~78.4% screen-to-body ratio)'","b'720 x 1512 pixels, 19:9 ratio (~282 ppi density)'",b'eMMC 5.1',b'microSDXC (uses shared SIM slot)',,,b'32GB 3GB RAM',"b'12 MP, 1/2.9"", 1.25\xce\xbcm, PDAF'",b'1080p@30fps',,b'Yes',,b'Yes',"b'Wi-Fi 802.11 b/g/n, Wi-Fi Direct, hotspot'","b'4.2, A2DP, LE'","b'Yes, with A-GPS'",b'FM radio',"b'microUSB 2.0, USB On-The-Go'","b'Fingerprint (rear-mounted), accelerometer, gyro, proximity, compass'",,,,,,"b'Li-Po 4000 mAh, non-removable'",,,"b'Anthracite, Gold, Cherry Red, Deep Bleen, Supernova'",,b'HSDPA 850 / 900 / 1900 / 2100',"b'HSPA 42.2/11.5 Mbps, LTE Cat4 150/50 Mbps'","b'5 MP, f/2.0'",b'',,"b'LED flash, panorama, HDR'","b'1, 3, 7, 20'",,b'Android 8.1 (Oreo)',b'Qualcomm MSM8937 Snapdragon 430 (28 nm)',b'Octa-core 1.4 GHz Cortex-A53',b'Adreno 505',,b'Yes (optional)',b'View2 Go',b'0.29 W/kg (head) \xc2\xa0 \xc2\xa0 1.50 W/kg (body)',b'HDR',,,,,,,
b'wiko',b'Wiko View2 Plus',b'https://fdn2.gsmarena.com/vv/bigpic/wiko-view2-plus.jpg',b'GSM / HSPA / LTE',b'GSM 850 / 900 / 1800 / 1900 - SIM 1 & SIM 2',,,"b'2018, September'","b'Available. Released 2018, September'",b'153.4 x 73.2 x 8.6 mm (6.04 x 2.88 x 0.34 in)',b'166 g (5.86 oz)',"b'Hybrid Dual SIM (Nano-SIM, dual stand-by)'",b'IPS LCD',"b'5.93 inches, 88.1 cm2 (~78.4% screen-to-body ratio)'","b'720 x 1512 pixels, 19:9 ratio (~282 ppi density)'",b'eMMC 5.1',b'microSDXC (uses shared SIM slot)',,,b'64GB 4GB RAM',"b'8 MP, f/2.0'",b'1080p@60fps',,b'Yes',,b'Yes',"b'Wi-Fi 802.11 b/g/n, Wi-Fi Direct, hotspot'","b'4.2, A2DP, LE'","b'Yes, with A-GPS'",b'FM radio',"b'microUSB 2.0, USB On-The-Go'","b'Fingerprint (rear-mounted), accelerometer, gyro, proximity, compass'",,,,,,"b'Li-Po 4000 mAh, non-removable'",,,"b'Anthracite, Gold, Supernova'",,b'HSDPA 850 / 900 / 1900 / 2100',"b'HSPA 42.2/11.5 Mbps, LTE Cat4 150/50 Mbps'",,b'1080p@30fps',,"b'LED flash, panorama, HDR'","b'1, 3, 7, 8, 20, 40'",,b'Android 8.1 (Oreo)',b'Qualcomm SDM450 Snapdragon 450 (14 nm)',b'Octa-core 1.8 GHz Cortex-A53',b'Adreno 506',"b'12 MP, 1/2.9"", 1.25\xce\xbcm, PDAF 12 MP, 1/2.9"", 1.25\xce\xbcm, PDAF'",b'Yes (optional)',,b'0.38 W/kg (head) \xc2\xa0 \xc2\xa0 1.50 W/kg (body)',b'Auto-HDR',,,,,,,
b'wiko',b'Wiko View Max',b'https://fdn2.gsmarena.com/vv/bigpic/wiko-view-max-.jpg',b'GSM / HSPA / LTE',b'GSM 850 / 900 / 1800 / 1900 - SIM 1 & SIM 2',,,"b'2018, March'","b'Available. Released 2018, March'",b'157.8 x 75.8 x 7.9 mm (6.21 x 2.98 x 0.31 in)',b'158 g (5.57 oz)',"b'Hybrid Dual SIM (Nano-SIM, dual stand-by)'",b'IPS LCD',"b'5.99 inches, 92.6 cm2 (~77.4% screen-to-body ratio)'","b'720 x 1440 pixels, 18:9 ratio (~269 ppi density)'",b'eMMC 5.1',b'microSDXC',,,b'32GB 3GB RAM',"b'13 MP, PDAF'",b'1080p@30fps',,b'Yes',,b'Yes',"b'Wi-Fi 802.11 b/g/n, Wi-Fi Direct, hotspot'","b'4.2, A2DP, LE'","b'Yes, with A-GPS'",b'FM radio',"b'microUSB 2.0, USB On-The-Go'","b'Fingerprint (rear-mounted), accelerometer, gyro, proximity, compass'",,,,,,"b'Li-Po 4000 mAh, non-removable'",,,"b'Anthracite, Gold, Black'",,b'HSDPA 850 / 900 / 1900 / 2100',"b'HSPA 42.2/11.5 Mbps, LTE Cat4 150/50 Mbps'",b'8 MP',b'1080p@30fps',,"b'LED flash, panorama, HDR'","b'1, 3, 7, 20'",,b'Android 8.1 (Oreo)',b'Mediatek MT6739WA (28 nm)',b'Quad-core 1.3 GHz Cortex-A53',b'PowerVR GE8100',,b'No',"b'W_P200, W_P200CM'",b'0.32 W/kg (head) \xc2\xa0 \xc2\xa0 1.25 W/kg (body)',b'HDR',,,,,,,
b'wiko',b'Wiko View2 Pro',b'https://fdn2.gsmarena.com/vv/bigpic/wiko-view2-pro.jpg',b'GSM / HSPA / LTE',b'GSM 850 / 900 / 1800 / 1900 - SIM 1 & SIM 2',,,"b'2018, February'","b'Available. Released 2018, May'",b'153 x 72.6 x 8.3 mm (6.02 x 2.86 x 0.33 in)',b'164 g (5.78 oz)',"b'Hybrid Dual SIM (Nano-SIM, dual stand-by)'",b'IPS LCD',"b'6.0 inches, 89.6 cm2 (~80.6% screen-to-body ratio)'",b'720 x 1528 pixels (~282 ppi density)',b'eMMC 5.1',b'microSDXC (uses shared SIM slot)',,,b'64GB 4GB RAM',"b'16 MP, f/2.0, 26mm (wide), 1/3.06"", 1.0\xc2\xb5m'",b'1080p@60fps',,b'Yes',,b'Yes',"b'Wi-Fi 802.11 b/g/n, Wi-Fi Direct, hotspot'","b'4.2, A2DP, LE'","b'Yes, with A-GPS'",b'Stereo FM radio',"b'microUSB 2.0, USB On-The-Go'","b'Fingerprint (rear-mounted), accelerometer, gyro, proximity, compass'",,,,,,"b'Li-Po 3000 mAh, non-removable'",,,"b'Black, Gold'",b'About 300 EUR',b'HSDPA 850 / 900 / 1900 / 2100',"b'HSPA 21.1/5.76 Mbps, LTE-A (2CA) Cat6 300/50 Mbps'",,b'1080p@30fps',,"b'Dual-LED dual-tone flash, panorama'","b'1, 3, 7, 8, 20'",b'Corning Gorilla Glass',b'Android 8.0 (Oreo)',b'Qualcomm SDM450 Snapdragon 450 (14 nm)',b'Octa-core 1.8 GHz Cortex-A53',b'Adreno 506',"b'16 MP, f/1.8, dual pixel PDAF 16 MP, f/1.8, dual pixel PDAF'",b'Yes',b'W_C860',,,,,,,,,"b'Glass front (Gorilla Glass), aluminum back, aluminum frame'"
b'wiko',b'Wiko View2',b'https://fdn2.gsmarena.com/vv/bigpic/wiko-view2.jpg',b'GSM / HSPA / LTE',b'GSM 850 / 900 / 1800 / 1900 - SIM 1 & SIM 2',,,"b'2018, February'","b'Available. Released 2018, May'",b'154.5 x 72 x 8.3 mm (6.08 x 2.83 x 0.33 in)',b'153 g (5.40 oz)',"b'Hybrid Dual SIM (Nano-SIM, dual stand-by)'",b'IPS LCD',"b'6.0 inches, 89.6 cm2 (~80.5% screen-to-body ratio)'",b'720 x 1528 pixels (~282 ppi density)',b'eMMC 5.1',b'microSDXC (uses shared SIM slot)',,,b'32GB 3GB RAM',"b'13 MP, PDAF'",b'1080p@30fps',,b'Yes',,b'Yes',"b'Wi-Fi 802.11 b/g/n, Wi-Fi Direct, hotspot'","b'4.2, A2DP, LE'","b'Yes, with A-GPS'",b'Stereo FM radio',"b'microUSB 2.0, USB On-The-Go'","b'Fingerprint (rear-mounted), accelerometer, gyro, proximity, compass'",,,,,,"b'Li-Po 3000 mAh, non-removable'",,,"b'Anthracite, Gold, Grey'",b'About 200 EUR',b'HSDPA 850 / 900 / 1900 / 2100',"b'HSPA 21.1/5.76 Mbps, LTE-A (2CA) Cat6 300/50 Mbps'","b'16 MP, f/2.0, 26mm (wide), 1/3.06"", 1.0\xc2\xb5m'",b'1080p@30fps',,"b'LED flash, panorama'","b'1, 3, 7, 8, 20'",b'Corning Gorilla Glass',b'Android 8.0 (Oreo)',b'Qualcomm MSM8940 Snapdragon 435 (28 nm)',b'Octa-core 1.4 GHz Cortex-A53',b'Adreno 505',,b'Yes',b'W_C800',b'0.43 W/kg (head) \xc2\xa0 \xc2\xa0 1.33 W/kg (body)',,,,,,,,"b'Glass front (Gorilla Glass), aluminum back, aluminum frame'"
b'wiko',b'Wiko View Prime',b'https://fdn2.gsmarena.com/vv/bigpic/wiko-vprm.jpg',b'GSM / HSPA / LTE',b'GSM 850 / 900 / 1800 / 1900 - SIM 1 & SIM 2',,,"b'2017, September'","b'Available. Released 2017, September'",b'152.3 x 72.8 x 8.3 mm (6.00 x 2.87 x 0.33 in)',b'162 g (5.71 oz)',"b'Dual SIM (Nano-SIM, dual stand-by)'",b'IPS LCD',"b'5.7 inches, 83.8 cm2 (~75.6% screen-to-body ratio)'","b'720 x 1440 pixels, 18:9 ratio (~282 ppi density)'",b'eMMC 5.1',b'microSDXC',,,b'64GB 4GB RAM',"b'16 MP, AF'",b'1080p@30fps',,b'Yes',,b'Yes',"b'Wi-Fi 802.11 b/g/n, Wi-Fi Direct, hotspot'","b'4.2, A2DP, LE'","b'Yes, with A-GPS'",b'Stereo FM radio',"b'microUSB 2.0, USB On-The-Go'","b'Fingerprint (rear-mounted), accelerometer, gyro, proximity, compass'",,,,,,"b'Li-Po 3000 mAh, non-removable'",,,"b'Black, Gold, Deep Bleen, Cherry Red'",b'About 190 EUR',b'HSDPA 850 / 900 / 1900 / 2100',"b'HSPA 42.2/5.76 Mbps, LTE Cat4 150/50 Mbps'",,b'',,"b'LED flash, panorama, HDR'","b'1, 3, 7, 20'",,b'Android 7.1 (Nougat)',b'Qualcomm MSM8937 Snapdragon 430 (28 nm)',b'Octa-core 1.4 GHz Cortex-A53',b'Adreno 505',"b'20 MP, f/2.0, (wide), 1/2.8"", 1.0\xc2\xb5m 8 MP'",b'No',,b'0.19 W/kg (head) \xc2\xa0 \xc2\xa0 1.62 W/kg (body)',,,,,,,,
b'wiko',b'Wiko View XL',b'https://fdn2.gsmarena.com/vv/bigpic/wiko-vxl.jpg',b'GSM / HSPA / LTE',b'GSM 850 / 900 / 1800 / 1900 - SIM 1 & SIM 2',,,"b'2017, October'","b'Available. Released 2017, October'",b'158.1 x 76.5 x 8.2 mm (6.22 x 3.01 x 0.32 in)',b'171 g (6.03 oz)',"b'Dual SIM (Nano-SIM, dual stand-by)'",b'IPS LCD',"b'5.99 inches, 92.6 cm2 (~76.6% screen-to-body ratio)'","b'720 x 1440 pixels, 18:9 ratio (~269 ppi density)'",b'eMMC 5.1',b'microSDXC',,,b'32GB 3GB RAM',"b'13 MP, AF'",b'1080p@30fps',,b'Yes',,b'Yes',"b'Wi-Fi 802.11 b/g/n, Wi-Fi Direct, hotspot'","b'4.2, A2DP, LE'","b'Yes, with A-GPS'",b'Stereo FM radio',"b'microUSB 2.0, USB On-The-Go'","b'Fingerprint (rear-mounted), accelerometer, gyro, proximity, compass'",,,,,,"b'Li-Po 3000 mAh, removable'",,,"b'Black, Gold, Deep Bleen, Cherry Red'",,b'HSDPA 850 / 900 / 1900 / 2100',"b'HSPA 42.2/5.76 Mbps, LTE Cat4 150/50 Mbps'","b'16 MP, f/2.2, 26mm (wide), 1/3.06"", 1.0\xc2\xb5m'",b'',,"b'LED flash, panorama, HDR'","b'1, 3, 7, 20'",,b'Android 7.1 (Nougat)',b'Qualcomm MSM8917 Snapdragon 425 (28 nm)',b'Quad-core 1.4 GHz Cortex-A53',b'Adreno 308',,b'No',,b'0.20 W/kg (head) \xc2\xa0 \xc2\xa0 1.28 W/kg (body)',,,,,,,,
b'wiko',b'Wiko View',b'https://fdn2.gsmarena.com/vv/bigpic/wiko-v.jpg',b'GSM / HSPA / LTE',b'GSM 850 / 900 / 1800 / 1900 - SIM 1 & SIM 2',,,"b'2017, September'","b'Available. Released 2017, September'",b'151.5 x 73.1 x 8.7 mm (5.96 x 2.88 x 0.34 in)',b'160 g (5.64 oz)',"b'Dual SIM (Micro-SIM, dual stand-by)'",b'IPS LCD',"b'5.7 inches, 83.8 cm2 (~75.7% screen-to-body ratio)'","b'720 x 1440 pixels, 18:9 ratio (~282 ppi density)'",b'eMMC 5.1',b'microSDXC',,,"b'16GB 3GB RAM, 32GB 3GB RAM'","b'13 MP, AF'",b'1080p@30fps',,b'Yes',,b'Yes',"b'Wi-Fi 802.11 b/g/n, Wi-Fi Direct, hotspot'","b'4.2, A2DP, LE'","b'Yes, with A-GPS'",b'Stereo FM radio',"b'microUSB 2.0, USB On-The-Go'","b'Fingerprint (rear-mounted), accelerometer, gyro, proximity, compass'",,,,,,"b'Li-Po 2900 mAh, removable'",,,"b'Black, Gold, Deep Bleen, Cherry Red'",b'About 150 EUR',b'HSDPA 850 / 900 / 1900 / 2100',"b'HSPA 42.2/5.76 Mbps, LTE Cat4 150/50 Mbps'","b'16 MP, f/2.2, 26mm (wide), 1/3.06"", 1.0\xc2\xb5m'",b'',,"b'LED flash, panorama, HDR'","b'1, 3, 7, 20'",,b'Android 7.1 (Nougat)',b'Qualcomm MSM8917 Snapdragon 425 (28 nm)',b'Quad-core 1.4 GHz Cortex-A53',b'Adreno 308',,b'No',b'View',b'0.40 W/kg (head) \xc2\xa0 \xc2\xa0 1.30 W/kg (body)',,,,,,,,
b'wiko',b'Wiko WIM',b'https://fdn2.gsmarena.com/vv/bigpic/wiko-w.jpg',b'GSM / HSPA / LTE',b'GSM 850 / 900 / 1800 / 1900 - SIM 1 & SIM 2',,,"b'2017, February'","b'Available. Released 2017, February'",b'156.2 x 75.3 x 7.9 mm (6.15 x 2.96 x 0.31 in)',b'160 g (5.64 oz)',"b'Dual SIM (Nano-SIM, dual stand-by)'",b'AMOLED',"b'5.5 inches, 83.4 cm2 (~70.9% screen-to-body ratio)'","b'1080 x 1920 pixels, 16:9 ratio (~401 ppi density)'",b'eMMC 5.1',b'microSDXC',,,b'64GB 4GB RAM',"b'13 MP, f/2.0, PDAF 13 MP B/W'","b'4K@30fps, 1080p@30fps'",,b'Yes',,b'Yes',"b'Wi-Fi 802.11 a/b/g/n/ac, dual-band, Wi-Fi Direct, hotspot'","b'4.2, A2DP, LE'","b'Yes, with A-GPS, GLONASS, BDS, GALILEO'",b'Stereo FM radio',"b'microUSB 2.0, USB On-The-Go'","b'Fingerprint (front-mounted), accelerometer, gyro, proximity, compass'",,,,,,"b'Li-Po 3200 mAh, non-removable'",,,"b'Black, Gold, Deep Bleen'",,b'HSDPA 850 / 900 / 1900 / 2100',"b'HSPA 42.2/5.76 Mbps, LTE-A (2CA) Cat6 300/50 Mbps'","b'16 MP, f/2.2, 26mm (wide), 1/3.06"", 1.0\xc2\xb5m'",b'1080p@30fps',,"b'Dual-LED dual-tone flash, panorama, HDR'","b'1, 2, 3, 5, 7, 8, 12, 17, 20, 28, 38, 40'",b'Corning Gorilla Glass 3',b'Android 7.1 (Nougat)',b'Qualcomm MSM8953-Pro Snapdragon 626 (14 nm)',b'Octa-core 2.2 GHz Cortex-A53',b'Adreno 506',,b'No',,b'1.49 W/kg (head) \xc2\xa0 \xc2\xa0 1.25 W/kg (body)',b'LED flash',b'Fast charging 18W Quick Charge 3.0',,,,,,
b'wiko',b'Wiko WIM Lite',b'https://fdn2.gsmarena.com/vv/bigpic/wiko-wl.jpg',b'GSM / HSPA / LTE',b'GSM 850 / 900 / 1800 / 1900 - SIM 1 & SIM 2',,,"b'2017, February'","b'Available. Released 2017, February'",b'144 x 71.7 x 8.8 mm (5.67 x 2.82 x 0.35 in)',b'149 g (5.26 oz)',"b'Hybrid Dual SIM (Nano-SIM, dual stand-by)'",b'IPS LCD',"b'5.0 inches, 68.9 cm2 (~66.8% screen-to-body ratio)'","b'1080 x 1920 pixels, 16:9 ratio (~441 ppi density)'",b'eMMC 5.1',b'microSDXC (uses shared SIM slot)',,,b'32GB 3GB RAM',"b'13 MP, f/2.0, 1/3.1"", AF'","b'4K@30fps, 1080p@30fps'",,b'Yes',,b'Yes',"b'Wi-Fi 802.11 b/g/n, Wi-Fi Direct, hotspot'","b'4.2, A2DP, LE'","b'Yes, with A-GPS, GLONASS, BDS'",b'Stereo FM radio',"b'microUSB 2.0, USB On-The-Go'","b'Fingerprint (rear-mounted), accelerometer, gyro, proximity, compass'",,,,,,"b'Li-Po 3000 mAh, non-removable'",,,"b'Black, Gold, Deep Bleen, Cherry Red'",,b'HSDPA 850 / 900 / 1900 / 2100',"b'HSPA 42.2/5.76 Mbps, LTE-A (2CA) Cat6 300/50 Mbps'","b'16 MP, f/2.2, 26mm (wide), 1/3.06"", 1.0\xc2\xb5m'",b'1080p@30fps',,"b'Dual-LED flash, panorama, HDR'","b'1, 3, 7, 8, 20'",,b'Android 7.1 (Nougat)',b'Qualcomm MSM8940 Snapdragon 435 (28 nm)',b'Octa-core 1.4 GHz Cortex-A53',b'Adreno 505',,b'No',,b'0.43 W/kg (head) \xc2\xa0 \xc2\xa0 1.46 W/kg (body)',,,,,,,,
b'wiko',b'Wiko Upulse',b'https://fdn2.gsmarena.com/vv/bigpic/wiko-upls.jpg',b'GSM / HSPA / LTE',b'GSM 850 / 900 / 1800 / 1900 - SIM 1 & SIM 2',,,b'2017',b'Available. Released 2017',b'153.5 x 77.5 x 8.5 mm (6.04 x 3.05 x 0.33 in)',b'167 g (5.89 oz)',"b'Dual SIM (Micro-SIM, dual stand-by)'",b'IPS LCD',"b'5.5 inches, 83.4 cm2 (~70.1% screen-to-body ratio)'","b'720 x 1280 pixels, 16:9 ratio (~267 ppi density)'",,b'microSDXC',,,b'32GB 3GB RAM',"b'13 MP, AF'",b'1080p@30fps',,b'Yes',,b'Yes',"b'Wi-Fi 802.11 b/g/n, hotspot'","b'4.0, A2DP'","b'Yes, with A-GPS'",b'FM radio',"b'microUSB 2.0, USB On-The-Go'","b'Fingerprint (rear-mounted), accelerometer, gyro, proximity, compass'",,,,,,"b'Li-Po 3000 mAh, non-removable'",,,"b'Black, Gold, Deep Bleen, Cherry Red'",,b'HSDPA 850 / 900 / 1900 / 2100',"b'HSPA 21.1/5.76 Mbps, LTE Cat4 150/50 Mbps'",b'8 MP',b'',,"b'LED flash, panorama, HDR'","b'1, 3, 7, 20'",,b'Android 7.0 (Nougat)',,b'Quad-core 1.3 GHz Cortex-A53',b'Mali-T720',,b'No',b'U PULSE',,b'LED flash',,,,,,,
b'wiko',b'Wiko Upulse lite',b'https://fdn2.gsmarena.com/vv/bigpic/wiko-upls-l.jpg',b'GSM / HSPA / LTE',b'GSM 850 / 900 / 1800 / 1900 - SIM 1 & SIM 2',,,b'2017',b'Available. Released 2017',b'144 x 72 x 8.4 mm (5.67 x 2.83 x 0.33 in)',b'157 g (5.54 oz)',"b'Dual SIM (Micro-SIM, dual stand-by)'",b'IPS LCD',"b'5.2 inches, 74.5 cm2 (~71.9% screen-to-body ratio)'","b'720 x 1280 pixels, 16:9 ratio (~282 ppi density)'",,b'microSDXC',,,b'32GB 3GB RAM',"b'13 MP, AF'",b'1080p@30fps',,b'Yes',,b'Yes',"b'Wi-Fi 802.11 b/g/n, hotspot'","b'4.0, A2DP'","b'Yes, with A-GPS'",b'FM radio',"b'microUSB 2.0, USB On-The-Go'","b'Fingerprint (rear-mounted), accelerometer, gyro, proximity, compass'",,,,,,"b'Li-Po 3000 mAh, non-removable'",,,"b'Black, Gold, Deep Bleen, Cherry Red'",,b'HSDPA 850 / 900 / 1900 / 2100',"b'HSPA 21.1/5.76 Mbps, LTE Cat4 150/50 Mbps'",b'8 MP',b'',,"b'LED flash, panorama, HDR'","b'1, 3, 7, 20'",,b'Android 7.0 (Nougat)',,b'Quad-core 1.3 GHz Cortex-A53',b'Mali-T720',,b'No',,,b'LED flash',,,,,,,
b'wiko',b'Wiko Tommy2 Plus',b'https://fdn2.gsmarena.com/vv/bigpic/wiko-t2pl.jpg',b'GSM / HSPA / LTE',b'GSM 850 / 900 / 1800 / 1900 - SIM 1 & SIM 2',,,"b'2017, September'","b'Available. Released 2017, September'",b'155.3 x 76.8 x 8.9 mm (6.11 x 3.02 x 0.35 in)',b'173 g (6.10 oz)',"b'Dual SIM (Micro-SIM, dual stand-by)'",b'IPS LCD',"b'5.5 inches, 83.4 cm2 (~69.9% screen-to-body ratio)'","b'720 x 1280 pixels, 16:9 ratio (~267 ppi density)'",b'eMMC 5.1',b'microSDXC',,,b'16GB 1GB RAM',"b'13 MP, AF'",b'1080p@30fps',,b'Yes',,b'Yes',"b'Wi-Fi 802.11 b/g/n, Wi-Fi Direct, hotspot'","b'4.2, A2DP, LE'","b'Yes, with A-GPS, GLONASS, BDS'",b'Stereo FM radio',"b'microUSB 2.0, USB On-The-Go'","b'Accelerometer, gyro, proximity, compass'",,,,,,"b'Li-Po 3000 mAh, non-removable'",,,"b'Black, Gold, Bleen, Lime, Rose Gold'",,b'HSDPA 850 / 900 / 1900 / 2100',"b'HSPA 42.2/5.76 Mbps, LTE Cat4 150/50 Mbps'",b'5 MP',b'',,"b'LED flash, HDR, panorama'","b'1, 3, 7, 20'",,b'Android 7.1 (Nougat)',b'Qualcomm MSM8917 Snapdragon 425 (28 nm)',b'Quad-core 1.4 GHz Cortex-A53',b'Adreno 308',,b'No',,b'0.88 W/kg (head) \xc2\xa0 \xc2\xa0 1.49 W/kg (body)',b'LED flash',,,,,,,
b'wiko',b'Wiko Tommy2',b'https://fdn2.gsmarena.com/vv/bigpic/wiko-t2sl.jpg',b'GSM / HSPA / LTE',b'GSM 850 / 900 / 1800 / 1900 - SIM 1 & SIM 2',,,"b'2017, June'","b'Available. Released 2017, June'",b'145 x 72.7 x 9.2 mm (5.71 x 2.86 x 0.36 in)',b'159 g (5.61 oz)',"b'Dual SIM (Micro-SIM, dual stand-by)'",b'IPS LCD',"b'5.0 inches, 68.9 cm2 (~65.4% screen-to-body ratio)'","b'720 x 1280 pixels, 16:9 ratio (~294 ppi density)'",b'eMMC 4.5',b'microSDXC',,,b'8GB 1GB RAM',"b'8 MP, AF'",b'720p@30fps',,b'Yes',,b'Yes',"b'Wi-Fi 802.11 b/g/n, Wi-Fi Direct, hotspot'","b'4.1, A2DP, LE'","b'Yes, with A-GPS'",b'Stereo FM radio',"b'microUSB 2.0, USB On-The-Go'","b'Accelerometer, proximity, compass'",,,,,,"b'Li-Po 2500 mAh, removable'",,,"b'True Black, Bleen, Blue, Rubi Red, Gold, Rose Gold'",,b'HSDPA 850 / 900 / 1900 / 2100',"b'HSPA 42.2/5.76 Mbps, LTE Cat4 150/50 Mbps'",b'5 MP',b'',,"b'LED flash, HDR'","b'1, 3, 7, 20'",,b'Android 7.1 (Nougat)',b'Qualcomm MSM8909v2 Snapdragon 212 (28 nm)',b'Quad-core 1.3 GHz Cortex-A7',b'Adreno 304',,b'No',,b'0.59 W/kg (head) \xc2\xa0 \xc2\xa0 1.73 W/kg (body)',,,,,,,,
b'wiko',b'Wiko Harry',b'https://fdn2.gsmarena.com/vv/bigpic/wiko-h.jpg',b'GSM / HSPA / LTE',b'GSM 850 / 900 / 1800 / 1900 - SIM 1 & SIM 2',,,b'2017',b'Available. Released 2017',b'145 x 72.7 x 9.2 mm (5.71 x 2.86 x 0.36 in)',b'160 g (5.64 oz)',"b'Dual SIM (Micro-SIM, dual stand-by)'",b'IPS LCD',"b'5.0 inches, 68.9 cm2 (~65.4% screen-to-body ratio)'","b'720 x 1280 pixels, 16:9 ratio (~294 ppi density)'",,b'microSDXC',,,b'16GB 3GB RAM',"b'13 MP, AF'",b'720p@30fps',,b'Yes',,b'Yes',"b'Wi-Fi 802.11 b/g/n, Wi-Fi Direct, hotspot'","b'4.0, A2DP'","b'Yes, with A-GPS'",b'Stereo FM radio',"b'microUSB 2.0, USB On-The-Go'","b'Accelerometer, gyro, proximity, compass'",,,,,,"b'Li-Ion 2500 mAh, removable'",,,"b'Anthracite, Gold, Bleen'",,b'HSDPA 850 / 900 / 2100',"b'HSPA 42.2/5.76 Mbps, LTE Cat4 150/50 Mbps'",b'5 MP',b'',,"b'LED flash, HDR'","b'1, 3, 7, 20'",,b'Android 7.0 (Nougat)',,b'Quad-core 1.3 GHz Cortex-A7',b'Mali-T720',,b'No',b'HARRY',b'0.44 W/kg (head) \xc2\xa0 \xc2\xa0 1.03 W/kg (body)',,,,,,,,
b'wiko',b'Wiko Jerry2',b'https://fdn2.gsmarena.com/vv/bigpic/wiko-j2.jpg',b'GSM / HSPA',b'GSM 850 / 900 / 1800 / 1900 - SIM 1 & SIM 2',,,b'2017',b'Available. Released 2017',b'144 x 72.8 x 9.3 mm (5.67 x 2.87 x 0.37 in)',b'167 g (5.89 oz)',"b'Dual SIM (Micro-SIM, dual stand-by)'",b'IPS LCD',"b'5.0 inches, 68.9 cm2 (~65.7% screen-to-body ratio)'","b'480 x 854 pixels, 16:9 ratio (~196 ppi density)'",,b'microSDXC',,,b'8GB 1GB RAM',b'5 MP',b'Yes',,b'Yes',,b'Yes',"b'Wi-Fi 802.11 b/g/n, Wi-Fi Direct, hotspot'","b'4.0, A2DP'","b'Yes, with A-GPS'",b'Stereo FM radio',b'microUSB 2.0',b'Accelerometer',,,,,,"b'Li-Ion 2500 mAh, removable'",,,"b'Space Grey, Silver, Gold, Bleen, Lime'",,b'HSDPA 900 / 2100',b'HSPA 21.1/5.76 Mbps',b'5 MP',b'',,"b'LED flash, HDR, panorama'",,,b'Android 7.0 (Nougat)',,b'Quad-core 1.3 GHz Cortex-A7',b'Mali-400 MP2',,b'No',b'JERRY2',,,,,,,,,
b'wiko',b'Wiko Jerry',b'https://fdn2.gsmarena.com/vv/bigpic/wiko-j.jpg',b'GSM / HSPA',b'GSM 850 / 900 / 1800 / 1900 - SIM 1 & SIM 2',,,b'2016',b'Available. Released 2016',b'145.1 x 73.5 x 9.6 mm (5.71 x 2.89 x 0.38 in)',b'166 g (5.86 oz)',"b'Dual SIM (Micro-SIM/Mini-SIM, dual stand-by)'",b'IPS LCD',"b'5.0 inches, 68.9 cm2 (~64.6% screen-to-body ratio)'","b'480 x 854 pixels, 16:9 ratio (~196 ppi density)'",,b'microSDXC',,,b'8GB 1GB RAM',b'5 MP',b'Yes',,b'Yes',,b'Yes',"b'Wi-Fi 802.11 b/g/n, Wi-Fi Direct, hotspot'","b'4.0, A2DP'","b'Yes, with A-GPS'",b'Stereo FM radio',b'microUSB 2.0',"b'Accelerometer, proximity, compass'",,,,,,"b'Li-Ion 2000 mAh, removable'",,,"b'Orange/Space Grey, Bleen/Silver, Black/Space Grey, Pink/Silver, White/Space Grey'",,b'HSDPA 900 / 1900 / 2100',b'HSPA 21.1/5.76 Mbps',b'2 MP',b'',,"b'LED flash, HDR, panorama'",,,b'Android 6.0 (Marshmallow)',,b'Quad-core 1.3 GHz Cortex-A7',b'Mali-400',,b'No',b'JERRY',,,,,,,,,
b'wiko',b'Wiko Kenny',b'https://fdn2.gsmarena.com/vv/bigpic/wiko-k.jpg',b'GSM / HSPA / LTE',b'GSM 850 / 900 / 1800 / 1900 - SIM 1 & SIM 2',,,b'2017',b'Available. Released 2017',b'144.7 x 72.4 x 10.1 mm (5.70 x 2.85 x 0.40 in)',b'162 g (5.71 oz)',"b'Dual SIM (Micro-SIM, dual stand-by)'",b'IPS LCD',"b'5.0 inches, 68.9 cm2 (~65.8% screen-to-body ratio)'","b'480 x 854 pixels, 16:9 ratio (~196 ppi density)'",b'HSDPA 850 / 900 / 2100',b'microSDXC',,,b'16GB 2GB RAM',b'5 MP or 8 MP',b'1080p@30fps',"b'1, 3, 7, 20'",b'Yes',,b'Yes',"b'Wi-Fi 802.11 b/g/n, Wi-Fi Direct, hotspot'","b'4.0, A2DP'","b'Yes, with A-GPS'",b'Stereo FM radio',"b'microUSB 2.0, USB On-The-Go'","b'Accelerometer, proximity, compass'",,,,,,b'Li-Ion 2500 mAh battery',,,"b'Anthracite, Gold, Bleen'",,b'HSDPA 850 / 900 / 1900 / 2100',"b'HSPA 21.1/5.76 Mbps, LTE Cat4 150/50 Mbps'",b'5 MP',b'',,"b'LED flash, HDR, panorama'","b'3, 7, 20'",,b'Android 7.0 (Nougat)',,b'Quad-core 1.1 GHz',b'Mali-T720',,b'No',,,,,,,,,,
b'wiko',b'Wiko Lenny3 Max',b'https://fdn2.gsmarena.com/vv/bigpic/wiko-l3.jpg',b'GSM / HSPA',b'GSM 850 / 900 / 1800 / 1900 - SIM 1 & SIM 2',,,b'2016',b'Available. Released 2016',b'143 x 73 x 9.9 mm (5.63 x 2.87 x 0.39 in)',b'177 g (6.24 oz)',"b'Dual SIM (Micro-SIM, dual stand-by)'",b'IPS LCD',"b'5.0 inches, 68.9 cm2 (~66.0% screen-to-body ratio)'","b'720 x 1280 pixels, 16:9 ratio (~294 ppi density)'",,b'microSDXC',,,b'16GB 2GB RAM',"b'8 MP, AF'",b'1080p@30fps',,b'Yes',,b'Yes',"b'Wi-Fi 802.11 b/g/n, hotspot'","b'4.0, A2DP'","b'Yes, with A-GPS'",b'FM radio',"b'microUSB 2.0, USB On-The-Go'","b'Accelerometer, gyro, proximity, compass'",,,,,,"b'Li-Po 4900 mAh, non-removable'",,,"b'Space Grey, Bleen, Rose Gold, Gold'",,b'HSDPA 900 / 1900 / 2100',b'HSPA 21.1/5.76 Mbps',b'5 MP',b'',,"b'LED flash, panorama, HDR'",,,b'Android 6.0 (Marshmallow)',,b'Quad-core 1.3 GHz Cortex-A7',b'Mali-400',,b'No',,,,,,,,,,
b'wiko',b'Wiko Lenny4 Plus',b'https://fdn2.gsmarena.com/vv/bigpic/wiko-l4pl.jpg',b'GSM / HSPA',b'GSM 850 / 900 / 1800 / 1900 - SIM 1 & SIM 2',,,b'2017',b'Available. Released 2017',b'156 x 79 x 9.4 mm (6.14 x 3.11 x 0.37 in)',b'160 g (5.64 oz)',"b'Dual SIM (Micro-SIM, dual stand-by)'",b'IPS LCD',"b'5.5 inches, 83.4 cm2 (~67.7% screen-to-body ratio)'","b'720 x 1280 pixels, 16:9 ratio (~267 ppi density)'",,b'microSDXC',,,b'16GB 1GB RAM',"b'8 MP, AF'",b'1080p@30fps',,b'Yes',,b'Yes',"b'Wi-Fi 802.11 b/g/n, hotspot'","b'4.0, A2DP'","b'Yes, with A-GPS'",b'FM radio',b'microUSB 2.0',"b'Accelerometer, proximity'",,,,,,"b'Li-Ion 2500 mAh, removable'",,,"b'Black, Gold, Bleen, Lime, Rose Gold'",,b'HSDPA 900 / 1900 / 2100',b'HSPA 21.1/5.76 Mbps',b'5 MP',b'',,"b'LED flash, panorama, HDR'",,,b'Android 7.0 (Nougat)',,b'Quad-core 1.3 GHz Cortex-A7',b'Mali-400 MP2',,b'No',,,,,,,,,,
b'wiko',b'Wiko Lenny4',b'https://fdn2.gsmarena.com/vv/bigpic/wiko-l4.jpg',b'GSM / HSPA',b'GSM 850 / 900 / 1800 / 1900 - SIM 1 & SIM 2',,,b'2017',b'Available. Released 2017',b'145 x 72.5 x 10.6 mm (5.71 x 2.85 x 0.42 in)',b'170.2 g (6.00 oz)',"b'Dual SIM (Micro-SIM, dual stand-by)'",b'IPS LCD',"b'5.0 inches, 68.9 cm2 (~65.6% screen-to-body ratio)'","b'720 x 1280 pixels, 16:9 ratio (~294 ppi density)'",,b'microSDXC',,,b'16GB 1GB RAM',"b'8 MP, AF'",b'1080p@30fps',,b'Yes',,b'Yes',"b'Wi-Fi 802.11 b/g/n, hotspot'","b'4.0, A2DP'","b'Yes, with A-GPS'",b'FM radio',b'microUSB 2.0',"b'Accelerometer, proximity'",,,,,,"b'Li-Ion 2500 mAh, removable'",,,"b'Black, Gold, Bleen, Lime, Rose Gold'",,b'HSDPA 900 / 1900 / 2100',b'HSPA 21.1/5.76 Mbps',b'5 MP',b'',,"b'LED flash, panorama, HDR'",,,b'Android 7.0 (Nougat)',,b'Quad-core 1.3 GHz Cortex-A7',b'Mali-400 MP2',,b'No',,,,,,,,,,
b'wiko',b'Wiko Ufeel fab',b'https://fdn2.gsmarena.com/vv/bigpic/wiko-uf-f.jpg',b'GSM / HSPA / LTE',b'GSM 850 / 900 / 1800 / 1900 - SIM 1 & SIM 2',,,b'2016',b'Available. Released 2016',b'154.4 x 77.2 x 10.6 mm (6.08 x 3.04 x 0.42 in)',b'201 g (7.09 oz)',"b'Dual SIM (Micro-SIM, dual stand-by)'",b'IPS LCD',"b'5.5 inches, 83.4 cm2 (~70.0% screen-to-body ratio)'","b'720 x 1280 pixels, 16:9 ratio (~267 ppi density)'",,b'microSDXC',,,b'16GB 2GB RAM',"b'13 MP, AF'",b'1080p@30fps',,b'Yes',,b'Yes',"b'Wi-Fi 802.11 b/g/n, hotspot'","b'4.0, A2DP'","b'Yes, with A-GPS'",b'FM radio',"b'microUSB 2.0, USB On-The-Go'","b'Fingerprint (front-mounted), accelerometer, gyro, proximity, compass'",,,,,,b'Li-Po 4000 mAh battery',,,"b'Black, Gold, Rose Gold'",,b'HSDPA 850 / 900 / 1900 / 2100',"b'HSPA 21.1/5.76 Mbps, LTE Cat4 150/50 Mbps'",b'5 MP',b'',,"b'LED flash, panorama, HDR'","b'1, 3, 7, 20'",,b'Android 6.0 (Marshmallow)',,b'Quad-core 1.3 GHz Cortex-A53',b'Mali-T720',,b'No',,,b'LED flash',,,,,,,
b'wiko',b'Wiko Ufeel go',b'https://fdn2.gsmarena.com/vv/bigpic/wiko-uf-g.jpg',b'GSM / HSPA / LTE',b'GSM 850 / 900 / 1800 / 1900 - SIM 1 & SIM 2',,,b'2016',b'Available. Released 2016',b'144.4 x 71.6 x 9.7 mm (5.69 x 2.82 x 0.38 in)',b'172 g (6.07 oz)',"b'Dual SIM (Micro-SIM, dual stand-by)'",b'IPS LCD',"b'5.0 inches, 68.9 cm2 (~66.7% screen-to-body ratio)'","b'720 x 1280 pixels, 16:9 ratio (~294 ppi density)'",,b'microSDXC',,,b'16GB 2GB RAM',"b'13 MP, AF'",b'1080p@30fps',,b'Yes',,b'Yes',"b'Wi-Fi 802.11 b/g/n, hotspot'","b'4.0, A2DP'","b'Yes, with A-GPS'",b'FM radio',"b'microUSB 2.0, USB On-The-Go'","b'Fingerprint (front-mounted), accelerometer, gyro, proximity, compass'",,,,,,b'Li-Po 4000 mAh battery',,,"b'Space Grey, Gold'",,b'HSDPA 850 / 900 / 1900 / 2100',"b'HSPA 21.1/5.76 Mbps, LTE Cat4 150/50 Mbps'",b'5 MP',b'',,"b'LED flash, panorama, HDR'","b'1, 3, 7, 20'",,b'Android 6.0 (Marshmallow)',,b'Quad-core 1.3 GHz Cortex-A53',b'Mali-T720',,b'No',,,b'LED flash',,,,,,,
b'wiko',b'Wiko Ufeel',b'https://fdn2.gsmarena.com/vv/bigpic/wiko-uf-.jpg',b'GSM / HSPA / LTE',b'GSM 850 / 900 / 1800 / 1900 - SIM 1 & SIM 2',,,b'2016',b'Available. Released 2016',b'143 x 70.7 x 8.6 mm (5.63 x 2.78 x 0.34 in)',b'145 g (5.11 oz)',"b'Dual SIM (Micro-SIM, dual stand-by)'",b'IPS LCD',"b'5.0 inches, 68.9 cm2 (~68.2% screen-to-body ratio)'","b'720 x 1280 pixels, 16:9 ratio (~294 ppi density)'",,b'microSDXC',,,b'16GB 3GB RAM',"b'13 MP, AF'",b'1080p@30fps',,b'Yes',,b'Yes',"b'Wi-Fi 802.11 b/g/n, hotspot'","b'4.0, A2DP'","b'Yes, with A-GPS'",b'FM radio',"b'microUSB 2.0, USB On-The-Go'","b'Fingerprint (front-mounted), accelerometer, gyro, proximity, compass'",,,,,,"b'Li-Po 2500 mAh, non-removable'",,,"b'Lime, Space Grey, Chocolate, Slate, Creamy'",,b'HSDPA 900 / 1900 / 2100',"b'HSPA 21.1/5.76 Mbps, LTE Cat4 150/50 Mbps'",b'5 MP',b'',,"b'LED flash, panorama, HDR'","b'1, 3, 7, 20'",,b'Android 6.0 (Marshmallow)',,b'Quad-core 1.3 GHz Cortex-A53',b'Mali-T720',,b'No',,,b'LED flash',,,,,,,
b'wiko',b'Wiko U Feel Prime',b'https://fdn2.gsmarena.com/vv/bigpic/wiko-ufp.jpg',b'GSM / HSPA / LTE',b'GSM 850 / 900 / 1800 / 1900 - SIM 1 & SIM 2',,,"b'2016, September'","b'Available. Released 2016, September'",b'142.5 x 69.9 x 8.7 mm (5.61 x 2.75 x 0.34 in)',b'150 g (5.29 oz)',"b'Hybrid Dual SIM (Nano-SIM, dual stand-by)'",b'IPS LCD',"b'5.0 inches, 68.9 cm2 (~69.2% screen-to-body ratio)'","b'1080 x 1920 pixels, 16:9 ratio (~441 ppi density)'",b'eMMC 5.1',b'microSDXC (uses shared SIM slot)',,,b'32GB 4GB RAM',"b'13 MP, 1/3.1"", 1.12\xc2\xb5m, PDAF'",b'1080p@30fps',,b'Yes',,b'Yes',"b'Wi-Fi 802.11 b/g/n, Wi-Fi Direct, hotspot'","b'4.1, A2DP, LE'","b'Yes, with A-GPS'",b'Stereo FM radio',"b'microUSB 2.0, USB On-The-Go'","b'Fingerprint (front-mounted), accelerometer, gyro, proximity, compass'",,,,,,"b'Li-Po 3000 mAh, non-removable'",b'Up to 450 h (3G)',b'Up to 21 h (3G)',"b'Silver, Anthracite, Gold'",,b'HSDPA 900 / 1900 / 2100',"b'HSPA 42.2/5.76 Mbps, LTE Cat4 150/50 Mbps'",b'8 MP',b'',,"b'Dual-LED flash, panorama, HDR'",b'LTE 800 / 1800 / 2100 / 2600',,b'Android 6.0.1 (Marshmallow)',b'Qualcomm MSM8937 Snapdragon 430 (28 nm)',b'Octa-core 1.4 GHz Cortex-A53',b'Adreno 505',,b'No',,b'0.99 W/kg (head) \xc2\xa0 \xc2\xa0 0.80 W/kg (body)',b'LED flash',,,,,,,
b'wiko',b'Wiko U Feel Lite',b'https://fdn2.gsmarena.com/vv/bigpic/wiko-u-lite.jpg',b'GSM / HSPA / LTE',b'GSM 850 / 900 / 1800 / 1900 - SIM 1 & SIM 2',,,"b'2016, February'","b'Available. Released 2016, May'",b'143.5 x 71.5 x 8.5 mm (5.65 x 2.81 x 0.33 in)',b'147 g (5.19 oz)',"b'Dual SIM (Micro-SIM, dual stand-by)'",b'IPS LCD',"b'5.0 inches, 68.9 cm2 (~67.2% screen-to-body ratio)'","b'720 x 1280 pixels, 16:9 ratio (~294 ppi density)'",,b'microSDXC',,,b'16GB 2GB RAM',"b'8 MP, f/2.0, 1/4.0"", 1.12\xc2\xb5m'",b'1080p@30fps',,b'Yes',,b'Yes',"b'Wi-Fi 802.11 b/g/n, Wi-Fi Direct, DLNA, hotspot'","b'4.0, A2DP'","b'Yes, with A-GPS'",b'FM radio',"b'microUSB 2.0, USB On-The-Go'","b'Accelerometer, gyro, proximity, compass'",,,,,,"b'Li-Po 2500 mAh, non-removable'",b'Up to 212 h (2G) / Up to 212 h (3G)',b'Up to 25 h (2G) / Up to 13 h (3G)',"b'Lime, Slate, Chocolate, Rose Gold'",,b'HSDPA 900 / 1900 / 2100',"b'HSPA 21.1/5.76 Mbps, LTE Cat4 150/50 Mbps'","b'5 MP, f/2.4, 1/5"", 1.1\xc2\xb5m'",b'',,"b'LED flash, panorama, HDR'",b'LTE 800 / 1800 / 2100 / 2600',,b'Android 6.0.1 (Marshmallow)',b'Mediatek MT6735 (28 nm)',b'Quad-core 1.3 GHz Cortex-A7',b'Mali-T720',,b'No',,b'0.40 W/kg (head) \xc2\xa0 \xc2\xa0 0.49 W/kg (body)',,,,,,,,
b'wiko',b'Wiko Tommy',b'https://fdn2.gsmarena.com/vv/bigpic/wiko-tommy.jpg',b'GSM / HSPA / LTE',b'GSM 850 / 900 / 1800 / 1900',,,"b'2016, February'","b'Available. Released 2016, July'",b'146 x 71.5 x 8.8 mm (5.75 x 2.81 x 0.35 in)',b'165 g (5.82 oz)',b'Micro-SIM',b'IPS LCD',"b'5.0 inches, 68.9 cm2 (~66.0% screen-to-body ratio)'","b'720 x 1280 pixels, 16:9 ratio (~294 ppi density)'",b'eMMC 4.5',b'microSDXC (dedicated slot)',,,b'8GB 1GB RAM',"b'8 MP, f/2.0, 1/3.2"", 1.4\xc2\xb5m'",b'720p@30fps',,b'Yes',,b'Yes',"b'Wi-Fi 802.11 b/g/n, Wi-Fi Direct, hotspot'","b'4.0, A2DP'","b'Yes, with A-GPS'",b'FM radio',"b'microUSB 2.0, USB On-The-Go'","b'Accelerometer, proximity'",,,,,,"b'Li-Po 2500 mAh, removable'",b'Up to 270 h (2G) / Up to 270 h (3G)',b'Up to 26 h (2G) / Up to 15 h (3G)',"b'True Black, Flashy Red, Cool Grey, Bleen, Sun Yellow, Hot Pink'",,b'HSDPA 850 / 900 / 1900 / 2100',"b'HSPA 42.2/5.76 Mbps, LTE Cat4 150/50 Mbps'","b'5 MP, f/2.8, 1/5"", 1.12\xc2\xb5m'",b'',,"b'LED flash, panorama, HDR'",b'LTE 800 / 1800 / 2100 / 2600',,b'Android 6.0.1 (Marshmallow)',b'Qualcomm MSM8909v2 Snapdragon 212 (28 nm)',b'Quad-core 1.3 GHz Cortex-A7',b'Adreno 304',,b'No',,b'0.75 W/kg (head) \xc2\xa0 \xc2\xa0 1.81 W/kg (body)',,,,,,,,
b'wiko',b'Wiko Sunny2 Plus',b'https://fdn2.gsmarena.com/vv/bigpic/wiko-s2pl.jpg',b'GSM / HSPA',b'GSM 850 / 900 / 1800 / 1900 - SIM 1 & SIM 2',,,b'2017',b'Available. Released 2017',b'146.3 x 73.7 x 9.8 mm (5.76 x 2.90 x 0.39 in)',b'165 g (5.82 oz)',"b'Dual SIM (Micro-SIM/Mini-SIM, dual stand-by)'",b'TFT',"b'5.0 inches, 68.9 cm2 (~63.9% screen-to-body ratio)'","b'480 x 854 pixels, 16:9 ratio (~196 ppi density)'",,b'microSDXC',,,b'8GB 1GB RAM',b'5 MP',b'720p@30fps',,b'Yes',,b'Yes',"b'Wi-Fi 802.11 b/g/n, hotspot'","b'4.0, A2DP'","b'Yes, with A-GPS'",b'FM radio',b'microUSB 2.0',b'Accelerometer',,,,,,"b'Li-Ion 2000 mAh, removable'",,,b'',,b'HSDPA 900 / 2100',b'HSPA 21.1/5.76 Mbps',b'2 MP',b'',,"b'LED flash, panorama, HDR'",,,b'Android 7.0 (Nougat)',,b'Quad-core 1.3 GHz Cortex-A7',b'Mali-400',,b'No',b'Sunny2 Plus',,,,,,,"b'Black, Gold, Bleen, Lime, Silver'",,
b'wiko',b'Wiko Sunny2',b'https://fdn2.gsmarena.com/vv/bigpic/wiko-s2.jpg',b'GSM / HSPA',b'GSM 850 / 900 / 1800 / 1900 - SIM 1 & SIM 2',,,b'2017',b'Available. Released 2017',b'126.6 x 66.3 x 11.4 mm (4.98 x 2.61 x 0.45 in)',b'125 g (4.41 oz)',"b'Dual SIM (Micro-SIM, dual stand-by)'",b'TFT',"b'4.0 inches, 45.5 cm2 (~54.3% screen-to-body ratio)'","b'480 x 800 pixels, 5:3 ratio (~233 ppi density)'",,b'microSDHC',,,b'8GB 512MB RAM',b'5 MP',b'720p@30fps',,b'Yes',,b'Yes',"b'Wi-Fi 802.11 b/g/n, hotspot'","b'2.1, A2DP, EDR'","b'Yes, with A-GPS'",b'FM radio',b'microUSB 2.0',"b'Accelerometer, proximity, compass'",,,,,,"b'Li-Ion 1300 mAh, removable'",,,b'',,b'HSDPA 900 / 2100',b'HSPA 21.1/5.76 Mbps',b'2 MP',b'',,"b'LED flash, panorama'",,,b'Android 6.0 (Marshmallow)',,b'Quad-core 1.2 GHz Cortex-A7',b'Mali-400',,b'No',,,,,,,,"b'Space Grey, Gold, Lime, Silver, Bleen'",,
b'wiko',b'Wiko Sunny',b'https://fdn2.gsmarena.com/vv/bigpic/wiko-sunny.jpg',b'GSM / HSPA',b'GSM 850 / 900 / 1800 / 1900 - SIM 1 & SIM 2',,,"b'2016, February'","b'Available. Released 2016, May'",b'128.4 x 66.2 x 11.3 mm (5.06 x 2.61 x 0.44 in)',b'123 g (4.34 oz)',b'Mini-SIM',b'TFT',"b'4.0 inches, 45.5 cm2 (~53.6% screen-to-body ratio)'","b'480 x 800 pixels, 5:3 ratio (~233 ppi density)'",,b'microSDXC (dedicated slot)',,,b'8GB 512MB RAM',"b'5 MP, f/2.2, 1/5.0"", 1.12\xc2\xb5m'",b'1080p@30fps',,b'Yes',,b'Yes',"b'Wi-Fi 802.11 b/g/n, Wi-Fi Direct, hotspot'","b'4.0, A2DP'","b'Yes, with A-GPS'",b'FM radio',"b'microUSB 2.0, USB On-The-Go'","b'Accelerometer, proximity'",,,,,,"b'Li-Ion 1200 mAh, removable'",b'Up to 270 h (2G) / Up to 270 h (3G)',b'Up to 10 h (2G) / Up to 5 h (3G)',"b'True Black, Pure White, Flashy Red, Bleen, Hot Pink'",,b'HSDPA 900 / 2100',b'HSPA 21.1/5.76 Mbps',"b'VGA, f/2.8, 1/10"", 2.2\xc2\xb5m'",b'',,"b'LED flash, panorama, HDR'",,,b'Android 6.0 (Marshmallow)',b'Mediatek MT6580M (28 nm)',b'Quad-core 1.3 GHz Cortex-A7',b'Mali-400MP2',,b'No',,b'0.62 W/kg (head) \xc2\xa0 \xc2\xa0 0.64 W/kg (body)',,,,,,,,
b'wiko',b'Wiko Sunny Max',b'https://fdn2.gsmarena.com/vv/bigpic/wiko-sm.jpg',b'GSM / HSPA',b'GSM 850 / 900 / 1800 / 1900 - SIM 1 & SIM 2',,,b'2016',b'Available. Released 2016',b'128.3 x 66.3 x 13.2 mm (5.05 x 2.61 x 0.52 in)',b'149 g (5.26 oz)',"b'Dual SIM (Mini-SIM, dual stand-by)'",b'TFT',"b'4.0 inches, 45.5 cm2 (~53.5% screen-to-body ratio)'","b'480 x 800 pixels, 5:3 ratio (~233 ppi density)'",,b'microSDHC',,,b'8GB 512MB RAM',b'5 MP',b'720p@30fps',,b'Yes',,b'Yes',"b'Wi-Fi 802.11 b/g/n, hotspot'","b'2.1, A2DP, EDR'","b'Yes, with A-GPS'",b'FM radio',b'microUSB 2.0',"b'Accelerometer, proximity, compass'",,,,,,b'Li-Ion 2500 mAh battery',,,b'',,b'HSDPA 900 / 2100',b'HSPA 21.1/5.76 Mbps',b'2 MP',b'',,"b'LED flash, panorama'",,,b'Android 6.0 (Marshmallow)',,b'Quad-core 1.2 GHz Cortex-A7',b'Mali-400',,b'No',,,,,,,,"b'Space Grey, Silver, Gold, Navy Blue'",,
b'wiko',b'Wiko Robby2',b'https://fdn2.gsmarena.com/vv/bigpic/wiko-r2.jpg',b'GSM / HSPA / LTE',b'GSM 850 / 900 / 1800 / 1900 - SIM 1 & SIM 2',,,b'2017',b'Available. Released 2017',b'154.6 x 78.8 x 9.4 mm (6.09 x 3.10 x 0.37 in)',b'200 g (7.05 oz)',"b'Dual SIM (Micro-SIM, dual stand-by)'",b'IPS LCD',"b'5.5 inches, 83.4 cm2 (~68.5% screen-to-body ratio)'","b'720 x 1280 pixels, 16:9 ratio (~267 ppi density)'",,b'microSDXC',,,b'16GB 2GB RAM',"b'8 MP, AF'",b'720p@30fps',,"b'Yes, with dual speakers'",,b'Yes',"b'Wi-Fi 802.11 b/g/n, hotspot'","b'4.0, A2DP'","b'Yes, with A-GPS'",b'FM radio',"b'microUSB 2.0, USB On-The-Go'","b'Accelerometer, proximity'",,,,,,b'Li-Ion 2800 mAh battery',,,"b'Black, Gold, Rose Gold'",,b'HSDPA 900 / 2100',"b'HSPA 21.1/5.76 Mbps, LTE Cat4 150/50 Mbps'",b'5 MP',b'',,"b'LED flash, HDR'","b'1, 3, 7, 20'",,b'Android 7.1 (Nougat)',,b'Quad-core 1.1 GHz Cortex-A7',b'Adreno 304',,b'No',,,,,,,,,,
b'wiko',b'Wiko Robby',b'https://fdn2.gsmarena.com/vv/bigpic/wiko-robby.jpg',b'GSM / HSPA',b'GSM 850 / 900 / 1800 / 1900 - SIM 1 & SIM 2',,,"b'2016, February'","b'Available. Released 2016, May'",b'155 x 79.1 x 10 mm (6.10 x 3.11 x 0.39 in)',b'185 g (6.53 oz)',"b'Dual SIM (Micro-SIM, dual stand-by)'",b'IPS LCD',"b'5.5 inches, 83.4 cm2 (~68.0% screen-to-body ratio)'","b'720 x 1280 pixels, 16:9 ratio (~267 ppi density)'",,b'microSDXC',,,b'16GB 1GB RAM',"b'8 MP, f/2.0, 1/4.0"", 1.12\xc2\xb5m'",b'1080p@30fps',,"b'Yes, with stereo speakers'",,b'Yes',"b'Wi-Fi 802.11 b/g/n, Wi-Fi Direct, hotspot'","b'4.0, A2DP'","b'Yes, with A-GPS'",b'FM radio',"b'microUSB 2.0, USB On-The-Go'","b'Accelerometer, proximity'",,,,,,"b'Li-Po 2500 mAh, removable'",b'Up to 270 h (2G) / Up to 270 h (3G)',b'Up to 17 h (2G) / Up to 15 h (3G)',"b'Space Grey, Gold, Bleen, Rose Gold, Lime'",,b'HSDPA 900 / 1900 / 2100',b'HSPA 21.1/5.76 Mbps',"b'5 MP, f/2.4, 1/5"", 1.1\xc2\xb5m'",b'',,"b'LED flash, panorama, HDR'",,,b'Android 6.0.1 (Marshmallow)',b'Mediatek MT6580M (28 nm)',b'Quad-core 1.3 GHz Cortex-A7',b'Mali-400MP2',,b'No',b'ROBBY',b'0.30 W/kg (head) \xc2\xa0 \xc2\xa0 0.46 W/kg (body)',b'LED flash',,,,,,,
b'wiko',b'Wiko Lenny3',b'https://fdn2.gsmarena.com/vv/bigpic/wiko-lenny3.jpg',b'GSM / HSPA',b'GSM 850 / 900 / 1800 / 1900 - SIM 1 & SIM 2',,,"b'2016, February'","b'Available. Released 2016, May'",b'145 x 73.1 x 9.9 mm (5.71 x 2.88 x 0.39 in)',b'177 g (6.24 oz)',"b'Dual SIM (Mini-SIM/ Micro-SIM, dual stand-by)'",b'IPS LCD',"b'5.0 inches, 68.9 cm2 (~65.0% screen-to-body ratio)'","b'720 x 1280 pixels, 16:9 ratio (~294 ppi density)'",,b'microSDXC',,,b'16GB 1GB RAM',"b'8 MP, f/2.0, 1/4.0"", 1.12\xc2\xb5m'",b'1080p@25fps',,b'Yes',,b'Yes',"b'Wi-Fi 802.11 b/g/n, Wi-Fi Direct, hotspot'","b'4.0, A2DP'","b'Yes, with A-GPS'",b'FM radio',"b'microUSB 2.0, USB On-The-Go'","b'Accelerometer, proximity'",,,,,,b'Li-Ion 2000 mAh battery',b'Up to 450 h (2G) / Up to 450 h (3G)',b'Up to 17 h (2G) / Up to 13 h (3G)',"b'Space Grey, Bleen, Lime, Cinnabar, Gold, Rose Gold'",,b'HSDPA 900 / 1900 / 2100',b'HSPA 21.1/5.76 Mbps',"b'5 MP, f/2.4, 1/5"", 1.1\xc2\xb5m'",b'',,"b'LED flash, panorama, HDR'",,,b'Android 6.0.1 (Marshmallow)',b'Mediatek MT6580M (28 nm)',b'Quad-core 1.3 GHz Cortex-A7',b'Mali-400MP2',,b'No',b'LENNY3',b'0.36 W/kg (head) \xc2\xa0 \xc2\xa0 0.29 W/kg (body)',,,,,,,,
b'wiko',b'Wiko Fever SE',b'https://fdn2.gsmarena.com/vv/bigpic/wiko-fever-se.jpg',b'GSM / HSPA / LTE',b'GSM 850 / 900 / 1800 / 1900 - SIM 1 & SIM 2',,,"b'2016, February'","b'Available. Released 2016, May'",b'149.5 x 73.9 x 9.1 mm (5.89 x 2.91 x 0.36 in)',b'150 g (5.29 oz)',"b'Dual SIM (Micro-SIM, dual stand-by)'",b'IPS LCD',"b'5.2 inches, 74.5 cm2 (~67.5% screen-to-body ratio)'","b'1080 x 1920 pixels, 16:9 ratio (~424 ppi density)'",,b'microSDXC',,,b'32GB 3GB RAM',"b'13 MP, f/2.2, 1/3.1"", 1.12\xc2\xb5m, AF'",b'1080p@30fps',,b'Yes',,b'Yes',"b'Wi-Fi 802.11 b/g/n, Wi-Fi Direct, DLNA, hotspot'","b'4.0, A2DP'","b'Yes, with A-GPS'",b'FM radio',"b'microUSB 2.0, USB On-The-Go'","b'Accelerometer, gyro, proximity, compass'",,,,,,"b'Li-Po 2900 mAh, non-removable'",,b'Up to 22 h (2G) / Up to 16 h (3G)',"b'Silver, Anthracite, Lime, Cinnabar, Ash Wood, Oak Wood'",,b'HSDPA 900 / 1900 / 2100',"b'HSPA 21.1/11.5 Mbps, LTE Cat4 150/50 Mbps'","b'5 MP, f/2.2, 1/4"", 1.4\xc2\xb5m'",b'1080p@30fps',,"b'LED flash, panorama, HDR'",b'LTE 800 / 1800 / 2100 / 2600',b'Corning Gorilla Glass 3',b'Android 6.0 (Marshmallow)',b'Mediatek MT6753 (28 nm)',b'Octa-core 1.3 GHz Cortex-A53',b'Mali-T720MP3',,b'No',,b'0.24 W/kg (head) \xc2\xa0 \xc2\xa0 0.57 W/kg (body)',b'LED flash',,,,,,,
b'wiko',b'Wiko Pulp Fab 4G',b'https://fdn2.gsmarena.com/vv/bigpic/wiko-pulp-fab-4g.jpg',b'GSM / HSPA / LTE',b'GSM 850 / 900 / 1800 / 1900 - SIM 1 & SIM 2',,,"b'2015, November. Released 2015, November'",b'Discontinued',b'155.4 x 79.3 x 8.5 mm (6.12 x 3.12 x 0.33 in)',b'168 g (5.93 oz)',"b'Dual SIM (Micro-SIM, dual stand-by)'",b'IPS LCD',"b'5.5 inches, 83.4 cm2 (~67.7% screen-to-body ratio)'","b'720 x 1280 pixels, 16:9 ratio (~267 ppi density)'",b'eMMC 4.5',b'microSDXC',,,b'16GB 2GB RAM',"b'13 MP, AF'",b'1080p@30fps',,"b'Yes, with stereo speakers'",,b'Yes',"b'Wi-Fi 802.11 b/g/n, Wi-Fi Direct, hotspot'","b'4.0, A2DP'","b'Yes, with A-GPS'",b'FM radio',"b'microUSB 2.0, USB On-The-Go'","b'Accelerometer, proximity, compass'",,,,,,"b'Li-Po 2820 mAh, removable'",b'Up to 259 h (2G) / Up to 259 h (3G)',b'Up to 27 h 30 min (2G) / Up to 20 h 40 min (3G)',"b'Black, White, Chocolate, Electric Blue, Flashy Red'",,b'HSDPA 900 / 1900 / 2100',"b'HSPA 42.2/11.5 Mbps, LTE Cat4 150/50 Mbps'",b'5 MP',b'',,"b'LED flash, panorama, HDR'","b'1, 3, 7, 20'",,b'Android 5.1 (Lollipop)',b'Qualcomm MSM8916 Snapdragon 410 (28 nm)',b'Quad-core 1.2 GHz Cortex-A53',b'Adreno 306',,b'No',,b'0.38 W/kg (head) \xc2\xa0 \xc2\xa0 0.97 W/kg (body)',b'LED flash',,,,,,,
b'wiko',b'Wiko Pulp Fab',b'https://fdn2.gsmarena.com/vv/bigpic/wiko-pulp-fab.jpg',b'GSM / HSPA',b'GSM 850 / 900 / 1800 / 1900 - SIM 1 & SIM 2',,,"b'2015, October. Released 2015, October'",b'Discontinued',b'154.7 x 79.3 x 8.5 mm (6.09 x 3.12 x 0.33 in)',b'170 g (6.00 oz)',"b'Dual SIM (Micro-SIM, dual stand-by)'",b'IPS LCD',"b'5.5 inches, 83.4 cm2 (~68.0% screen-to-body ratio)'","b'720 x 1280 pixels, 16:9 ratio (~267 ppi density)'",,b'microSDXC',,,b'16GB 2GB RAM',"b'13 MP, AF'",b'1080p@30fps',,"b'Yes, with stereo speakers'",,b'Yes',"b'Wi-Fi 802.11 b/g/n, Wi-Fi Direct, hotspot'","b'4.0, A2DP'","b'Yes, with A-GPS'",b'FM radio',"b'microUSB 2.0, USB On-The-Go'","b'Accelerometer, proximity, compass'",,,,,,b'Li-Po 2820 mAh battery',b'Up to 408 h (2G) / Up to 408 h (3G)',b'Up to 29 h 40 min (2G) / Up to 18 h 50 min (3G)',"b'Black, White, Chocolate, Electric Blue, Flashy Red'",,b'HSDPA 900 / 1900 / 2100',b'HSPA 21.1/5.76 Mbps',b'5 MP',b'',,"b'LED flash, panorama, HDR'",,,b'Android 5.1 (Lollipop)',b'Mediatek MT6592M (28 nm)',b'Octa-core 1.4 GHz Cortex-A7',b'Mali-450MP4',,b'No',,b'0.25 W/kg (head) \xc2\xa0 \xc2\xa0 0.27 W/kg (body)',b'LED flash',,,,,,,
b'wiko',b'Wiko Pulp',b'https://fdn2.gsmarena.com/vv/bigpic/wiko-pulp.jpg',b'GSM / HSPA',b'GSM 850 / 900 / 1800 / 1900 - SIM 1 & SIM 2',,,"b'2015, November. Released 2015, November'",b'Discontinued',b'143.9 x 72 x 8.5 mm (5.67 x 2.83 x 0.33 in)',b'149 g (5.26 oz)',"b'Dual SIM (Micro-SIM, dual stand-by)'",b'IPS LCD',"b'5.0 inches, 68.9 cm2 (~66.5% screen-to-body ratio)'","b'720 x 1280 pixels, 16:9 ratio (~294 ppi density)'",,b'microSDXC',,,"b'16GB 2GB RAM, 32GB 2GB RAM'","b'13 MP, AF'",b'1080p@30fps',,"b'Yes, with stereo speakers'",,b'Yes',"b'Wi-Fi 802.11 b/g/n, Wi-Fi Direct, hotspot'","b'4.0, A2DP'","b'Yes, with A-GPS'",b'FM radio',"b'microUSB 2.0, USB On-The-Go'","b'Accelerometer, gyro, proximity, compass'",,,,,,b'Li-Po 2500 mAh battery',b'Up to 240 h (2G) / Up to 240 h (3G)',b'Up to 26 h (2G) / Up to 17 h (3G)',"b'Black, White, Chocolate, Electric Blue, Flashy Red'",,b'HSDPA 900 / 1900 / 2100',b'HSPA 21.1/11.5 Mbps',b'5 MP',b'',,"b'LED flash, panorama, HDR'",,,b'Android 5.1 (Lollipop)',b'Mediatek MT6592M (28 nm)',b'Octa-core 1.4 GHz Cortex-A7',b'Mali-450MP4',,b'No',,b'0.33 W/kg (head) \xc2\xa0 \xc2\xa0 0.46 W/kg (body)',b'LED flash',,,,,,,
b'wiko',b'Wiko Pulp 4G',b'https://fdn2.gsmarena.com/vv/bigpic/wiko-pulp-4g.jpg',b'GSM / HSPA / LTE',b'GSM 850 / 900 / 1800 / 1900 - SIM 1 & SIM 2',,,"b'2015, November. Released 2015, November'",b'Discontinued',b'143.9 x 72 x 8.8 mm (5.67 x 2.83 x 0.35 in)',b'151 g (5.33 oz)',"b'Hybrid Dual SIM (Micro-SIM/Nano-SIM, dual stand-by)'",b'IPS LCD',"b'5.0 inches, 68.9 cm2 (~66.5% screen-to-body ratio)'","b'720 x 1280 pixels, 16:9 ratio (~294 ppi density)'",b'eMMC 4.5',b'microSDXC (uses shared SIM slot)',,,b'16GB 2GB RAM',"b'13 MP, AF'",b'1080p@30fps',,"b'Yes, with stereo speakers'",,b'Yes',"b'Wi-Fi 802.11 b/g/n, Wi-Fi Direct, hotspot'","b'4.0, A2DP'","b'Yes, with A-GPS'",b'FM radio',"b'microUSB 2.0, USB On-The-Go'","b'Accelerometer, gyro, proximity, compass'",,,,,,"b'Li-Po 2500 mAh, removable'",b'Up to 280 h (2G) / Up to 280 h (3G)',b'Up to 22 h (2G) / Up to 19 h (3G)',"b'Black, White, Chocolate, Electric Blue, Flashy Red'",,b'HSDPA 900 / 1900 / 2100',"b'HSPA 21.1/5.76 Mbps, LTE Cat4 150/50 Mbps'",b'5 MP',b'',,"b'LED flash, panorama, HDR'","b'1, 3, 7, 20'",,b'Android 5.1 (Lollipop)',b'Qualcomm MSM8916 Snapdragon 410 (28 nm)',b'Quad-core 1.2 GHz Cortex-A53',b'Adreno 306',,b'No',,b'0.11 W/kg (head) \xc2\xa0 \xc2\xa0 0.39 W/kg (body)',b'LED flash',,,,,,,
b'wiko',b'Wiko Fever 4G',b'https://fdn2.gsmarena.com/vv/bigpic/wiko-fever.jpg',b'GSM / HSPA / LTE',b'GSM 850 / 900 / 1800 / 1900 - SIM 1 & SIM 2',,,"b'2015, September. Released 2015, November'",b'Discontinued',b'148 x 73.8 x 8.3 mm (5.83 x 2.91 x 0.33 in)',b'143 g (5.04 oz)',"b'Dual SIM (Micro-SIM, dual stand-by)'",b'IPS LCD',"b'5.2 inches, 74.5 cm2 (~68.2% screen-to-body ratio)'","b'1080 x 1920 pixels, 16:9 ratio (~424 ppi density)'",,b'microSDXC',,,"b'16GB 2GB RAM, 16GB 3GB RAM'","b'13 MP, AF'",b'1080p@30fps',,"b'Yes, with stereo speakers'",,b'Yes',"b'Wi-Fi 802.11 b/g/n, Wi-Fi Direct, hotspot'","b'4.0, A2DP'","b'Yes, with A-GPS'",b'FM radio',"b'microUSB 2.0, USB On-The-Go'","b'Accelerometer, gyro, proximity'",,,,,,"b'Li-Po 2900 mAh, non-removable'",b'Up to 216 h (2G) / Up to 216 h (3G)',b'Up to 21 h 40 min (2G) / Up to 16 h 10 min (3G)',"b'White/Gold, Black/Gold, Black/Grey'",,b'HSDPA 900 / 1900 / 2100',"b'HSPA 21.1/11.5 Mbps, LTE Cat4 150/50 Mbps'",b'5 MP',b'',,"b'LED flash, panorama, HDR'","b'1, 3, 7, 20'",b'Corning Gorilla Glass 3',b'Android 5.1 (Lollipop)',b'Mediatek MT6753 (28 nm)',b'Octa-core 1.3 GHz Cortex-A53',b'Mali-T720MP3',,b'No',,b'0.24 W/kg (head) \xc2\xa0 \xc2\xa0 0.57 W/kg (body)',b'LED flash',,,,,,,
b'wiko',b'Wiko Lenny2',b'https://fdn2.gsmarena.com/vv/bigpic/wiko-lenny2.jpg',b'GSM / HSPA',b'GSM 850 / 900 / 1800 / 1900 - SIM 1 & SIM 2',,,"b'2015, September. Released 2015, September'",b'Discontinued',b'145.4 x 73.2 x 9 mm (5.72 x 2.88 x 0.35 in)',b'156 g (5.50 oz)',b'Dual SIM (Micro-SIM)',b'IPS LCD',"b'5.0 inches, 68.9 cm2 (~64.7% screen-to-body ratio)'","b'480 x 854 pixels, 16:9 ratio (~196 ppi density)'",,b'microSDXC',,,b'4GB 768MB RAM',b'5 MP',b'1080p@30fps',,"b'Yes, with stereo speakers'",,b'Yes',"b'Wi-Fi 802.11 b/g/n, Wi-Fi Direct, hotspot'","b'4.0, A2DP'","b'Yes, with A-GPS'",b'FM radio',"b'microUSB 2.0, USB On-The-Go'","b'Accelerometer, proximity'",,,,,,"b'Li-Po 1800 mAh, removable'",b'Up to 240 h (2G) / Up to 240 h (3G)',b'Up to 11 h 40 min (2G) / Up to 12 h 10 min (3G)',"b'Black, White, Coral, Bleen, Blue'",b'About 120 EUR',b'HSDPA 900 / 2100',b'HSPA 21.1/5.76 Mbps',b'2 MP',b'',,"b'LED flash, panorama, HDR'",,,b'Android 5.1 (Lollipop)',b'Mediatek MT6580M (28 nm)',b'Quad-core 1.3 GHz Cortex-A7',b'Mali-400MP2',,b'No',b'LENNY2',b'0.33 W/kg (head) \xc2\xa0 \xc2\xa0 0.41 W/kg (body)',,,,,,,,
b'wiko',b'Wiko Rainbow Jam',b'https://fdn2.gsmarena.com/vv/bigpic/wiko-rainbow-jam.jpg',b'GSM / HSPA',b'GSM 850 / 900 / 1800 / 1900 - SIM 1 & SIM 2',,,"b'2015, September. Released 2015, September'",b'Discontinued',b'142.5 x 71.6 x 9.3 mm (5.61 x 2.82 x 0.37 in)',b'159 g (5.61 oz)',"b'Dual SIM (Micro-SIM, dual stand-by)'",b'IPS LCD',"b'5.0 inches, 68.9 cm2 (~67.5% screen-to-body ratio)'","b'720 x 1280 pixels, 16:9 ratio (~294 ppi density)'",,b'microSDXC',,,b'8GB 1GB RAM',"b'8 MP, AF'",b'1080p@24fps',,"b'Yes, with stereo speakers'",,b'Yes',"b'Wi-Fi 802.11 b/g/n, Wi-Fi Direct, hotspot'","b'4.0, A2DP'","b'Yes, with A-GPS'",b'FM radio',"b'microUSB 2.0, USB On-The-Go'","b'Accelerometer, proximity'",,,,,,"b'Li-Ion 2500 mAh, removable'",b'Up to 336 h (2G) / Up to 336 h (3G)',b'Up to 23 h (2G) / Up to 20 h (3G)',"b'Black, White, Bleen, Coral, Blue'",,b'HSDPA 900 / 1900 / 2100',b'HSPA 21.1/5.76 Mbps',b'5 MP',b'',,"b'LED flash, panorama, HDR'",,,b'Android 5.1 (Lollipop)',b'Mediatek MT6580 (28 nm)',b'Quad-core 1.3 GHz Cortex-A7',b'Mali-400MP2',,b'No',,b'0.33 W/kg (head) \xc2\xa0 \xc2\xa0 0.48 W/kg (body)',,,,,,,,
b'wiko',b'Wiko Rainbow Jam 4G',b'https://fdn2.gsmarena.com/vv/bigpic/wiko-rainbow-jam-4g.jpg',b'GSM / HSPA / LTE',b'GSM 850 / 900 / 1800 / 1900 - SIM 1 & SIM 2',,,"b'2015, September. Released 2015, September'",b'Discontinued',b'143.1 x 71.4 x 8.7 mm (5.63 x 2.81 x 0.34 in)',b'153 g (5.40 oz)',"b'Dual SIM (Micro-SIM, dual stand-by)'",b'IPS LCD',"b'5.0 inches, 68.9 cm2 (~67.5% screen-to-body ratio)'","b'720 x 1280 pixels, 16:9 ratio (~294 ppi density)'",b'eMMC 4.5',b'microSDXC',,,b'8GB 1GB RAM',"b'8 MP, AF'",b'720p@30fps',,"b'Yes, with stereo speakers'",,b'Yes',"b'Wi-Fi 802.11 b/g/n, Wi-Fi Direct, hotspot'","b'4.0, A2DP'","b'Yes, with A-GPS'",b'FM radio',"b'microUSB 2.0, USB On-The-Go'","b'Accelerometer, proximity'",,,,,,b'Li-Po 2500 mAh battery',b'Up to 238 h (2G) / Up to 238 h (3G)',b'Up to 24 h 30 min (2G) / Up to 21 h 30 min (3G)',"b'Black, White, Bleen, Coral, Blue'",,b'HSDPA 900 / 1900 / 2100',"b'HSPA 21.1/5.76 Mbps, LTE Cat4 150/50 Mbps'",b'5 MP',b'',,"b'LED flash, HDR'","b'1, 3, 7, 20'",,b'Android 5.1 (Lollipop)',b'Qualcomm MSM8909 Snapdragon 210 (28 nm)',b'Quad-core 1.1 GHz Cortex-A7',b'Adreno 304',,b'No',,b'0.25 W/kg (head) \xc2\xa0 \xc2\xa0 0.39 W/kg (body)',,,,,,,,
b'wiko',b'Wiko Rainbow Lite 4G',b'https://fdn2.gsmarena.com/vv/bigpic/wiko-rainbow-lite-4g.jpg',b'GSM / HSPA / LTE',b'GSM 850 / 900 / 1800 / 1900 - SIM 1 & SIM 2',,,"b'2015, August. Released 2015, August'",b'Discontinued',b'143 x 71.2 x 9 mm (5.63 x 2.80 x 0.35 in)',b'158 g (5.57 oz)',"b'Dual SIM (Micro-SIM, dual stand-by)'",b'IPS LCD',"b'5.0 inches, 68.9 cm2 (~67.7% screen-to-body ratio)'","b'480 x 854 pixels, 16:9 ratio (~196 ppi density)'",b'eMMC 4.5',b'microSDXC',,,b'4GB 1GB RAM',"b'5 MP, AF'",b'720p@30fps',,"b'Yes, with stereo speakers'",,b'Yes',"b'Wi-Fi 802.11 b/g/n, Wi-Fi Direct, hotspot'","b'4.0, A2DP'","b'Yes, with A-GPS'",b'FM radio',b'microUSB 2.0',"b'Accelerometer, proximity'",,,,,,"b'Li-Ion 2000 mAh, removable'",b'Up to 144 h (2G) / Up to 144 h (3G)',b'Up to 11 h 40 min (2G) / Up to 13 h 10 min (3G)',"b'Black, White, Coral, Bleen, Blue'",,b'HSDPA 900 / 1900 / 2100',"b'HSPA 21.1/5.76 Mbps, LTE Cat4 150/50 Mbps'",b'2 MP',b'',,"b'LED flash, HDR'","b'1, 3, 7, 20'",,b'Android 5.1 (Lollipop)',b'Qualcomm MSM8909 Snapdragon 210 (28 nm)',b'Quad-core 1.1 GHz Cortex-A7',b'Adreno 304',,b'No',b'RAINBOW LITE 4G',b'0.17 W/kg (head) \xc2\xa0 \xc2\xa0 0.47 W/kg (body)',,,,,,,,
b'wiko',b'Wiko Selfy 4G',b'https://fdn2.gsmarena.com/vv/bigpic/wiko-selfy.jpg',b'GSM / HSPA / LTE',b'GSM 850 / 900 / 1800 / 1900',,,"b'2015, August. Released 2015, August'",b'Discontinued',b'141 x 68.4 x 7.7 mm (5.55 x 2.69 x 0.30 in)',b'116 g (4.09 oz)',b'Micro-SIM',b'AMOLED',"b'4.8 inches, 63.5 cm2 (~65.9% screen-to-body ratio)'","b'720 x 1280 pixels, 16:9 ratio (~306 ppi density)'",,b'microSDXC (dedicated slot)',,,b'8GB 1GB RAM',"b'8 MP, AF'",b'720p@30fps',,"b'Yes, with stereo speakers'",,b'Yes',"b'Wi-Fi 802.11 b/g/n, Wi-Fi Direct, hotspot'","b'4.0, A2DP'","b'Yes, with A-GPS'",b'FM radio',"b'microUSB 2.0, USB On-The-Go'","b'Accelerometer, proximity'",,,,,,b'Li-Po 2300 mAh battery',b'Up to 336 h (2G) / Up to 336 h (3G)',b'Up to 18 h 30 min (2G) / Up to 11 h 30 min (3G)',"b'Black, White, Mint, Ruby'",,b'HSDPA 900 / 1900 / 2100',"b'HSPA 21.1/5.76 Mbps, LTE Cat4 150/50 Mbps'",b'8 MP',b'',,"b'LED flash, HDR, panorama'","b'1, 3, 7, 20'",,b'Android 5.1 (Lollipop)',b'Mediatek MT6735P (28 nm)',b'Quad-core 1.0 GHz Cortex-A53',b'Mali-T720MP2',,b'No',,b'0.40 W/kg (head) \xc2\xa0 \xc2\xa0 0.52 W/kg (body)',b'LED flash',,,,,,,
b'wiko',b'Wiko Rainbow UP 4G',b'https://fdn2.gsmarena.com/vv/bigpic/wiko-rainbow-up-4g.jpg',b'GSM / HSPA / LTE',b'GSM 850 / 900 / 1800 / 1900 - SIM 1 & SIM 2',,,"b'2015, May. Released 2015, August'",b'Discontinued',b'143 x 71.1 x 8.4 mm (5.63 x 2.80 x 0.33 in)',b'128 g (4.52 oz)',"b'Dual SIM (Micro-SIM, dual stand-by)'",b'IPS LCD',"b'5.0 inches, 68.9 cm2 (~67.8% screen-to-body ratio)'","b'720 x 1280 pixels, 16:9 ratio (~294 ppi density)'",,b'microSDXC',,,b'8GB 1GB RAM',"b'8 MP, AF'",b'720p@30fps',,"b'Yes, with stereo speakers'",,b'Yes',"b'Wi-Fi 802.11 b/g/n, Wi-Fi Direct, hotspot'","b'4.0, A2DP'","b'Yes, with A-GPS'",b'FM radio',"b'microUSB 2.0, USB On-The-Go'","b'Accelerometer, proximity'",,,,,,"b'Li-Po 2800 mAh, non-removable'",b'Up to 451 h (2G) / Up to 451 h (3G)',b'Up to 15 h (2G) / Up to 23 h 40 min (3G)',"b'Black, White, Bleen, Coral, Blue'",,b'HSDPA 900 / 1900 / 2100',"b'HSPA 21.1/5.76 Mbps, LTE Cat4 150/50 Mbps'",b'5 MP',b'',,"b'LED flash, HDR, panorama'","b'1, 3, 7, 20'",,b'Android 5.0 (Lollipop)',b'Mediatek MT6735P (28 nm)',b'Quad-core 1.0 GHz Cortex-A53',b'Mali-T720MP2',,b'No',,,,,,,,,,
b'wiko',b'Wiko Sunset2',b'https://fdn2.gsmarena.com/vv/bigpic/wiko-sunset2.jpg',b'GSM / HSPA',b'GSM 850 / 900 / 1800 / 1900 - SIM 1 & SIM 2',,,"b'2015, April. Released 2015, July'",b'Discontinued',b'128 x 65.6 x 10.9 mm (5.04 x 2.58 x 0.43 in)',b'121 g (4.27 oz)',"b'Dual SIM (Mini-SIM, dual stand-by)'",b'TFT',"b'4.0 inches, 45.5 cm2 (~54.2% screen-to-body ratio)'","b'480 x 800 pixels, 5:3 ratio (~233 ppi density)'",,b'microSDXC',,,b'4GB 512MB RAM',b'2 MP',b'720p@9fps',,"b'Yes, with stereo speakers'",,b'Yes',"b'Wi-Fi 802.11 b/g/n, hotspot'","b'4.0, A2DP'","b'Yes, with A-GPS'",b'FM radio',b'microUSB 2.0',b'Accelerometer',,,,,,"b'Li-Ion 1300 mAh, removable'",b'Up to 360 h (2G) / Up to 360 h (3G)',b'Up to 14 h 20 min (2G) / Up to 7 h 40 min (3G)',"b'Black, White, Bleen, Coral, Blue'",,b'HSDPA 900 / 1900 / 2100',b'HSPA 21.1/5.76 Mbps',b'1.3 MP',b'',,"b'LED flash, panorama, HDR'",,,b'Android 4.4 (KitKat)',b'Mediatek MT6572W',b'Dual-core 1.3 GHz Cortex-A7',b'Mali-400',,b'No',,b'0.90 W/kg (head) \xc2\xa0 \xc2\xa0 1.41 W/kg (body)',,,,,,,,
b'wiko',b'Wiko Bloom2',b'https://fdn2.gsmarena.com/vv/bigpic/wiko-bloom2.jpg',b'GSM / HSPA',b'GSM 850 / 900 / 1800 / 1900',,,"b'2015, June. Released 2015, June'",b'Discontinued',b'139 x 71.6 x 8.8 mm (5.47 x 2.82 x 0.35 in)',b'151 g (5.33 oz)',"b'Dual SIM (Mini-SIM/ Micro-SIM, dual stand-by)'",b'IPS LCD',"b'4.7 inches, 62.9 cm2 (~63.2% screen-to-body ratio)'","b'480 x 800 pixels, 5:3 ratio (~199 ppi density)'",,b'microSDHC',,,b'8GB 1GB RAM',"b'8 MP, AF'",b'Yes',,"b'Yes, with stereo speakers'",,b'Yes',"b'Wi-Fi 802.11 b/g/n, Wi-Fi Direct, hotspot'","b'4.0, A2DP'","b'Yes, with A-GPS'",b'FM radio',"b'microUSB 2.0, USB On-The-Go'","b'Accelerometer, proximity'",,,,,,"b'Li-Ion 2120 mAh, removable'",b'Up to 360 h (2G) / Up to 360 h (3G)',b'Up to 16 h 30 min (2G) / Up to 15 h 30 min (3G)',b'Black',,b'HSDPA 900 / 2100',b'HSPA 21.1/5.76 Mbps',b'2 MP',b'',,"b'LED flash, panorama, HDR'",,,b'Android 5.0 (Lollipop)',b'Mediatek MT6582M (28 nm)',b'Quad-core 1.3 GHz Cortex-A7',b'Mali-400MP2',,b'No',,,,,,,,,,
b'wiko',b'Wiko Ridge 4G',b'https://fdn2.gsmarena.com/vv/bigpic/wiko-ridge-4g.jpg',b'GSM / HSPA / LTE',b'GSM 850 / 900 / 1800 / 1900 - SIM 1 & SIM 2',,,"b'2015, February. Released 2015, March'",b'Discontinued',b'143 x 72 x 7.5 mm (5.63 x 2.83 x 0.30 in)',b'125 g (4.41 oz)',"b'Hybrid Dual SIM (Nano-SIM/ Micro-SIM, dual stand-by)'",b'IPS LCD',"b'5.0 inches, 68.9 cm2 (~66.9% screen-to-body ratio)'","b'720 x 1280 pixels, 16:9 ratio (~294 ppi density)'",b'eMMC 4.5',b'microSDXC (uses shared SIM slot)',,,b'16GB 2GB RAM',"b'13 MP, AF'",b'1080p@30fps',,b'Yes',,b'Yes',"b'Wi-Fi 802.11 b/g/n, hotspot'","b'4.0, A2DP'","b'Yes, with A-GPS'",b'FM radio',b'microUSB 2.0',"b'Accelerometer, proximity, compass'",,,,,,"b'Li-Po 2400 mAh, non-removable'",b'Up to 247 h (2G) / Up to 247 h (3G)',b'Up to 17 h (2G) / Up to 14 h 40 min (3G)',"b'Black Grey, Black Bleen, Black Clementine, Arctic Gold'",,b'HSDPA 900 / 1900 / 2100',"b'HSPA 42.2/11.5 Mbps, LTE Cat4 150/50 Mbps'",b'5 MP',b'720p@30fps',,"b'LED flash, HDR'","b'1, 3, 7, 20'",b'Corning Gorilla Glass 3',b'Android 4.4.4 (KitKat)',b'Qualcomm MSM8916 Snapdragon 410 (28 nm)',b'Quad-core 1.2 GHz Cortex-A53',b'Adreno 306',,b'No',,b'0.29 W/kg (head) \xc2\xa0 \xc2\xa0 0.57 W/kg (body)',,,,,,,,
b'wiko',b'Wiko Ridge Fab 4G',b'https://fdn2.gsmarena.com/vv/bigpic/wiko-ridge.jpg',b'GSM / HSPA / LTE',b'GSM 850 / 900 / 1800 / 1900 - SIM 1 & SIM 2',,,"b'2015, February. Released 2015, March'",b'Discontinued',b'156 x 78.2 x 8.6 mm (6.14 x 3.08 x 0.34 in)',b'154 g (5.43 oz)',"b'Hybrid Dual SIM (Micro-SIM, dual stand-by)'",b'IPS LCD',"b'5.5 inches, 83.4 cm2 (~68.4% screen-to-body ratio)'","b'720 x 1280 pixels, 16:9 ratio (~267 ppi density)'",b'eMMC 4.5',b'microSDXC (uses shared SIM slot)',,,b'16GB 2GB RAM',"b'13 MP, AF'",b'1080p@30fps',,b'Yes',,b'Yes',"b'Wi-Fi 802.11 b/g/n, hotspot'","b'4.0, A2DP'","b'Yes, with A-GPS'",b'FM radio',b'microUSB 2.0',"b'Accelerometer, proximity, compass'",,,,,,"b'Li-Po 2820 mAh, removable'",b'Up to 360 h (2G) / Up to 360 h (3G)',b'Up to 30 h (2G) / Up to 23 h (3G)',"b'Black Grey, Black Bleen, Black Clementine, Arctic Gold'",,b'HSDPA 900 / 1900 / 2100',"b'HSPA 42.2/11.5 Mbps, LTE Cat4 150/50 Mbps'",b'5 MP',b'720p@30fps',,"b'LED flash, HDR'","b'1, 3, 7, 20'",b'Corning Gorilla Glass 3',b'Android 4.4.4 (KitKat)',b'Qualcomm MSM8916 Snapdragon 410 (28 nm)',b'Quad-core 1.2 GHz Cortex-A53',b'Adreno 306',,b'No',,b'0.24 W/kg (head) \xc2\xa0 \xc2\xa0 0.71 W/kg (body)',,,,,,,,
b'wiko',b'Wiko Highway Star 4G',b'https://fdn2.gsmarena.com/vv/bigpic/wiko-highway-star-4g.jpg',b'GSM / HSPA / LTE',b'GSM 850 / 900 / 1800 / 1900 - SIM 1 & SIM 2',,,"b'2015, March. Released 2015, April'",b'Discontinued',b'141 x 71.4 x 6.6 mm (5.55 x 2.81 x 0.26 in)',b'123 g (4.34 oz)',"b'Hybrid Dual SIM (Nano-SIM/ Micro-SIM, dual stand-by)'",b'AMOLED',"b'5.0 inches, 68.9 cm2 (~68.5% screen-to-body ratio)'","b'720 x 1280 pixels, 16:9 ratio (~294 ppi density)'",,b'microSDXC (uses shared SIM slot)',,,b'16GB 2GB RAM',"b'13 MP, AF'",b'1080p@30fps',,b'Yes',,b'Yes',"b'Wi-Fi 802.11 b/g/n, hotspot'","b'4.0, A2DP'","b'Yes, with A-GPS'",b'FM radio',"b'microUSB 2.0, USB On-The-Go'","b'Accelerometer, proximity, compass'",,,,,,"b'Li-Po 2450 mAh, non-removable'",b'Up to 184 h (2G) / Up to 184 h (3G)',b'Up to 13 h 40 min (2G) / Up to 19 h 50 min (3G)',"b'Silver, Gold, Grey'",,b'HSDPA 900 / 1900 / 2100',"b'HSPA 21.1/5.76 Mbps, LTE Cat4 150/50 Mbps'",b'5 MP',b'',,"b'LED flash, HDR, panorama'","b'1, 3, 7, 20'",b'Corning Gorilla Glass 3',b'Android 4.4.4 (KitKat)',,b'Octa-core 1.5 GHz Cortex-A53',,,b'No',,b'0.35 W/kg (head) \xc2\xa0 \xc2\xa0 0.53 W/kg (body)',,,,,,,,
b'wiko',b'Wiko Highway Pure 4G',b'https://fdn2.gsmarena.com/vv/bigpic/wiko-highway-pure-4g.jpg',b'GSM / HSPA / LTE',b'GSM 850 / 900 / 1800 / 1900',,,"b'2015, March. Released 2015, April'",b'Discontinued',b'141.9 x 68.1 x 5.1 mm (5.59 x 2.68 x 0.20 in)',b'98 g (3.46 oz)',b'Nano-SIM',b'AMOLED',"b'4.8 inches, 63.5 cm2 (~65.7% screen-to-body ratio)'","b'720 x 1280 pixels, 16:9 ratio (~306 ppi density)'",b'eMMC 4.5',b'No',,,b'16GB 2GB RAM',"b'8 MP, AF'",b'1080p@30fps',,"b'Yes, with stereo speakers'",,b'Yes',"b'Wi-Fi 802.11 b/g/n, hotspot'","b'4.0, A2DP'","b'Yes, with A-GPS'",b'FM radio',"b'microUSB 2.0, USB On-The-Go'","b'Accelerometer, proximity, compass'",,,,,,"b'Li-Po 2000 mAh, non-removable'",b'Up to 160 h (2G) / Up to 160 h (3G)',b'Up to 20 h (2G) / Up to 13 h (3G)',"b'White/Silver, Black/Grey, Black/Gold, Black/Bleen'",,b'HSDPA 900 / 1900 / 2100',"b'HSPA 42.2/11.5 Mbps, LTE Cat4 150/50 Mbps'",b'5 MP',b'720p@30fps',,"b'LED flash, HDR'","b'1, 3, 7, 20'",b'Corning Gorilla Glass 3',b'Android 4.4.4 (KitKat)',b'Qualcomm MSM8916 Snapdragon 410 (28 nm)',b'Quad-core 1.2 GHz Cortex-A53',b'Adreno 306',,b'No',,b'0.35 W/kg (head) \xc2\xa0 \xc2\xa0 0.58 W/kg (body)',,,,,,,,
b'wiko',b'Wiko Lenny',b'https://fdn2.gsmarena.com/vv/bigpic/wiko-lenny.jpg',b'GSM / HSPA',b'GSM 850 / 900 / 1800 / 1900 - SIM 1 & SIM 2',,,"b'2014, August. Released 2014, August'",b'Discontinued',b'143 x 73 x 9.6 mm (5.63 x 2.87 x 0.38 in)',b'174 g (6.14 oz)',b'Dual SIM (Mini-SIM)',b'TFT',"b'5.0 inches, 68.9 cm2 (~66.0% screen-to-body ratio)'","b'480 x 854 pixels, 16:9 ratio (~196 ppi density)'",,b'microSDHC',,,b'4GB 512MB RAM',b'5 MP',b'720p@30fps',,"b'Yes, with stereo speakers'",,b'Yes',"b'Wi-Fi 802.11 b/g/n, hotspot'","b'4.0, A2DP'","b'Yes, with A-GPS'",b'FM radio',b'microUSB 2.0',"b'Accelerometer, proximity'",,,,,,"b'Li-Ion 1800 mAh, removable'",b'Up to 336 h (2G) / Up to 336 h (3G)',b'Up to 16 h (2G) / Up to 8 h 30 min (3G)',"b'Black/Bleen, White/Silver, Bleen/Black, Violet/Coral, Yellow/Bleen'",b'About 100 EUR',b'HSDPA 900 / 1900 / 2100',b'HSPA 21.1/5.76 Mbps',b'1.3 MP',b'',,"b'LED flash, panorama'",,,b'Android 4.4.2 (KitKat)',b'Mediatek MT6572 (28 nm)',b'Dual-core 1.3 GHz Cortex-A7',b'Mali-400',,b'No',,b'0.48 W/kg (head) \xc2\xa0 \xc2\xa0 0.80 W/kg (body)',,,,,,,,
b'wiko',b'Wiko Birdy',b'https://fdn2.gsmarena.com/vv/bigpic/wiko-birdy.jpg',b'GSM / HSPA / LTE',b'GSM 850 / 900 / 1800 / 1900',,,"b'2014, May. Released 2014, August'",b'Discontinued',b'132 x 67 x 9.6 mm (5.20 x 2.64 x 0.38 in)',b'141 g (4.97 oz)',b'Micro-SIM',b'IPS LCD',"b'4.5 inches, 55.8 cm2 (~63.1% screen-to-body ratio)'","b'480 x 854 pixels, 16:9 ratio (~218 ppi density)'",,b'microSDHC (dedicated slot)',,,b'4GB 1GB RAM',"b'5 MP, AF'",b'720p@30fps',,"b'Yes, with stereo speakers'",,b'Yes',"b'Wi-Fi 802.11 b/g/n, hotspot'","b'4.0, A2DP'","b'Yes, with A-GPS'",b'FM radio',"b'microUSB 2.0, USB On-The-Go'","b'Accelerometer, proximity, compass'",,,,,,b'Li-Ion 2000 mAh battery',b'Up to 186 h (2G) / Up to 186 h (3G)',b'Up to 18 h 30 min (2G) / Up to 11 h (3G)',"b'Black, White, Fuchsia, Yellow, Coral, Violet, Bleen'",b'About 130 EUR',b'HSDPA 900 / 1900 / 2100',"b'HSPA 21.1/5.76 Mbps, LTE Cat4 150/50 Mbps'",b'2 MP',b'',,"b'LED flash, panorama, HDR'","b'3, 7, 20'",,b'Android 4.4.2 (KitKat)',b'Mediatek MT6582 (28 nm)',b'Quad-core 1.3 GHz Cortex-A7',b'Mali-400MP2',,b'No',,b'0.51 W/kg (head) \xc2\xa0 \xc2\xa0 1.05 W/kg (body)',,,b'0.51 W/kg (head) \xc2\xa0 \xc2\xa0 1.05 W/kg (body)',,,,,
b'wiko',b'Wiko Goa',b'https://fdn2.gsmarena.com/vv/bigpic/wiko-goa.jpg',b'GSM / HSPA',b'GSM 850 / 900 / 1800 / 1900 - SIM 1 & SIM 2',,,"b'2014, May. Released 2014, August'",b'Discontinued',b'119 x 62.6 x 11.3 mm (4.69 x 2.46 x 0.44 in)',b'105 g (3.70 oz)',"b'Dual SIM (Mini-SIM, dual stand-by)'","b'TFT, 256K colors'","b'3.5 inches, 36.5 cm2 (~49.0% screen-to-body ratio)'","b'320 x 480 pixels, 3:2 ratio (~165 ppi density)'",,b'microSDHC',,,b'4GB 512MB RAM',b'2 MP',b'480p@30fps',,"b'Yes, with stereo speakers'",,b'Yes',"b'Wi-Fi 802.11 b/g/n, hotspot'","b'4.0, A2DP'","b'Yes, with A-GPS'",b'FM radio',b'microUSB 2.0',b'Accelerometer',,,,,,b'Li-Ion 1300 mAh battery',b'Up to 384 h (2G) / Up to 384 h (3G)',b'Up to 11 h 50 min (2G) / Up to 6 h 30 min (3G)',"b'Black, White, Bleen, Fuchsia, Coral, Violet, Yellow'",b'About 50 EUR',b'HSDPA 900 / 2100',b'HSPA 21.1/5.76 Mbps',b'1.3 MP',b'',,"b'LED flash, panorama, HDR'",,,b'Android 4.4.2 (KitKat)',b'Mediatek MT6572M (28 nm)',b'Dual-core 1.0 GHz Cortex-A7',b'Mali-400',,b'No',,b'0.47 W/kg (head)',,,b'0.47 W/kg (head) \xc2\xa0 \xc2\xa0 0.61 W/kg (body)',,,,,
b'wiko',b'Wiko Jimmy',b'https://fdn2.gsmarena.com/vv/bigpic/wiko-jimmy.jpg',b'GSM / HSPA',b'GSM 850 / 900 / 1800 / 1900 - SIM 1 & SIM 2',,,"b'2014, November. Released 2014, November'",b'Discontinued',b'133.5 x 66.5 x 9.8 mm (5.26 x 2.62 x 0.39 in)',b'145 g (5.11 oz)',"b'Dual SIM (Mini-SIM, dual stand-by)'",b'TFT',"b'4.5 inches, 55.8 cm2 (~62.9% screen-to-body ratio)'","b'480 x 854 pixels, 16:9 ratio (~218 ppi density)'",,b'microSDHC',,,b'4GB 512MB RAM',"b'5 MP, AF'",b'720p@30fps',,b'Yes',,b'Yes',"b'Wi-Fi 802.11 b/g/n, hotspot'","b'4.0, A2DP'","b'Yes, with A-GPS'",b'FM radio',b'microUSB 2.0',"b'Accelerometer, proximity, compass'",,,,,,b'Li-Po 1700 mAh battery',b'Up to 230 h (2G) / Up to 230 h (3G)',b'Up to 17 h (2G) / Up to 10 h (3G)',"b'Black/Blue, Blue/Orange, Pink/Violet, Violet/Blue, White/Orange'",,b'HSDPA 900 / 1900 / 2100',b'HSPA 21.1/5.76 Mbps',b'1.3 MP',b'',,"b'LED flash, panorama, HDR'",,,b'Android 4.4.2 (KitKat)',b'Mediatek MT6582M (28 nm)',b'Quad-core 1.3 GHz Cortex-A7',b'Mali-400MP2',,b'No',,b'0.54 W/kg (head) \xc2\xa0 \xc2\xa0 0.61 W/kg (body)',,,,,,,,
b'wiko',b'Wiko Getaway',b'https://fdn2.gsmarena.com/vv/bigpic/wiko-getaway.jpg',b'GSM / HSPA',b'GSM 850 / 900 / 1800 / 1900 - SIM 1 & SIM 2',,,b'2014. Released 2014',b'Discontinued',b'143 x 69.5 x 7.2 mm (5.63 x 2.74 x 0.28 in)',b'133 g (4.69 oz)',"b'Dual SIM (Micro-SIM/Nano-SIM, dual stand-by)'",b'IPS LCD',"b'5.0 inches, 68.9 cm2 (~69.3% screen-to-body ratio)'","b'720 x 1280 pixels, 16:9 ratio (~294 ppi density)'",,b'microSDHC',,,b'16GB 1GB RAM',"b'13 MP, AF'",b'1080p@30fps',,b'Yes',,b'Yes',"b'Wi-Fi 802.11 b/g/n, hotspot'","b'4.0, A2DP'","b'Yes, with A-GPS'",b'Stereo FM radio',"b'microUSB 2.0, USB On-The-Go'","b'Accelerometer, gyro, proximity, compass'",,,,,,"b'Li-Po 2000 mAh, non-removable'",b'Up to 216 h (2G) / Up to 260 h (3G)',b'Up to 21 h (2G) / Up to 14 h (3G)',"b'Noir & Or, Blanc & Argent, Navy, Corail'",,b'HSDPA 900 / 1900 / 2100',b'HSPA 21.1/5.76 Mbps',b'5 MP',b'',,"b'LED flash, panorama, HDR'",,b'Corning Gorilla Glass 2',b'Android 4.4.2 (KitKat)',,b'Quad-core 1.3 GHz Cortex-A7',,,b'No',,b'0.32 W/kg (head) \xc2\xa0 \xc2\xa0 0.52 W/kg (body)',,,,,,,,
b'wiko',b'Wiko Rainbow',b'https://fdn2.gsmarena.com/vv/bigpic/wiko-rainbow.jpg',b'GSM / HSPA',b'GSM 850 / 900 / 1800 / 1900 - SIM 1 & SIM 2',,,"b'2014, February. Released 2014, May'",b'Discontinued',b'146 x 74 x 9.3 mm (5.75 x 2.91 x 0.37 in)',b'167 g (5.89 oz)',"b'Dual SIM (Mini-SIM, dual stand-by)'",b'IPS LCD',"b'5.0 inches, 68.9 cm2 (~63.8% screen-to-body ratio)'","b'720 x 1280 pixels, 16:9 ratio (~294 ppi density)'",,b'microSDHC',,,b'4GB 1GB RAM',"b'8 MP, AF'",b'1080p@30fps',,"b'Yes, with stereo speakers'",,b'Yes',"b'Wi-Fi 802.11 b/g/n, hotspot'","b'4.0, A2DP'","b'Yes, with A-GPS'",b'FM radio',b'microUSB 2.0',"b'Accelerometer, proximity, compass'",,,,,,"b'Li-Po 2000 mAh, removable'",b'Up to 260 h (2G) / Up to 260 h (3G)',b'Up to 16 h (2G) / Up to 10 h 30 min (3G)',"b'Black, White, Bleen, Yellow, Fuschia, Coral, Violet'",,b'HSDPA 900 / 1900 / 2100',b'HSPA 21.1/5.76 Mbps',b'2 MP',b'',,"b'LED flash, HDR, panorama'",,,b'Android 4.4.2 (KitKat)',b'Mediatek MT6582 (28 nm)',b'Quad-core 1.3 GHz Cortex-A7',b'Mali-400MP2',,b'No',,b'0.47 W/kg (head) \xc2\xa0 \xc2\xa0 0.95 W/kg (body)',,,,,,,,
b'wiko',b'Wiko Rainbow 4G',b'https://fdn2.gsmarena.com/vv/bigpic/wiko-rainbow-4g.jpg',b'GSM / HSPA / LTE',b'GSM 850 / 900 / 1800 / 1900',,,"b'2014, September. Released 2014, November'",b'Discontinued',b'146 x 74 x 10 mm (5.75 x 2.91 x 0.39 in)',b'175 g (6.17 oz)',b'Micro-SIM',b'IPS LCD',"b'5.0 inches, 68.9 cm2 (~63.8% screen-to-body ratio)'","b'720 x 1280 pixels, 16:9 ratio (~294 ppi density)'",,b'microSDHC (dedicated slot)',,,b'8GB 1GB RAM',"b'8 MP, AF'",b'1080p@30fps',,"b'Yes, with stereo speakers'",,b'Yes',"b'Wi-Fi 802.11 b/g/n, hotspot'","b'4.0, A2DP'","b'Yes, with A-GPS'",b'FM radio',"b'microUSB 2.0, USB On-The-Go'","b'Accelerometer, proximity, compass'",,,,,,b'Li-Po 2500 mAh battery',b'Up to 200 h (2G) / Up to 200 h (3G)',b'Up to 18 h 40 min (2G) / Up to 11 h 45 min (3G)',"b'Black, White, Bleen, Yellow, Fuschia, Coral, Violet'",b'About 160 EUR',b'HSDPA 900 / 1900 / 2100',"b'HSPA 21.1/5.76 Mbps, LTE Cat4 150/50 Mbps'",b'2 MP',b'',,"b'LED flash, HDR, panorama'","b'3, 7, 20'",,b'Android 4.4.2 (KitKat)',b'Mediatek MT6582 (28 nm)',b'Quad-core 1.3 GHz Cortex-A7',b'Mali-400MP2',,b'No',,b'0.33 W/kg (head) \xc2\xa0 \xc2\xa0 0.65 W/kg (body)',,,,,,,,
b'wiko',b'Wiko Highway 4G',b'https://fdn2.gsmarena.com/vv/bigpic/wiko-highway-4g.jpg',b'GSM / HSPA / LTE',b'GSM 850 / 900 / 1800 / 1900',,,"b'2014, May. Released 2014, October'",b'Discontinued',b'144 x 70 x 7.3 mm (5.67 x 2.76 x 0.29 in)',b'143 g (5.04 oz)',b'Micro-SIM',b'IPS LCD',"b'5.0 inches, 68.9 cm2 (~68.4% screen-to-body ratio)'","b'1080 x 1920 pixels, 16:9 ratio (~441 ppi density)'",,b'No',,,b'16GB 2GB RAM',"b'16 MP, AF'",b'1920p@30fps',,"b'Yes, with stereo speakers'",,b'Yes',"b'Wi-Fi 802.11 a/b/g/n, dual-band, hotspot'","b'4.0, A2DP'","b'Yes, with A-GPS'",b'No',"b'microUSB 2.0, USB On-The-Go'","b'Accelerometer, gyro, proximity, compass'",,,,,,"b'Li-Ion 2350 mAh, non-removable'",b'Up to 140 h',b'Up to 17 h 30 min (2G) / Up to 14 h (3G)',"b'Black, White, Clementine, Purple, Electric blue'",b'About 300 EUR',b'HSDPA 900 / 1900 / 2100',"b'HSPA 21.1/5.76 Mbps, LTE Cat4 150/50 Mbps'",b'8 MP',b'1080p@30fps',,"b'LED flash, HDR, panorama'","b'3, 7, 20'",b'Dual Corning Gorilla Glass 2',b'Android 4.4.2 (KitKat)',b'Nvidia SL460N',b'Quad-core 2.0 GHz',b'ULP GeForce',,b'No',,,,,b'0.26 W/kg (head) \xc2\xa0 \xc2\xa0 0.74 W/kg (body)',,,,,
b'wiko',b'Wiko Highway Signs',b'https://fdn2.gsmarena.com/vv/bigpic/wiko-highway-signs.jpg',b'GSM / HSPA',b'GSM 850 / 900 / 1800 / 1900 - SIM 1 & SIM 2',,,"b'2014, September. Released 2014, October'",b'Discontinued',b'138 x 68 x 7.6 mm (5.43 x 2.68 x 0.30 in)',b'124 g (4.37 oz)',"b'Dual SIM (Micro-SIM/Nano-SIM, dual stand-by)'",b'IPS LCD',"b'4.7 inches, 60.9 cm2 (~64.9% screen-to-body ratio)'","b'720 x 1280 pixels, 16:9 ratio (~312 ppi density)'",,b'microSDHC',,,b'8GB 1GB RAM',"b'8 MP, AF'",b'720p@30fps',,"b'Yes, with stereo speakers'",,b'Yes',"b'Wi-Fi 802.11 a/b/g/n, dual-band, hotspot'","b'4.0, A2DP'","b'Yes, with A-GPS'",b'FM radio',"b'microUSB 2.0, USB On-The-Go'","b'Accelerometer, gyro, proximity, compass'",,,,,,"b'Li-Ion 2000 mAh, non-removable'",b'Up to 230 h',b'Up to 14 h 15 min (2G) / Up to 8 h 30 min (3G)',"b'White, Coral, Grey , Electric blue, Purple'",b'About 200 EUR',b'HSDPA 900 / 1900 / 2100',b'HSPA 21.1/5.76 Mbps',b'5 MP',b'',,"b'LED flash, HDR, panorama'",,b'Corning Gorilla Glass 2',b'Android 4.4.2 (KitKat)',b'Mediatek MT6592M (28 nm)',b'Octa-core 1.4 GHz Cortex-A7',b'Mali-450MP4',,b'No',,b'0.24 W/kg (head) \xc2\xa0 \xc2\xa0 0.37 W/kg (body)',,,b'0.24 W/kg (head) \xc2\xa0 \xc2\xa0 0.37 W/kg (body)',,,,,
b'wiko',b'Wiko Wax',b'https://fdn2.gsmarena.com/vv/bigpic/wiko-wax.jpg',b'GSM / HSPA / LTE',b'GSM 850 / 900 / 1800 / 1900',,,"b'2014, April. Released 2014, April'",b'Discontinued',b'140.1 x 67.5 x 8.8 mm (5.52 x 2.66 x 0.35 in)',b'119 g (4.20 oz)',b'Micro-SIM',b'IPS LCD',"b'4.7 inches, 60.9 cm2 (~64.4% screen-to-body ratio)'","b'720 x 1280 pixels, 16:9 ratio (~312 ppi density)'",,b'microSDHC (dedicated slot)',,,b'4GB 1GB RAM',"b'8 MP, AF'",b'1080p@30fps',,"b'Yes, with stereo speakers'",,b'Yes',b'Wi-Fi 802.11 b/g/n',"b'4.0, A2DP'","b'Yes, with A-GPS'",b'No',b'microUSB 2.0',"b'Accelerometer, proximity, compass'",,,,,,"b'Li-Ion 2000 mAh, removable'",b'Up to 162 h',b'Up to 14 h 50 min (2G) / Up to 8 h 40 min (3G)',"b'Black, White, Coral, Turquoise'",b'About 200 EUR',b'HSDPA 900 / 1900 / 2100',"b'HSPA, LTE Cat3 100/50 Mbps'",b'5 MP',b'',,"b'LED flash, HDR'","b'3, 7, 20'",b'Corning Gorilla Glass 2',"b'Android 4.3 (Jelly Bean), upgradable to 4.4.2 (KitKat)'",b'Nvidia Tegra 4i',b'Quad-core 1.7 GHz',,,b'No',b'C210AE',b'0.69 W/kg (head)',,,b'0.69 W/kg (head) \xc2\xa0 \xc2\xa0 0.89 W/kg (body)',,,,,
b'wiko',b'Wiko Highway',b'https://fdn2.gsmarena.com/vv/bigpic/wiko-highway.jpg',b'GSM / HSPA',b'GSM 850 / 900 / 1800 / 1900 - SIM 1 & SIM 2',,,"b'2014, January. Released 2014, February'",b'Discontinued',b'144 x 70 x 7.7 mm (5.67 x 2.76 x 0.30 in)',b'154 g (5.43 oz)',b'Dual SIM (Micro-SIM)',b'IPS LCD',"b'5.0 inches, 68.9 cm2 (~68.4% screen-to-body ratio)'","b'1080 x 1920 pixels, 16:9 ratio (~441 ppi density)'",,b'No',,,"b'16GB 2GB RAM, 32GB 2GB RAM'","b'16 MP, AF'",b'1080p@28fps',,"b'Yes, with stereo speakers'",,b'Yes',"b'Wi-Fi 802.11 b/g/n, Wi-Fi Direct, hotspot'","b'4.0, A2DP'","b'Yes, with A-GPS'",b'Stereo FM radio',"b'microUSB 2.0, USB On-The-Go'","b'Accelerometer, gyro, proximity, compass'",,,,,,"b'Li-Ion 2350 mAh, non-removable'",b'Up to 253 h',b'Up to 16 h 30 min (2G) / Up to 11 h 30 min (3G)',"b'Black, White, Blue Electric, Orange, Purple'",b'About 350 EUR',b'HSDPA 900 / 2100',b'HSPA 21.1/5.76 Mbps',b'8 MP',b'',,"b'LED flash, HDR'",,b'Corning Gorilla Glass 2',b'Android 4.4.2 (KitKat)',b'Mediatek MT6592 (28 nm)',b'Octa-core 2.0 GHz Cortex-A7',b'Mali-450MP4',,b'No',,b'0.20 W/kg (head)',,,b'0.20 W/kg (head) \xc2\xa0 \xc2\xa0 0.41 W/kg (body)',,,,,
